<Spedizione Cliente="Z0088629" Archivio="IDF1509000E_I.zip" Filename="IDF1509000E_I.xml" NumeroRaccomandate="33"><Raccomandata><nome_file>038465800_57_10.pdf</nome_file><codice_raccomandata>685632070211</codice_raccomandata><data_esito/><tipo_esito/><motivo_inesito>11</motivo_inesito><campo_aggiuntivo/><nome/><cognome/><indirizzo/><cap/><citta/><provincia/></Raccomandata><Raccomandata><nome_file>038465800_57_13.pdf</nome_file><codice_raccomandata>685632066955</codice_raccomandata><data_esito/><tipo_esito/><motivo_inesito>07</motivo_inesito><campo_aggiuntivo/><nome/><cognome/><indirizzo/><cap/><citta/><provincia/></Raccomandata><Raccomandata><nome_file>038465800_57_16.pdf</nome_file><codice_raccomandata>685632066135</codice_raccomandata><data_esito/><tipo_esito/><motivo_inesito>07</motivo_inesito><campo_aggiuntivo/><nome/><cognome/><indirizzo/><cap/><citta/><provincia/></Raccomandata><Raccomandata><nome_file>038465800_57_19.pdf</nome_file><codice_raccomandata>685632057794</codice_raccomandata><data_esito/><tipo_esito/><motivo_inesito>02</motivo_inesito><campo_aggiuntivo/><nome/><cognome/><indirizzo/><cap/><citta/><provincia/></Raccomandata><Raccomandata><nome_file>038465800_57_22.pdf</nome_file><codice_raccomandata>685632055554</codice_raccomandata><data_esito/><tipo_esito/><motivo_inesito>02</motivo_inesito><campo_aggiuntivo/><nome/><cognome/><indirizzo/><cap/><citta/><provincia/></Raccomandata><Raccomandata><nome_file>038465800_57_25.pdf</nome_file><codice_raccomandata>685632072279</codice_raccomandata><data_esito/><tipo_esito/><motivo_inesito>02</motivo_inesito><campo_aggiuntivo/><nome/><cognome/><indirizzo/><cap/><citta/><provincia/></Raccomandata><Raccomandata><nome_file>038465800_57_28.pdf</nome_file><codice_raccomandata>685632072213</codice_raccomandata><data_esito/><tipo_esito/><motivo_inesito>02</motivo_inesito><campo_aggiuntivo/><nome/><cognome/><indirizzo/><cap/><citta/><provincia/></Raccomandata><Raccomandata><nome_file>038465800_57_31.pdf</nome_file><codice_raccomandata>685632055325</codice_raccomandata><data_esito/><tipo_esito/><motivo_inesito>02</motivo_inesito><campo_aggiuntivo/><nome/><cognome/><indirizzo/><cap/><citta/><provincia/></Raccomandata><Raccomandata><nome_file>038465800_57_34.pdf</nome_file><codice_raccomandata>685632072020</codice_raccomandata><data_esito/><tipo_esito/><motivo_inesito>02</motivo_inesito><campo_aggiuntivo/><nome/><cognome/><indirizzo/><cap/><citta/><provincia/></Raccomandata><Raccomandata><nome_file>038465800_57_37.pdf</nome_file><codice_raccomandata>685631976477</codice_raccomandata><data_esito/><tipo_esito/><motivo_inesito>02</motivo_inesito><campo_aggiuntivo/><nome/><cognome/><indirizzo/><cap/><citta/><provincia/></Raccomandata><Raccomandata><nome_file>038465800_57_40.pdf</nome_file><codice_raccomandata>685632069960</codice_raccomandata><data_esito/><tipo_esito/><motivo_inesito>02</motivo_inesito><campo_aggiuntivo/><nome/><cognome/><indirizzo/><cap/><citta/><provincia/></Raccomandata><Raccomandata><nome_file>038465800_57_43.pdf</nome_file><codice_raccomandata>685632072452</codice_raccomandata><data_esito/><tipo_esito/><motivo_inesito>02</motivo_inesito><campo_aggiuntivo/><nome/><cognome/><indirizzo/><cap/><citta/><provincia/></Raccomandata><Raccomandata><nome_file>038465800_57_46.pdf</nome_file><codice_raccomandata>685632071143</codice_raccomandata><data_esito/><tipo_esito/><motivo_inesito>02</motivo_inesito><campo_aggiuntivo/><nome/><cognome/><indirizzo/><cap/><citta/><provincia/></Raccomandata><Raccomandata><nome_file>038465800_57_49.pdf</nome_file><codice_raccomandata>685632072235</codice_raccomandata><data_esito/><tipo_esito/><motivo_inesito>02</motivo_inesito><campo_aggiuntivo/><nome/><cognome/><indirizzo/><cap/><citta/><provincia/></Raccomandata><Raccomandata><nome_file>038465800_57_52.pdf</nome_file><codice_raccomandata>685632065636</codice_raccomandata><data_esito/><tipo_esito/><motivo_inesito>02</motivo_inesito><campo_aggiuntivo/><nome/><cognome/><indirizzo/><cap/><citta/><provincia/></Raccomandata><Raccomandata><nome_file>038465800_57_55.pdf</nome_file><codice_raccomandata>685632070518</codice_raccomandata><data_esito/><tipo_esito/><motivo_inesito>02</motivo_inesito><campo_aggiuntivo/><nome/><cognome/><indirizzo/><cap/><citta/><provincia/></Raccomandata><Raccomandata><nome_file>038465800_57_58.pdf</nome_file><codice_raccomandata>685631967338</codice_raccomandata><data_esito/><tipo_esito/><motivo_inesito>09</motivo_inesito><campo_aggiuntivo/><nome/><cognome/><indirizzo/><cap/><citta/><provincia/></Raccomandata><Raccomandata><nome_file>038465800_57_61.pdf</nome_file><codice_raccomandata>685632057738</codice_raccomandata><data_esito/><tipo_esito/><motivo_inesito>09</motivo_inesito><campo_aggiuntivo/><nome/><cognome/><indirizzo/><cap/><citta/><provincia/></Raccomandata><Raccomandata><nome_file>038465800_57_64.pdf</nome_file><codice_raccomandata>685632066124</codice_raccomandata><data_esito/><tipo_esito/><motivo_inesito>09</motivo_inesito><campo_aggiuntivo/><nome/><cognome/><indirizzo/><cap/><citta/><provincia/></Raccomandata><Raccomandata><nome_file>038465800_57_67.pdf</nome_file><codice_raccomandata>685632070654</codice_raccomandata><data_esito/><tipo_esito/><motivo_inesito>09</motivo_inesito><campo_aggiuntivo/><nome/><cognome/><indirizzo/><cap/><citta/><provincia/></Raccomandata><Raccomandata><nome_file>038465800_57_70.pdf</nome_file><codice_raccomandata>685631976386</codice_raccomandata><data_esito/><tipo_esito/><motivo_inesito>09</motivo_inesito><campo_aggiuntivo/><nome/><cognome/><indirizzo/><cap/><citta/><provincia/></Raccomandata><Raccomandata><nome_file>038465800_57_73.pdf</nome_file><codice_raccomandata>685632069914</codice_raccomandata><data_esito/><tipo_esito/><motivo_inesito>09</motivo_inesito><campo_aggiuntivo/><nome/><cognome/><indirizzo/><cap/><citta/><provincia/></Raccomandata><Raccomandata><nome_file>038465800_57_76.pdf</nome_file><codice_raccomandata>685632069264</codice_raccomandata><data_esito/><tipo_esito/><motivo_inesito>09</motivo_inesito><campo_aggiuntivo/><nome/><cognome/><indirizzo/><cap/><citta/><provincia/></Raccomandata><Raccomandata><nome_file>038465800_57_79.pdf</nome_file><codice_raccomandata>685632071735</codice_raccomandata><data_esito/><tipo_esito/><motivo_inesito>09</motivo_inesito><campo_aggiuntivo/><nome/><cognome/><indirizzo/><cap/><citta/><provincia/></Raccomandata><Raccomandata><nome_file>038465800_57_82.pdf</nome_file><codice_raccomandata>685632071894</codice_raccomandata><data_esito/><tipo_esito/><motivo_inesito>09</motivo_inesito><campo_aggiuntivo/><nome/><cognome/><indirizzo/><cap/><citta/><provincia/></Raccomandata><Raccomandata><nome_file>038465800_57_85.pdf</nome_file><codice_raccomandata>685632069309</codice_raccomandata><data_esito/><tipo_esito/><motivo_inesito>09</motivo_inesito><campo_aggiuntivo/><nome/><cognome/><indirizzo/><cap/><citta/><provincia/></Raccomandata><Raccomandata><nome_file>038465800_57_88.pdf</nome_file><codice_raccomandata>685632055736</codice_raccomandata><data_esito/><tipo_esito/><motivo_inesito>09</motivo_inesito><campo_aggiuntivo/><nome/><cognome/><indirizzo/><cap/><citta/><provincia/></Raccomandata><Raccomandata><nome_file>038465800_57_91.pdf</nome_file><codice_raccomandata>685632072361</codice_raccomandata><data_esito/><tipo_esito/><motivo_inesito>09</motivo_inesito><campo_aggiuntivo/><nome/><cognome/><indirizzo/><cap/><citta/><provincia/></Raccomandata><Raccomandata><nome_file>038465800_57_94.pdf</nome_file><codice_raccomandata>685632067411</codice_raccomandata><data_esito/><tipo_esito/><motivo_inesito>09</motivo_inesito><campo_aggiuntivo/><nome/><cognome/><indirizzo/><cap/><citta/><provincia/></Raccomandata><Raccomandata><nome_file>038465800_57_97.pdf</nome_file><codice_raccomandata>685632063496</codice_raccomandata><data_esito/><tipo_esito/><motivo_inesito>09</motivo_inesito><campo_aggiuntivo/><nome/><cognome/><indirizzo/><cap/><citta/><provincia/></Raccomandata><Raccomandata><nome_file>038465800_57_100.pdf</nome_file><codice_raccomandata>685632072257</codice_raccomandata><data_esito/><tipo_esito/><motivo_inesito>09</motivo_inesito><campo_aggiuntivo/><nome/><cognome/><indirizzo/><cap/><citta/><provincia/></Raccomandata><Raccomandata><nome_file>038465800_57_103.pdf</nome_file><codice_raccomandata>685632072407</codice_raccomandata><data_esito/><tipo_esito/><motivo_inesito>09</motivo_inesito><campo_aggiuntivo/><nome/><cognome/><indirizzo/><cap/><citta/><provincia/></Raccomandata><Raccomandata><nome_file>038465800_57_106.pdf</nome_file><codice_raccomandata>685632221783</codice_raccomandata><data_esito/><tipo_esito/><motivo_inesito>09</motivo_inesito><campo_aggiuntivo/><nome/><cognome/><indirizzo/><cap/><citta/><provincia/></Raccomandata></Spedizione>
