<Spedizione Cliente="Z0088629" Archivio="IDF1508000B_E.zip" Filename="IDF1508000B_E.xml" NumeroRaccomandate="275"><Raccomandata><nome_file>039209800_57_7.pdf</nome_file><codice_raccomandata>685632283036</codice_raccomandata><data_esito>23/10/2021</data_esito><tipo_esito/><motivo_inesito/><campo_aggiuntivo/><nome/><cognome/><indirizzo/><cap/><citta/><provincia/></Raccomandata><Raccomandata><nome_file>039209800_57_10.pdf</nome_file><codice_raccomandata>685632275276</codice_raccomandata><data_esito>27/10/2021</data_esito><tipo_esito/><motivo_inesito/><campo_aggiuntivo/><nome/><cognome/><indirizzo/><cap/><citta/><provincia/></Raccomandata><Raccomandata><nome_file>039209800_57_13.pdf</nome_file><codice_raccomandata>685632265330</codice_raccomandata><data_esito>22/10/2021</data_esito><tipo_esito/><motivo_inesito/><campo_aggiuntivo/><nome/><cognome/><indirizzo/><cap/><citta/><provincia/></Raccomandata><Raccomandata><nome_file>039209800_57_16.pdf</nome_file><codice_raccomandata>685632269927</codice_raccomandata><data_esito>20/10/2021</data_esito><tipo_esito/><motivo_inesito/><campo_aggiuntivo/><nome/><cognome/><indirizzo/><cap/><citta/><provincia/></Raccomandata><Raccomandata><nome_file>039209800_57_19.pdf</nome_file><codice_raccomandata>685632264409</codice_raccomandata><data_esito>20/10/2021</data_esito><tipo_esito/><motivo_inesito/><campo_aggiuntivo/><nome/><cognome/><indirizzo/><cap/><citta/><provincia/></Raccomandata><Raccomandata><nome_file>039209800_57_22.pdf</nome_file><codice_raccomandata>685632271658</codice_raccomandata><data_esito>21/10/2021</data_esito><tipo_esito/><motivo_inesito/><campo_aggiuntivo/><nome/><cognome/><indirizzo/><cap/><citta/><provincia/></Raccomandata><Raccomandata><nome_file>039209800_57_25.pdf</nome_file><codice_raccomandata>685632275025</codice_raccomandata><data_esito>25/10/2021</data_esito><tipo_esito/><motivo_inesito/><campo_aggiuntivo/><nome/><cognome/><indirizzo/><cap/><citta/><provincia/></Raccomandata><Raccomandata><nome_file>039209800_57_28.pdf</nome_file><codice_raccomandata>685632277302</codice_raccomandata><data_esito>25/10/2021</data_esito><tipo_esito/><motivo_inesito/><campo_aggiuntivo/><nome/><cognome/><indirizzo/><cap/><citta/><provincia/></Raccomandata><Raccomandata><nome_file>039209800_57_31.pdf</nome_file><codice_raccomandata>685632266798</codice_raccomandata><data_esito>22/10/2021</data_esito><tipo_esito/><motivo_inesito/><campo_aggiuntivo/><nome/><cognome/><indirizzo/><cap/><citta/><provincia/></Raccomandata><Raccomandata><nome_file>039209800_57_34.pdf</nome_file><codice_raccomandata>685632281422</codice_raccomandata><data_esito>15/10/2021</data_esito><tipo_esito/><motivo_inesito/><campo_aggiuntivo/><nome/><cognome/><indirizzo/><cap/><citta/><provincia/></Raccomandata><Raccomandata><nome_file>039209800_57_37.pdf</nome_file><codice_raccomandata>685632283504</codice_raccomandata><data_esito>22/10/2021</data_esito><tipo_esito/><motivo_inesito/><campo_aggiuntivo/><nome/><cognome/><indirizzo/><cap/><citta/><provincia/></Raccomandata><Raccomandata><nome_file>039209800_57_40.pdf</nome_file><codice_raccomandata>685632268687</codice_raccomandata><data_esito>19/10/2021</data_esito><tipo_esito/><motivo_inesito/><campo_aggiuntivo/><nome/><cognome/><indirizzo/><cap/><citta/><provincia/></Raccomandata><Raccomandata><nome_file>039209800_57_43.pdf</nome_file><codice_raccomandata>685632283082</codice_raccomandata><data_esito>19/10/2021</data_esito><tipo_esito/><motivo_inesito/><campo_aggiuntivo/><nome/><cognome/><indirizzo/><cap/><citta/><provincia/></Raccomandata><Raccomandata><nome_file>039209800_57_46.pdf</nome_file><codice_raccomandata>685632267982</codice_raccomandata><data_esito>19/10/2021</data_esito><tipo_esito/><motivo_inesito/><campo_aggiuntivo/><nome/><cognome/><indirizzo/><cap/><citta/><provincia/></Raccomandata><Raccomandata><nome_file>039209800_57_49.pdf</nome_file><codice_raccomandata>685632269314</codice_raccomandata><data_esito>19/10/2021</data_esito><tipo_esito/><motivo_inesito/><campo_aggiuntivo/><nome/><cognome/><indirizzo/><cap/><citta/><provincia/></Raccomandata><Raccomandata><nome_file>039209800_57_52.pdf</nome_file><codice_raccomandata>685632269005</codice_raccomandata><data_esito>19/10/2021</data_esito><tipo_esito/><motivo_inesito/><campo_aggiuntivo/><nome/><cognome/><indirizzo/><cap/><citta/><provincia/></Raccomandata><Raccomandata><nome_file>039209800_57_55.pdf</nome_file><codice_raccomandata>685632273547</codice_raccomandata><data_esito>19/10/2021</data_esito><tipo_esito/><motivo_inesito/><campo_aggiuntivo/><nome/><cognome/><indirizzo/><cap/><citta/><provincia/></Raccomandata><Raccomandata><nome_file>039209800_57_58.pdf</nome_file><codice_raccomandata>685632277905</codice_raccomandata><data_esito>19/10/2021</data_esito><tipo_esito/><motivo_inesito/><campo_aggiuntivo/><nome/><cognome/><indirizzo/><cap/><citta/><provincia/></Raccomandata><Raccomandata><nome_file>039209800_57_61.pdf</nome_file><codice_raccomandata>685632272397</codice_raccomandata><data_esito>23/10/2021</data_esito><tipo_esito/><motivo_inesito/><campo_aggiuntivo/><nome/><cognome/><indirizzo/><cap/><citta/><provincia/></Raccomandata><Raccomandata><nome_file>039209800_57_64.pdf</nome_file><codice_raccomandata>685632264842</codice_raccomandata><data_esito>19/10/2021</data_esito><tipo_esito/><motivo_inesito/><campo_aggiuntivo/><nome/><cognome/><indirizzo/><cap/><citta/><provincia/></Raccomandata><Raccomandata><nome_file>039209800_57_67.pdf</nome_file><codice_raccomandata>685632272922</codice_raccomandata><data_esito>19/10/2021</data_esito><tipo_esito/><motivo_inesito/><campo_aggiuntivo/><nome/><cognome/><indirizzo/><cap/><citta/><provincia/></Raccomandata><Raccomandata><nome_file>039209800_57_70.pdf</nome_file><codice_raccomandata>685632269847</codice_raccomandata><data_esito>19/10/2021</data_esito><tipo_esito/><motivo_inesito/><campo_aggiuntivo/><nome/><cognome/><indirizzo/><cap/><citta/><provincia/></Raccomandata><Raccomandata><nome_file>039209800_57_73.pdf</nome_file><codice_raccomandata>685632268094</codice_raccomandata><data_esito>19/10/2021</data_esito><tipo_esito/><motivo_inesito/><campo_aggiuntivo/><nome/><cognome/><indirizzo/><cap/><citta/><provincia/></Raccomandata><Raccomandata><nome_file>039209800_57_76.pdf</nome_file><codice_raccomandata>685632265114</codice_raccomandata><data_esito>19/10/2021</data_esito><tipo_esito/><motivo_inesito/><campo_aggiuntivo/><nome/><cognome/><indirizzo/><cap/><citta/><provincia/></Raccomandata><Raccomandata><nome_file>039209800_57_79.pdf</nome_file><codice_raccomandata>685632271783</codice_raccomandata><data_esito>27/10/2021</data_esito><tipo_esito/><motivo_inesito/><campo_aggiuntivo/><nome/><cognome/><indirizzo/><cap/><citta/><provincia/></Raccomandata><Raccomandata><nome_file>039209800_57_82.pdf</nome_file><codice_raccomandata>685632276233</codice_raccomandata><data_esito>23/10/2021</data_esito><tipo_esito/><motivo_inesito/><campo_aggiuntivo/><nome/><cognome/><indirizzo/><cap/><citta/><provincia/></Raccomandata><Raccomandata><nome_file>039209800_57_85.pdf</nome_file><codice_raccomandata>685632273912</codice_raccomandata><data_esito>23/10/2021</data_esito><tipo_esito/><motivo_inesito/><campo_aggiuntivo/><nome/><cognome/><indirizzo/><cap/><citta/><provincia/></Raccomandata><Raccomandata><nome_file>039209800_57_88.pdf</nome_file><codice_raccomandata>685632281763</codice_raccomandata><data_esito>23/10/2021</data_esito><tipo_esito/><motivo_inesito/><campo_aggiuntivo/><nome/><cognome/><indirizzo/><cap/><citta/><provincia/></Raccomandata><Raccomandata><nome_file>039209800_57_91.pdf</nome_file><codice_raccomandata>685632272648</codice_raccomandata><data_esito>20/10/2021</data_esito><tipo_esito/><motivo_inesito/><campo_aggiuntivo/><nome/><cognome/><indirizzo/><cap/><citta/><provincia/></Raccomandata><Raccomandata><nome_file>039209800_57_94.pdf</nome_file><codice_raccomandata>685632266035</codice_raccomandata><data_esito>21/10/2021</data_esito><tipo_esito/><motivo_inesito/><campo_aggiuntivo/><nome/><cognome/><indirizzo/><cap/><citta/><provincia/></Raccomandata><Raccomandata><nome_file>039209800_57_97.pdf</nome_file><codice_raccomandata>685632272135</codice_raccomandata><data_esito>30/10/2021</data_esito><tipo_esito/><motivo_inesito/><campo_aggiuntivo/><nome/><cognome/><indirizzo/><cap/><citta/><provincia/></Raccomandata><Raccomandata><nome_file>039209800_57_100.pdf</nome_file><codice_raccomandata>685632274605</codice_raccomandata><data_esito>27/10/2021</data_esito><tipo_esito/><motivo_inesito/><campo_aggiuntivo/><nome/><cognome/><indirizzo/><cap/><citta/><provincia/></Raccomandata><Raccomandata><nome_file>039209800_57_103.pdf</nome_file><codice_raccomandata>685632265536</codice_raccomandata><data_esito>02/11/2021</data_esito><tipo_esito/><motivo_inesito/><campo_aggiuntivo/><nome/><cognome/><indirizzo/><cap/><citta/><provincia/></Raccomandata><Raccomandata><nome_file>039209800_57_106.pdf</nome_file><codice_raccomandata>685632281411</codice_raccomandata><data_esito>03/11/2021</data_esito><tipo_esito/><motivo_inesito/><campo_aggiuntivo/><nome/><cognome/><indirizzo/><cap/><citta/><provincia/></Raccomandata><Raccomandata><nome_file>039209800_57_109.pdf</nome_file><codice_raccomandata>685632267856</codice_raccomandata><data_esito>05/11/2021</data_esito><tipo_esito/><motivo_inesito/><campo_aggiuntivo/><nome/><cognome/><indirizzo/><cap/><citta/><provincia/></Raccomandata><Raccomandata><nome_file>039209800_57_112.pdf</nome_file><codice_raccomandata>685632276573</codice_raccomandata><data_esito>08/11/2021</data_esito><tipo_esito/><motivo_inesito/><campo_aggiuntivo/><nome/><cognome/><indirizzo/><cap/><citta/><provincia/></Raccomandata><Raccomandata><nome_file>039209800_57_115.pdf</nome_file><codice_raccomandata>685632277175</codice_raccomandata><data_esito>02/11/2021</data_esito><tipo_esito/><motivo_inesito/><campo_aggiuntivo/><nome/><cognome/><indirizzo/><cap/><citta/><provincia/></Raccomandata><Raccomandata><nome_file>039209800_57_118.pdf</nome_file><codice_raccomandata>685632279429</codice_raccomandata><data_esito>02/11/2021</data_esito><tipo_esito/><motivo_inesito/><campo_aggiuntivo/><nome/><cognome/><indirizzo/><cap/><citta/><provincia/></Raccomandata><Raccomandata><nome_file>039209800_57_121.pdf</nome_file><codice_raccomandata>685632266628</codice_raccomandata><data_esito>04/11/2021</data_esito><tipo_esito/><motivo_inesito/><campo_aggiuntivo/><nome/><cognome/><indirizzo/><cap/><citta/><provincia/></Raccomandata><Raccomandata><nome_file>039209800_57_124.pdf</nome_file><codice_raccomandata>685632266046</codice_raccomandata><data_esito>03/11/2021</data_esito><tipo_esito/><motivo_inesito/><campo_aggiuntivo/><nome/><cognome/><indirizzo/><cap/><citta/><provincia/></Raccomandata><Raccomandata><nome_file>039209800_57_127.pdf</nome_file><codice_raccomandata>685632266537</codice_raccomandata><data_esito>02/11/2021</data_esito><tipo_esito/><motivo_inesito/><campo_aggiuntivo/><nome/><cognome/><indirizzo/><cap/><citta/><provincia/></Raccomandata><Raccomandata><nome_file>039209800_57_130.pdf</nome_file><codice_raccomandata>685632266002</codice_raccomandata><data_esito>09/11/2021</data_esito><tipo_esito/><motivo_inesito/><campo_aggiuntivo/><nome/><cognome/><indirizzo/><cap/><citta/><provincia/></Raccomandata><Raccomandata><nome_file>039209800_57_133.pdf</nome_file><codice_raccomandata>685632263498</codice_raccomandata><data_esito>02/11/2021</data_esito><tipo_esito/><motivo_inesito/><campo_aggiuntivo/><nome/><cognome/><indirizzo/><cap/><citta/><provincia/></Raccomandata><Raccomandata><nome_file>039209800_57_136.pdf</nome_file><codice_raccomandata>685632274764</codice_raccomandata><data_esito>19/10/2021</data_esito><tipo_esito/><motivo_inesito/><campo_aggiuntivo/><nome/><cognome/><indirizzo/><cap/><citta/><provincia/></Raccomandata><Raccomandata><nome_file>039209800_57_139.pdf</nome_file><codice_raccomandata>685632275470</codice_raccomandata><data_esito>20/10/2021</data_esito><tipo_esito/><motivo_inesito/><campo_aggiuntivo/><nome/><cognome/><indirizzo/><cap/><citta/><provincia/></Raccomandata><Raccomandata><nome_file>039209800_57_142.pdf</nome_file><codice_raccomandata>685632267367</codice_raccomandata><data_esito>29/10/2021</data_esito><tipo_esito/><motivo_inesito/><campo_aggiuntivo/><nome/><cognome/><indirizzo/><cap/><citta/><provincia/></Raccomandata><Raccomandata><nome_file>039209800_57_145.pdf</nome_file><codice_raccomandata>685632264259</codice_raccomandata><data_esito>04/11/2021</data_esito><tipo_esito/><motivo_inesito/><campo_aggiuntivo/><nome/><cognome/><indirizzo/><cap/><citta/><provincia/></Raccomandata><Raccomandata><nome_file>039209800_57_148.pdf</nome_file><codice_raccomandata>685632265661</codice_raccomandata><data_esito>02/11/2021</data_esito><tipo_esito/><motivo_inesito/><campo_aggiuntivo/><nome/><cognome/><indirizzo/><cap/><citta/><provincia/></Raccomandata><Raccomandata><nome_file>039209800_57_151.pdf</nome_file><codice_raccomandata>685632280820</codice_raccomandata><data_esito>03/11/2021</data_esito><tipo_esito/><motivo_inesito/><campo_aggiuntivo/><nome/><cognome/><indirizzo/><cap/><citta/><provincia/></Raccomandata><Raccomandata><nome_file>039209800_57_154.pdf</nome_file><codice_raccomandata>685632277632</codice_raccomandata><data_esito>30/10/2021</data_esito><tipo_esito/><motivo_inesito/><campo_aggiuntivo/><nome/><cognome/><indirizzo/><cap/><citta/><provincia/></Raccomandata><Raccomandata><nome_file>039209800_57_157.pdf</nome_file><codice_raccomandata>685632266399</codice_raccomandata><data_esito>02/11/2021</data_esito><tipo_esito/><motivo_inesito/><campo_aggiuntivo/><nome/><cognome/><indirizzo/><cap/><citta/><provincia/></Raccomandata><Raccomandata><nome_file>039209800_57_160.pdf</nome_file><codice_raccomandata>685632279782</codice_raccomandata><data_esito>27/10/2021</data_esito><tipo_esito/><motivo_inesito/><campo_aggiuntivo/><nome/><cognome/><indirizzo/><cap/><citta/><provincia/></Raccomandata><Raccomandata><nome_file>039209800_57_163.pdf</nome_file><codice_raccomandata>685632276608</codice_raccomandata><data_esito>25/10/2021</data_esito><tipo_esito/><motivo_inesito/><campo_aggiuntivo/><nome/><cognome/><indirizzo/><cap/><citta/><provincia/></Raccomandata><Raccomandata><nome_file>039209800_57_166.pdf</nome_file><codice_raccomandata>685632265249</codice_raccomandata><data_esito>20/10/2021</data_esito><tipo_esito/><motivo_inesito/><campo_aggiuntivo/><nome/><cognome/><indirizzo/><cap/><citta/><provincia/></Raccomandata><Raccomandata><nome_file>039209800_57_169.pdf</nome_file><codice_raccomandata>685632263476</codice_raccomandata><data_esito>04/11/2021</data_esito><tipo_esito/><motivo_inesito/><campo_aggiuntivo/><nome/><cognome/><indirizzo/><cap/><citta/><provincia/></Raccomandata><Raccomandata><nome_file>039209800_57_172.pdf</nome_file><codice_raccomandata>685632278096</codice_raccomandata><data_esito>20/10/2021</data_esito><tipo_esito/><motivo_inesito/><campo_aggiuntivo/><nome/><cognome/><indirizzo/><cap/><citta/><provincia/></Raccomandata><Raccomandata><nome_file>039209800_57_175.pdf</nome_file><codice_raccomandata>685632276802</codice_raccomandata><data_esito>25/10/2021</data_esito><tipo_esito/><motivo_inesito/><campo_aggiuntivo/><nome/><cognome/><indirizzo/><cap/><citta/><provincia/></Raccomandata><Raccomandata><nome_file>039209800_57_178.pdf</nome_file><codice_raccomandata>685632276789</codice_raccomandata><data_esito>28/10/2021</data_esito><tipo_esito/><motivo_inesito/><campo_aggiuntivo/><nome/><cognome/><indirizzo/><cap/><citta/><provincia/></Raccomandata><Raccomandata><nome_file>039209800_57_181.pdf</nome_file><codice_raccomandata>685632272716</codice_raccomandata><data_esito>08/11/2021</data_esito><tipo_esito/><motivo_inesito/><campo_aggiuntivo/><nome/><cognome/><indirizzo/><cap/><citta/><provincia/></Raccomandata><Raccomandata><nome_file>039209800_57_184.pdf</nome_file><codice_raccomandata>685632276868</codice_raccomandata><data_esito>22/10/2021</data_esito><tipo_esito/><motivo_inesito/><campo_aggiuntivo/><nome/><cognome/><indirizzo/><cap/><citta/><provincia/></Raccomandata><Raccomandata><nome_file>039209800_57_187.pdf</nome_file><codice_raccomandata>685632281387</codice_raccomandata><data_esito>25/10/2021</data_esito><tipo_esito/><motivo_inesito/><campo_aggiuntivo/><nome/><cognome/><indirizzo/><cap/><citta/><provincia/></Raccomandata><Raccomandata><nome_file>039209800_57_190.pdf</nome_file><codice_raccomandata>685632280818</codice_raccomandata><data_esito>21/10/2021</data_esito><tipo_esito/><motivo_inesito/><campo_aggiuntivo/><nome/><cognome/><indirizzo/><cap/><citta/><provincia/></Raccomandata><Raccomandata><nome_file>039209800_57_193.pdf</nome_file><codice_raccomandata>685632272330</codice_raccomandata><data_esito>30/10/2021</data_esito><tipo_esito/><motivo_inesito/><campo_aggiuntivo/><nome/><cognome/><indirizzo/><cap/><citta/><provincia/></Raccomandata><Raccomandata><nome_file>039209800_57_196.pdf</nome_file><codice_raccomandata>685632276506</codice_raccomandata><data_esito>25/10/2021</data_esito><tipo_esito/><motivo_inesito/><campo_aggiuntivo/><nome/><cognome/><indirizzo/><cap/><citta/><provincia/></Raccomandata><Raccomandata><nome_file>039209800_57_199.pdf</nome_file><codice_raccomandata>685632264283</codice_raccomandata><data_esito>28/10/2021</data_esito><tipo_esito/><motivo_inesito/><campo_aggiuntivo/><nome/><cognome/><indirizzo/><cap/><citta/><provincia/></Raccomandata><Raccomandata><nome_file>039209800_57_202.pdf</nome_file><codice_raccomandata>685632274571</codice_raccomandata><data_esito>20/10/2021</data_esito><tipo_esito/><motivo_inesito/><campo_aggiuntivo/><nome/><cognome/><indirizzo/><cap/><citta/><provincia/></Raccomandata><Raccomandata><nome_file>039209800_57_205.pdf</nome_file><codice_raccomandata>685632279338</codice_raccomandata><data_esito>23/10/2021</data_esito><tipo_esito/><motivo_inesito/><campo_aggiuntivo/><nome/><cognome/><indirizzo/><cap/><citta/><provincia/></Raccomandata><Raccomandata><nome_file>039209800_57_208.pdf</nome_file><codice_raccomandata>685632275925</codice_raccomandata><data_esito>20/10/2021</data_esito><tipo_esito/><motivo_inesito/><campo_aggiuntivo/><nome/><cognome/><indirizzo/><cap/><citta/><provincia/></Raccomandata><Raccomandata><nome_file>039209800_57_211.pdf</nome_file><codice_raccomandata>685632276733</codice_raccomandata><data_esito>25/10/2021</data_esito><tipo_esito/><motivo_inesito/><campo_aggiuntivo/><nome/><cognome/><indirizzo/><cap/><citta/><provincia/></Raccomandata><Raccomandata><nome_file>039209800_57_214.pdf</nome_file><codice_raccomandata>685632274457</codice_raccomandata><data_esito>20/10/2021</data_esito><tipo_esito/><motivo_inesito/><campo_aggiuntivo/><nome/><cognome/><indirizzo/><cap/><citta/><provincia/></Raccomandata><Raccomandata><nome_file>039209800_57_217.pdf</nome_file><codice_raccomandata>685632276277</codice_raccomandata><data_esito>23/10/2021</data_esito><tipo_esito/><motivo_inesito/><campo_aggiuntivo/><nome/><cognome/><indirizzo/><cap/><citta/><provincia/></Raccomandata><Raccomandata><nome_file>039209800_57_220.pdf</nome_file><codice_raccomandata>685632266355</codice_raccomandata><data_esito>23/10/2021</data_esito><tipo_esito/><motivo_inesito/><campo_aggiuntivo/><nome/><cognome/><indirizzo/><cap/><citta/><provincia/></Raccomandata><Raccomandata><nome_file>039209800_57_223.pdf</nome_file><codice_raccomandata>685632266491</codice_raccomandata><data_esito>02/11/2021</data_esito><tipo_esito/><motivo_inesito/><campo_aggiuntivo/><nome/><cognome/><indirizzo/><cap/><citta/><provincia/></Raccomandata><Raccomandata><nome_file>039209800_57_226.pdf</nome_file><codice_raccomandata>685632276426</codice_raccomandata><data_esito>23/10/2021</data_esito><tipo_esito/><motivo_inesito/><campo_aggiuntivo/><nome/><cognome/><indirizzo/><cap/><citta/><provincia/></Raccomandata><Raccomandata><nome_file>039209800_57_229.pdf</nome_file><codice_raccomandata>685632267195</codice_raccomandata><data_esito>28/10/2021</data_esito><tipo_esito/><motivo_inesito/><campo_aggiuntivo/><nome/><cognome/><indirizzo/><cap/><citta/><provincia/></Raccomandata><Raccomandata><nome_file>039209800_57_232.pdf</nome_file><codice_raccomandata>685632276722</codice_raccomandata><data_esito>25/10/2021</data_esito><tipo_esito/><motivo_inesito/><campo_aggiuntivo/><nome/><cognome/><indirizzo/><cap/><citta/><provincia/></Raccomandata><Raccomandata><nome_file>039209800_57_235.pdf</nome_file><codice_raccomandata>685632271453</codice_raccomandata><data_esito>21/10/2021</data_esito><tipo_esito/><motivo_inesito/><campo_aggiuntivo/><nome/><cognome/><indirizzo/><cap/><citta/><provincia/></Raccomandata><Raccomandata><nome_file>039209800_57_238.pdf</nome_file><codice_raccomandata>685632279543</codice_raccomandata><data_esito>28/10/2021</data_esito><tipo_esito/><motivo_inesito/><campo_aggiuntivo/><nome/><cognome/><indirizzo/><cap/><citta/><provincia/></Raccomandata><Raccomandata><nome_file>039209800_57_241.pdf</nome_file><codice_raccomandata>685632272055</codice_raccomandata><data_esito>23/10/2021</data_esito><tipo_esito/><motivo_inesito/><campo_aggiuntivo/><nome/><cognome/><indirizzo/><cap/><citta/><provincia/></Raccomandata><Raccomandata><nome_file>039209800_57_244.pdf</nome_file><codice_raccomandata>685632274833</codice_raccomandata><data_esito>20/10/2021</data_esito><tipo_esito/><motivo_inesito/><campo_aggiuntivo/><nome/><cognome/><indirizzo/><cap/><citta/><provincia/></Raccomandata><Raccomandata><nome_file>039209800_57_247.pdf</nome_file><codice_raccomandata>685632283856</codice_raccomandata><data_esito>19/10/2021</data_esito><tipo_esito/><motivo_inesito/><campo_aggiuntivo/><nome/><cognome/><indirizzo/><cap/><citta/><provincia/></Raccomandata><Raccomandata><nome_file>039209800_57_250.pdf</nome_file><codice_raccomandata>685632266377</codice_raccomandata><data_esito>26/10/2021</data_esito><tipo_esito/><motivo_inesito/><campo_aggiuntivo/><nome/><cognome/><indirizzo/><cap/><citta/><provincia/></Raccomandata><Raccomandata><nome_file>039209800_57_253.pdf</nome_file><codice_raccomandata>685632275834</codice_raccomandata><data_esito>18/10/2021</data_esito><tipo_esito/><motivo_inesito/><campo_aggiuntivo/><nome/><cognome/><indirizzo/><cap/><citta/><provincia/></Raccomandata><Raccomandata><nome_file>039209800_57_256.pdf</nome_file><codice_raccomandata>685632264535</codice_raccomandata><data_esito>21/10/2021</data_esito><tipo_esito/><motivo_inesito/><campo_aggiuntivo/><nome/><cognome/><indirizzo/><cap/><citta/><provincia/></Raccomandata><Raccomandata><nome_file>039209800_57_259.pdf</nome_file><codice_raccomandata>685632275413</codice_raccomandata><data_esito>22/10/2021</data_esito><tipo_esito/><motivo_inesito/><campo_aggiuntivo/><nome/><cognome/><indirizzo/><cap/><citta/><provincia/></Raccomandata><Raccomandata><nome_file>039209800_57_262.pdf</nome_file><codice_raccomandata>685632276152</codice_raccomandata><data_esito>22/10/2021</data_esito><tipo_esito/><motivo_inesito/><campo_aggiuntivo/><nome/><cognome/><indirizzo/><cap/><citta/><provincia/></Raccomandata><Raccomandata><nome_file>039209800_57_265.pdf</nome_file><codice_raccomandata>685632274435</codice_raccomandata><data_esito>23/10/2021</data_esito><tipo_esito/><motivo_inesito/><campo_aggiuntivo/><nome/><cognome/><indirizzo/><cap/><citta/><provincia/></Raccomandata><Raccomandata><nome_file>039209800_57_268.pdf</nome_file><codice_raccomandata>685632277723</codice_raccomandata><data_esito>20/10/2021</data_esito><tipo_esito/><motivo_inesito/><campo_aggiuntivo/><nome/><cognome/><indirizzo/><cap/><citta/><provincia/></Raccomandata><Raccomandata><nome_file>039209800_57_271.pdf</nome_file><codice_raccomandata>685632265899</codice_raccomandata><data_esito>23/10/2021</data_esito><tipo_esito/><motivo_inesito/><campo_aggiuntivo/><nome/><cognome/><indirizzo/><cap/><citta/><provincia/></Raccomandata><Raccomandata><nome_file>039209800_57_274.pdf</nome_file><codice_raccomandata>685632279269</codice_raccomandata><data_esito>23/10/2021</data_esito><tipo_esito/><motivo_inesito/><campo_aggiuntivo/><nome/><cognome/><indirizzo/><cap/><citta/><provincia/></Raccomandata><Raccomandata><nome_file>039209800_57_277.pdf</nome_file><codice_raccomandata>685632265887</codice_raccomandata><data_esito>23/10/2021</data_esito><tipo_esito/><motivo_inesito/><campo_aggiuntivo/><nome/><cognome/><indirizzo/><cap/><citta/><provincia/></Raccomandata><Raccomandata><nome_file>039209800_57_280.pdf</nome_file><codice_raccomandata>685632273489</codice_raccomandata><data_esito>23/10/2021</data_esito><tipo_esito/><motivo_inesito/><campo_aggiuntivo/><nome/><cognome/><indirizzo/><cap/><citta/><provincia/></Raccomandata><Raccomandata><nome_file>039209800_57_283.pdf</nome_file><codice_raccomandata>685632283925</codice_raccomandata><data_esito>21/10/2021</data_esito><tipo_esito/><motivo_inesito/><campo_aggiuntivo/><nome/><cognome/><indirizzo/><cap/><citta/><provincia/></Raccomandata><Raccomandata><nome_file>039209800_57_286.pdf</nome_file><codice_raccomandata>685632263511</codice_raccomandata><data_esito>23/10/2021</data_esito><tipo_esito/><motivo_inesito/><campo_aggiuntivo/><nome/><cognome/><indirizzo/><cap/><citta/><provincia/></Raccomandata><Raccomandata><nome_file>039209800_57_289.pdf</nome_file><codice_raccomandata>685632278815</codice_raccomandata><data_esito>21/10/2021</data_esito><tipo_esito/><motivo_inesito/><campo_aggiuntivo/><nome/><cognome/><indirizzo/><cap/><citta/><provincia/></Raccomandata><Raccomandata><nome_file>039209800_57_292.pdf</nome_file><codice_raccomandata>685632269563</codice_raccomandata><data_esito>27/10/2021</data_esito><tipo_esito/><motivo_inesito/><campo_aggiuntivo/><nome/><cognome/><indirizzo/><cap/><citta/><provincia/></Raccomandata><Raccomandata><nome_file>039209800_57_295.pdf</nome_file><codice_raccomandata>685632275036</codice_raccomandata><data_esito>25/10/2021</data_esito><tipo_esito/><motivo_inesito/><campo_aggiuntivo/><nome/><cognome/><indirizzo/><cap/><citta/><provincia/></Raccomandata><Raccomandata><nome_file>039209800_57_298.pdf</nome_file><codice_raccomandata>685632279760</codice_raccomandata><data_esito>27/10/2021</data_esito><tipo_esito/><motivo_inesito/><campo_aggiuntivo/><nome/><cognome/><indirizzo/><cap/><citta/><provincia/></Raccomandata><Raccomandata><nome_file>039209800_57_301.pdf</nome_file><codice_raccomandata>685632266800</codice_raccomandata><data_esito>22/10/2021</data_esito><tipo_esito/><motivo_inesito/><campo_aggiuntivo/><nome/><cognome/><indirizzo/><cap/><citta/><provincia/></Raccomandata><Raccomandata><nome_file>039209800_57_304.pdf</nome_file><codice_raccomandata>685632278063</codice_raccomandata><data_esito>25/10/2021</data_esito><tipo_esito/><motivo_inesito/><campo_aggiuntivo/><nome/><cognome/><indirizzo/><cap/><citta/><provincia/></Raccomandata><Raccomandata><nome_file>039209800_57_307.pdf</nome_file><codice_raccomandata>685632276835</codice_raccomandata><data_esito>26/10/2021</data_esito><tipo_esito/><motivo_inesito/><campo_aggiuntivo/><nome/><cognome/><indirizzo/><cap/><citta/><provincia/></Raccomandata><Raccomandata><nome_file>039209800_57_310.pdf</nome_file><codice_raccomandata>685632279383</codice_raccomandata><data_esito>23/10/2021</data_esito><tipo_esito/><motivo_inesito/><campo_aggiuntivo/><nome/><cognome/><indirizzo/><cap/><citta/><provincia/></Raccomandata><Raccomandata><nome_file>039209800_57_313.pdf</nome_file><codice_raccomandata>685632279997</codice_raccomandata><data_esito>21/10/2021</data_esito><tipo_esito/><motivo_inesito/><campo_aggiuntivo/><nome/><cognome/><indirizzo/><cap/><citta/><provincia/></Raccomandata><Raccomandata><nome_file>039209800_57_316.pdf</nome_file><codice_raccomandata>685632272248</codice_raccomandata><data_esito>23/10/2021</data_esito><tipo_esito/><motivo_inesito/><campo_aggiuntivo/><nome/><cognome/><indirizzo/><cap/><citta/><provincia/></Raccomandata><Raccomandata><nome_file>039209800_57_319.pdf</nome_file><codice_raccomandata>685632274240</codice_raccomandata><data_esito>21/10/2021</data_esito><tipo_esito/><motivo_inesito/><campo_aggiuntivo/><nome/><cognome/><indirizzo/><cap/><citta/><provincia/></Raccomandata><Raccomandata><nome_file>039209800_57_322.pdf</nome_file><codice_raccomandata>685632275436</codice_raccomandata><data_esito>22/10/2021</data_esito><tipo_esito/><motivo_inesito/><campo_aggiuntivo/><nome/><cognome/><indirizzo/><cap/><citta/><provincia/></Raccomandata><Raccomandata><nome_file>039209800_57_325.pdf</nome_file><codice_raccomandata>685632263932</codice_raccomandata><data_esito>22/10/2021</data_esito><tipo_esito/><motivo_inesito/><campo_aggiuntivo/><nome/><cognome/><indirizzo/><cap/><citta/><provincia/></Raccomandata><Raccomandata><nome_file>039209800_57_328.pdf</nome_file><codice_raccomandata>685632275014</codice_raccomandata><data_esito>20/10/2021</data_esito><tipo_esito/><motivo_inesito/><campo_aggiuntivo/><nome/><cognome/><indirizzo/><cap/><citta/><provincia/></Raccomandata><Raccomandata><nome_file>039209800_57_331.pdf</nome_file><codice_raccomandata>685632275787</codice_raccomandata><data_esito>22/10/2021</data_esito><tipo_esito/><motivo_inesito/><campo_aggiuntivo/><nome/><cognome/><indirizzo/><cap/><citta/><provincia/></Raccomandata><Raccomandata><nome_file>039209800_57_334.pdf</nome_file><codice_raccomandata>685632281296</codice_raccomandata><data_esito>20/10/2021</data_esito><tipo_esito/><motivo_inesito/><campo_aggiuntivo/><nome/><cognome/><indirizzo/><cap/><citta/><provincia/></Raccomandata><Raccomandata><nome_file>039209800_57_337.pdf</nome_file><codice_raccomandata>685632264044</codice_raccomandata><data_esito>20/10/2021</data_esito><tipo_esito/><motivo_inesito/><campo_aggiuntivo/><nome/><cognome/><indirizzo/><cap/><citta/><provincia/></Raccomandata><Raccomandata><nome_file>039209800_57_340.pdf</nome_file><codice_raccomandata>685632274924</codice_raccomandata><data_esito>21/10/2021</data_esito><tipo_esito/><motivo_inesito/><campo_aggiuntivo/><nome/><cognome/><indirizzo/><cap/><citta/><provincia/></Raccomandata><Raccomandata><nome_file>039209800_57_343.pdf</nome_file><codice_raccomandata>685632265489</codice_raccomandata><data_esito>23/10/2021</data_esito><tipo_esito/><motivo_inesito/><campo_aggiuntivo/><nome/><cognome/><indirizzo/><cap/><citta/><provincia/></Raccomandata><Raccomandata><nome_file>039209800_57_346.pdf</nome_file><codice_raccomandata>685632264170</codice_raccomandata><data_esito>25/10/2021</data_esito><tipo_esito/><motivo_inesito/><campo_aggiuntivo/><nome/><cognome/><indirizzo/><cap/><citta/><provincia/></Raccomandata><Raccomandata><nome_file>039209800_57_349.pdf</nome_file><codice_raccomandata>685632276459</codice_raccomandata><data_esito>25/10/2021</data_esito><tipo_esito/><motivo_inesito/><campo_aggiuntivo/><nome/><cognome/><indirizzo/><cap/><citta/><provincia/></Raccomandata><Raccomandata><nome_file>039209800_57_352.pdf</nome_file><codice_raccomandata>685632277197</codice_raccomandata><data_esito>25/10/2021</data_esito><tipo_esito/><motivo_inesito/><campo_aggiuntivo/><nome/><cognome/><indirizzo/><cap/><citta/><provincia/></Raccomandata><Raccomandata><nome_file>039209800_57_355.pdf</nome_file><codice_raccomandata>685632276174</codice_raccomandata><data_esito>21/10/2021</data_esito><tipo_esito/><motivo_inesito/><campo_aggiuntivo/><nome/><cognome/><indirizzo/><cap/><citta/><provincia/></Raccomandata><Raccomandata><nome_file>039209800_57_358.pdf</nome_file><codice_raccomandata>685632276642</codice_raccomandata><data_esito>25/10/2021</data_esito><tipo_esito/><motivo_inesito/><campo_aggiuntivo/><nome/><cognome/><indirizzo/><cap/><citta/><provincia/></Raccomandata><Raccomandata><nome_file>039209800_57_361.pdf</nome_file><codice_raccomandata>685632275867</codice_raccomandata><data_esito>21/10/2021</data_esito><tipo_esito/><motivo_inesito/><campo_aggiuntivo/><nome/><cognome/><indirizzo/><cap/><citta/><provincia/></Raccomandata><Raccomandata><nome_file>039209800_57_364.pdf</nome_file><codice_raccomandata>685632263818</codice_raccomandata><data_esito>22/10/2021</data_esito><tipo_esito/><motivo_inesito/><campo_aggiuntivo/><nome/><cognome/><indirizzo/><cap/><citta/><provincia/></Raccomandata><Raccomandata><nome_file>039209800_57_367.pdf</nome_file><codice_raccomandata>685632277882</codice_raccomandata><data_esito>22/10/2021</data_esito><tipo_esito/><motivo_inesito/><campo_aggiuntivo/><nome/><cognome/><indirizzo/><cap/><citta/><provincia/></Raccomandata><Raccomandata><nome_file>039209800_57_370.pdf</nome_file><codice_raccomandata>685632269369</codice_raccomandata><data_esito>19/10/2021</data_esito><tipo_esito/><motivo_inesito/><campo_aggiuntivo/><nome/><cognome/><indirizzo/><cap/><citta/><provincia/></Raccomandata><Raccomandata><nome_file>039209800_57_373.pdf</nome_file><codice_raccomandata>685632264011</codice_raccomandata><data_esito>19/10/2021</data_esito><tipo_esito/><motivo_inesito/><campo_aggiuntivo/><nome/><cognome/><indirizzo/><cap/><citta/><provincia/></Raccomandata><Raccomandata><nome_file>039209800_57_376.pdf</nome_file><codice_raccomandata>685632264000</codice_raccomandata><data_esito>19/10/2021</data_esito><tipo_esito/><motivo_inesito/><campo_aggiuntivo/><nome/><cognome/><indirizzo/><cap/><citta/><provincia/></Raccomandata><Raccomandata><nome_file>039209800_57_379.pdf</nome_file><codice_raccomandata>685632265160</codice_raccomandata><data_esito>19/10/2021</data_esito><tipo_esito/><motivo_inesito/><campo_aggiuntivo/><nome/><cognome/><indirizzo/><cap/><citta/><provincia/></Raccomandata><Raccomandata><nome_file>039209800_57_382.pdf</nome_file><codice_raccomandata>685632269039</codice_raccomandata><data_esito>19/10/2021</data_esito><tipo_esito/><motivo_inesito/><campo_aggiuntivo/><nome/><cognome/><indirizzo/><cap/><citta/><provincia/></Raccomandata><Raccomandata><nome_file>039209800_57_385.pdf</nome_file><codice_raccomandata>685632280523</codice_raccomandata><data_esito>19/10/2021</data_esito><tipo_esito/><motivo_inesito/><campo_aggiuntivo/><nome/><cognome/><indirizzo/><cap/><citta/><provincia/></Raccomandata><Raccomandata><nome_file>039209800_57_388.pdf</nome_file><codice_raccomandata>685632272603</codice_raccomandata><data_esito>20/10/2021</data_esito><tipo_esito/><motivo_inesito/><campo_aggiuntivo/><nome/><cognome/><indirizzo/><cap/><citta/><provincia/></Raccomandata><Raccomandata><nome_file>039209800_57_391.pdf</nome_file><codice_raccomandata>685632270645</codice_raccomandata><data_esito>19/10/2021</data_esito><tipo_esito/><motivo_inesito/><campo_aggiuntivo/><nome/><cognome/><indirizzo/><cap/><citta/><provincia/></Raccomandata><Raccomandata><nome_file>039209800_57_394.pdf</nome_file><codice_raccomandata>685632283071</codice_raccomandata><data_esito>19/10/2021</data_esito><tipo_esito/><motivo_inesito/><campo_aggiuntivo/><nome/><cognome/><indirizzo/><cap/><citta/><provincia/></Raccomandata><Raccomandata><nome_file>039209800_57_397.pdf</nome_file><codice_raccomandata>685632274548</codice_raccomandata><data_esito>19/10/2021</data_esito><tipo_esito/><motivo_inesito/><campo_aggiuntivo/><nome/><cognome/><indirizzo/><cap/><citta/><provincia/></Raccomandata><Raccomandata><nome_file>039209800_57_400.pdf</nome_file><codice_raccomandata>685632277392</codice_raccomandata><data_esito>25/10/2021</data_esito><tipo_esito/><motivo_inesito/><campo_aggiuntivo/><nome/><cognome/><indirizzo/><cap/><citta/><provincia/></Raccomandata><Raccomandata><nome_file>039209800_57_403.pdf</nome_file><codice_raccomandata>685632265810</codice_raccomandata><data_esito>23/10/2021</data_esito><tipo_esito/><motivo_inesito/><campo_aggiuntivo/><nome/><cognome/><indirizzo/><cap/><citta/><provincia/></Raccomandata><Raccomandata><nome_file>039209800_57_406.pdf</nome_file><codice_raccomandata>685632274148</codice_raccomandata><data_esito>20/10/2021</data_esito><tipo_esito/><motivo_inesito/><campo_aggiuntivo/><nome/><cognome/><indirizzo/><cap/><citta/><provincia/></Raccomandata><Raccomandata><nome_file>039209800_57_409.pdf</nome_file><codice_raccomandata>685632275583</codice_raccomandata><data_esito>20/10/2021</data_esito><tipo_esito/><motivo_inesito/><campo_aggiuntivo/><nome/><cognome/><indirizzo/><cap/><citta/><provincia/></Raccomandata><Raccomandata><nome_file>039209800_57_412.pdf</nome_file><codice_raccomandata>685632277836</codice_raccomandata><data_esito>20/10/2021</data_esito><tipo_esito/><motivo_inesito/><campo_aggiuntivo/><nome/><cognome/><indirizzo/><cap/><citta/><provincia/></Raccomandata><Raccomandata><nome_file>039209800_57_415.pdf</nome_file><codice_raccomandata>685632264421</codice_raccomandata><data_esito>20/10/2021</data_esito><tipo_esito/><motivo_inesito/><campo_aggiuntivo/><nome/><cognome/><indirizzo/><cap/><citta/><provincia/></Raccomandata><Raccomandata><nome_file>039209800_57_418.pdf</nome_file><codice_raccomandata>685632274503</codice_raccomandata><data_esito>02/11/2021</data_esito><tipo_esito/><motivo_inesito/><campo_aggiuntivo/><nome/><cognome/><indirizzo/><cap/><citta/><provincia/></Raccomandata><Raccomandata><nome_file>039209800_57_421.pdf</nome_file><codice_raccomandata>685632267184</codice_raccomandata><data_esito>02/11/2021</data_esito><tipo_esito/><motivo_inesito/><campo_aggiuntivo/><nome/><cognome/><indirizzo/><cap/><citta/><provincia/></Raccomandata><Raccomandata><nome_file>039209800_57_424.pdf</nome_file><codice_raccomandata>685632265809</codice_raccomandata><data_esito>02/11/2021</data_esito><tipo_esito/><motivo_inesito/><campo_aggiuntivo/><nome/><cognome/><indirizzo/><cap/><citta/><provincia/></Raccomandata><Raccomandata><nome_file>039209800_57_427.pdf</nome_file><codice_raccomandata>685632281169</codice_raccomandata><data_esito>28/10/2021</data_esito><tipo_esito/><motivo_inesito/><campo_aggiuntivo/><nome/><cognome/><indirizzo/><cap/><citta/><provincia/></Raccomandata><Raccomandata><nome_file>039209800_57_430.pdf</nome_file><codice_raccomandata>685632267732</codice_raccomandata><data_esito>28/10/2021</data_esito><tipo_esito/><motivo_inesito/><campo_aggiuntivo/><nome/><cognome/><indirizzo/><cap/><citta/><provincia/></Raccomandata><Raccomandata><nome_file>039209800_57_433.pdf</nome_file><codice_raccomandata>685632266115</codice_raccomandata><data_esito>02/11/2021</data_esito><tipo_esito/><motivo_inesito/><campo_aggiuntivo/><nome/><cognome/><indirizzo/><cap/><citta/><provincia/></Raccomandata><Raccomandata><nome_file>039209800_57_436.pdf</nome_file><codice_raccomandata>685632276948</codice_raccomandata><data_esito>30/10/2021</data_esito><tipo_esito/><motivo_inesito/><campo_aggiuntivo/><nome/><cognome/><indirizzo/><cap/><citta/><provincia/></Raccomandata><Raccomandata><nome_file>039209800_57_439.pdf</nome_file><codice_raccomandata>685632282753</codice_raccomandata><data_esito>19/10/2021</data_esito><tipo_esito/><motivo_inesito/><campo_aggiuntivo/><nome/><cognome/><indirizzo/><cap/><citta/><provincia/></Raccomandata><Raccomandata><nome_file>039209800_57_442.pdf</nome_file><codice_raccomandata>685632266571</codice_raccomandata><data_esito>28/10/2021</data_esito><tipo_esito/><motivo_inesito/><campo_aggiuntivo/><nome/><cognome/><indirizzo/><cap/><citta/><provincia/></Raccomandata><Raccomandata><nome_file>039209800_57_445.pdf</nome_file><codice_raccomandata>617886872479</codice_raccomandata><data_esito>20/10/2021</data_esito><tipo_esito/><motivo_inesito/><campo_aggiuntivo/><nome/><cognome/><indirizzo/><cap/><citta/><provincia/></Raccomandata><Raccomandata><nome_file>039209800_57_448.pdf</nome_file><codice_raccomandata>685632263420</codice_raccomandata><data_esito>21/10/2021</data_esito><tipo_esito/><motivo_inesito/><campo_aggiuntivo/><nome/><cognome/><indirizzo/><cap/><citta/><provincia/></Raccomandata><Raccomandata><nome_file>039209800_57_451.pdf</nome_file><codice_raccomandata>685632279554</codice_raccomandata><data_esito>23/10/2021</data_esito><tipo_esito/><motivo_inesito/><campo_aggiuntivo/><nome/><cognome/><indirizzo/><cap/><citta/><provincia/></Raccomandata><Raccomandata><nome_file>039209800_57_454.pdf</nome_file><codice_raccomandata>685632276528</codice_raccomandata><data_esito>25/10/2021</data_esito><tipo_esito/><motivo_inesito/><campo_aggiuntivo/><nome/><cognome/><indirizzo/><cap/><citta/><provincia/></Raccomandata><Raccomandata><nome_file>039209800_57_457.pdf</nome_file><codice_raccomandata>685632271465</codice_raccomandata><data_esito>30/10/2021</data_esito><tipo_esito/><motivo_inesito/><campo_aggiuntivo/><nome/><cognome/><indirizzo/><cap/><citta/><provincia/></Raccomandata><Raccomandata><nome_file>039209800_57_460.pdf</nome_file><codice_raccomandata>685632276813</codice_raccomandata><data_esito>23/10/2021</data_esito><tipo_esito/><motivo_inesito/><campo_aggiuntivo/><nome/><cognome/><indirizzo/><cap/><citta/><provincia/></Raccomandata><Raccomandata><nome_file>039209800_57_463.pdf</nome_file><codice_raccomandata>685632272568</codice_raccomandata><data_esito>19/10/2021</data_esito><tipo_esito/><motivo_inesito/><campo_aggiuntivo/><nome/><cognome/><indirizzo/><cap/><citta/><provincia/></Raccomandata><Raccomandata><nome_file>039209800_57_466.pdf</nome_file><codice_raccomandata>685632271613</codice_raccomandata><data_esito>28/10/2021</data_esito><tipo_esito/><motivo_inesito/><campo_aggiuntivo/><nome/><cognome/><indirizzo/><cap/><citta/><provincia/></Raccomandata><Raccomandata><nome_file>039209800_57_469.pdf</nome_file><codice_raccomandata>685632280659</codice_raccomandata><data_esito>28/10/2021</data_esito><tipo_esito/><motivo_inesito/><campo_aggiuntivo/><nome/><cognome/><indirizzo/><cap/><citta/><provincia/></Raccomandata><Raccomandata><nome_file>039209800_57_472.pdf</nome_file><codice_raccomandata>685632272307</codice_raccomandata><data_esito>02/11/2021</data_esito><tipo_esito/><motivo_inesito/><campo_aggiuntivo/><nome/><cognome/><indirizzo/><cap/><citta/><provincia/></Raccomandata><Raccomandata><nome_file>039209800_57_475.pdf</nome_file><codice_raccomandata>685632266708</codice_raccomandata><data_esito>03/11/2021</data_esito><tipo_esito/><motivo_inesito/><campo_aggiuntivo/><nome/><cognome/><indirizzo/><cap/><citta/><provincia/></Raccomandata><Raccomandata><nome_file>039209800_57_478.pdf</nome_file><codice_raccomandata>685632277597</codice_raccomandata><data_esito>28/10/2021</data_esito><tipo_esito/><motivo_inesito/><campo_aggiuntivo/><nome/><cognome/><indirizzo/><cap/><citta/><provincia/></Raccomandata><Raccomandata><nome_file>039209800_57_481.pdf</nome_file><codice_raccomandata>685632276094</codice_raccomandata><data_esito>28/10/2021</data_esito><tipo_esito/><motivo_inesito/><campo_aggiuntivo/><nome/><cognome/><indirizzo/><cap/><citta/><provincia/></Raccomandata><Raccomandata><nome_file>039209800_57_484.pdf</nome_file><codice_raccomandata>685632266104</codice_raccomandata><data_esito>02/11/2021</data_esito><tipo_esito/><motivo_inesito/><campo_aggiuntivo/><nome/><cognome/><indirizzo/><cap/><citta/><provincia/></Raccomandata><Raccomandata><nome_file>039209800_57_487.pdf</nome_file><codice_raccomandata>685632266150</codice_raccomandata><data_esito>02/11/2021</data_esito><tipo_esito/><motivo_inesito/><campo_aggiuntivo/><nome/><cognome/><indirizzo/><cap/><citta/><provincia/></Raccomandata><Raccomandata><nome_file>039209800_57_490.pdf</nome_file><codice_raccomandata>685632270133</codice_raccomandata><data_esito>20/10/2021</data_esito><tipo_esito/><motivo_inesito/><campo_aggiuntivo/><nome/><cognome/><indirizzo/><cap/><citta/><provincia/></Raccomandata><Raccomandata><nome_file>039209800_57_493.pdf</nome_file><codice_raccomandata>685632277234</codice_raccomandata><data_esito>20/10/2021</data_esito><tipo_esito/><motivo_inesito/><campo_aggiuntivo/><nome/><cognome/><indirizzo/><cap/><citta/><provincia/></Raccomandata><Raccomandata><nome_file>039209800_57_496.pdf</nome_file><codice_raccomandata>685632277767</codice_raccomandata><data_esito>25/10/2021</data_esito><tipo_esito/><motivo_inesito/><campo_aggiuntivo/><nome/><cognome/><indirizzo/><cap/><citta/><provincia/></Raccomandata><Raccomandata><nome_file>039209800_57_499.pdf</nome_file><codice_raccomandata>685632263487</codice_raccomandata><data_esito>03/11/2021</data_esito><tipo_esito/><motivo_inesito/><campo_aggiuntivo/><nome/><cognome/><indirizzo/><cap/><citta/><provincia/></Raccomandata><Raccomandata><nome_file>039209800_57_502.pdf</nome_file><codice_raccomandata>685632284232</codice_raccomandata><data_esito>02/11/2021</data_esito><tipo_esito/><motivo_inesito/><campo_aggiuntivo/><nome/><cognome/><indirizzo/><cap/><citta/><provincia/></Raccomandata><Raccomandata><nome_file>039209800_57_505.pdf</nome_file><codice_raccomandata>685632276777</codice_raccomandata><data_esito>28/10/2021</data_esito><tipo_esito/><motivo_inesito/><campo_aggiuntivo/><nome/><cognome/><indirizzo/><cap/><citta/><provincia/></Raccomandata><Raccomandata><nome_file>039209800_57_508.pdf</nome_file><codice_raccomandata>685632269299</codice_raccomandata><data_esito>03/11/2021</data_esito><tipo_esito/><motivo_inesito/><campo_aggiuntivo/><nome/><cognome/><indirizzo/><cap/><citta/><provincia/></Raccomandata><Raccomandata><nome_file>039209800_57_511.pdf</nome_file><codice_raccomandata>685632275607</codice_raccomandata><data_esito>02/11/2021</data_esito><tipo_esito/><motivo_inesito/><campo_aggiuntivo/><nome/><cognome/><indirizzo/><cap/><citta/><provincia/></Raccomandata><Raccomandata><nome_file>039209800_57_514.pdf</nome_file><codice_raccomandata>685632277118</codice_raccomandata><data_esito>04/11/2021</data_esito><tipo_esito/><motivo_inesito/><campo_aggiuntivo/><nome/><cognome/><indirizzo/><cap/><citta/><provincia/></Raccomandata><Raccomandata><nome_file>039209800_57_517.pdf</nome_file><codice_raccomandata>685632265978</codice_raccomandata><data_esito>02/11/2021</data_esito><tipo_esito/><motivo_inesito/><campo_aggiuntivo/><nome/><cognome/><indirizzo/><cap/><citta/><provincia/></Raccomandata><Raccomandata><nome_file>039209800_57_520.pdf</nome_file><codice_raccomandata>685632277038</codice_raccomandata><data_esito>26/10/2021</data_esito><tipo_esito/><motivo_inesito/><campo_aggiuntivo/><nome/><cognome/><indirizzo/><cap/><citta/><provincia/></Raccomandata><Raccomandata><nome_file>039209800_57_523.pdf</nome_file><codice_raccomandata>685632267127</codice_raccomandata><data_esito>06/11/2021</data_esito><tipo_esito/><motivo_inesito/><campo_aggiuntivo/><nome/><cognome/><indirizzo/><cap/><citta/><provincia/></Raccomandata><Raccomandata><nome_file>039209800_57_526.pdf</nome_file><codice_raccomandata>685632275447</codice_raccomandata><data_esito>05/11/2021</data_esito><tipo_esito/><motivo_inesito/><campo_aggiuntivo/><nome/><cognome/><indirizzo/><cap/><citta/><provincia/></Raccomandata><Raccomandata><nome_file>039209800_57_529.pdf</nome_file><codice_raccomandata>685632277643</codice_raccomandata><data_esito>30/10/2021</data_esito><tipo_esito/><motivo_inesito/><campo_aggiuntivo/><nome/><cognome/><indirizzo/><cap/><citta/><provincia/></Raccomandata><Raccomandata><nome_file>039209800_57_532.pdf</nome_file><codice_raccomandata>685632278757</codice_raccomandata><data_esito>08/11/2021</data_esito><tipo_esito/><motivo_inesito/><campo_aggiuntivo/><nome/><cognome/><indirizzo/><cap/><citta/><provincia/></Raccomandata><Raccomandata><nome_file>039209800_57_535.pdf</nome_file><codice_raccomandata>685632278279</codice_raccomandata><data_esito>23/10/2021</data_esito><tipo_esito/><motivo_inesito/><campo_aggiuntivo/><nome/><cognome/><indirizzo/><cap/><citta/><provincia/></Raccomandata><Raccomandata><nome_file>039209800_57_538.pdf</nome_file><codice_raccomandata>685632263545</codice_raccomandata><data_esito>02/11/2021</data_esito><tipo_esito/><motivo_inesito/><campo_aggiuntivo/><nome/><cognome/><indirizzo/><cap/><citta/><provincia/></Raccomandata><Raccomandata><nome_file>039209800_57_541.pdf</nome_file><codice_raccomandata>685632281478</codice_raccomandata><data_esito>25/10/2021</data_esito><tipo_esito/><motivo_inesito/><campo_aggiuntivo/><nome/><cognome/><indirizzo/><cap/><citta/><provincia/></Raccomandata><Raccomandata><nome_file>039209800_57_544.pdf</nome_file><codice_raccomandata>685632277780</codice_raccomandata><data_esito>02/11/2021</data_esito><tipo_esito/><motivo_inesito/><campo_aggiuntivo/><nome/><cognome/><indirizzo/><cap/><citta/><provincia/></Raccomandata><Raccomandata><nome_file>039209800_57_547.pdf</nome_file><codice_raccomandata>685632281808</codice_raccomandata><data_esito>30/10/2021</data_esito><tipo_esito/><motivo_inesito/><campo_aggiuntivo/><nome/><cognome/><indirizzo/><cap/><citta/><provincia/></Raccomandata><Raccomandata><nome_file>039209800_57_550.pdf</nome_file><codice_raccomandata>685632274786</codice_raccomandata><data_esito>09/11/2021</data_esito><tipo_esito/><motivo_inesito/><campo_aggiuntivo/><nome/><cognome/><indirizzo/><cap/><citta/><provincia/></Raccomandata><Raccomandata><nome_file>039209800_57_553.pdf</nome_file><codice_raccomandata>685632268072</codice_raccomandata><data_esito>02/11/2021</data_esito><tipo_esito/><motivo_inesito/><campo_aggiuntivo/><nome/><cognome/><indirizzo/><cap/><citta/><provincia/></Raccomandata><Raccomandata><nome_file>039209800_57_556.pdf</nome_file><codice_raccomandata>685632279703</codice_raccomandata><data_esito>02/11/2021</data_esito><tipo_esito/><motivo_inesito/><campo_aggiuntivo/><nome/><cognome/><indirizzo/><cap/><citta/><provincia/></Raccomandata><Raccomandata><nome_file>039209800_57_559.pdf</nome_file><codice_raccomandata>685632266606</codice_raccomandata><data_esito>21/10/2021</data_esito><tipo_esito/><motivo_inesito/><campo_aggiuntivo/><nome/><cognome/><indirizzo/><cap/><citta/><provincia/></Raccomandata><Raccomandata><nome_file>039209800_57_562.pdf</nome_file><codice_raccomandata>685632277267</codice_raccomandata><data_esito>25/10/2021</data_esito><tipo_esito/><motivo_inesito/><campo_aggiuntivo/><nome/><cognome/><indirizzo/><cap/><citta/><provincia/></Raccomandata><Raccomandata><nome_file>039209800_57_565.pdf</nome_file><codice_raccomandata>685632266285</codice_raccomandata><data_esito>23/10/2021</data_esito><tipo_esito/><motivo_inesito/><campo_aggiuntivo/><nome/><cognome/><indirizzo/><cap/><citta/><provincia/></Raccomandata><Raccomandata><nome_file>039209800_57_568.pdf</nome_file><codice_raccomandata>685632266308</codice_raccomandata><data_esito>23/10/2021</data_esito><tipo_esito/><motivo_inesito/><campo_aggiuntivo/><nome/><cognome/><indirizzo/><cap/><citta/><provincia/></Raccomandata><Raccomandata><nome_file>039209800_57_571.pdf</nome_file><codice_raccomandata>685632279020</codice_raccomandata><data_esito>23/10/2021</data_esito><tipo_esito/><motivo_inesito/><campo_aggiuntivo/><nome/><cognome/><indirizzo/><cap/><citta/><provincia/></Raccomandata><Raccomandata><nome_file>039209800_57_574.pdf</nome_file><codice_raccomandata>685632266640</codice_raccomandata><data_esito>21/10/2021</data_esito><tipo_esito/><motivo_inesito/><campo_aggiuntivo/><nome/><cognome/><indirizzo/><cap/><citta/><provincia/></Raccomandata><Raccomandata><nome_file>039209800_57_577.pdf</nome_file><codice_raccomandata>685632275696</codice_raccomandata><data_esito>22/10/2021</data_esito><tipo_esito/><motivo_inesito/><campo_aggiuntivo/><nome/><cognome/><indirizzo/><cap/><citta/><provincia/></Raccomandata><Raccomandata><nome_file>039209800_57_580.pdf</nome_file><codice_raccomandata>685632268254</codice_raccomandata><data_esito>20/10/2021</data_esito><tipo_esito/><motivo_inesito/><campo_aggiuntivo/><nome/><cognome/><indirizzo/><cap/><citta/><provincia/></Raccomandata><Raccomandata><nome_file>039209800_57_583.pdf</nome_file><codice_raccomandata>685632271715</codice_raccomandata><data_esito>21/10/2021</data_esito><tipo_esito/><motivo_inesito/><campo_aggiuntivo/><nome/><cognome/><indirizzo/><cap/><citta/><provincia/></Raccomandata><Raccomandata><nome_file>039209800_57_586.pdf</nome_file><codice_raccomandata>685632268471</codice_raccomandata><data_esito>26/10/2021</data_esito><tipo_esito/><motivo_inesito/><campo_aggiuntivo/><nome/><cognome/><indirizzo/><cap/><citta/><provincia/></Raccomandata><Raccomandata><nome_file>039209800_57_589.pdf</nome_file><codice_raccomandata>685632269938</codice_raccomandata><data_esito>20/10/2021</data_esito><tipo_esito/><motivo_inesito/><campo_aggiuntivo/><nome/><cognome/><indirizzo/><cap/><citta/><provincia/></Raccomandata><Raccomandata><nome_file>039209800_57_592.pdf</nome_file><codice_raccomandata>685632282946</codice_raccomandata><data_esito>23/10/2021</data_esito><tipo_esito/><motivo_inesito/><campo_aggiuntivo/><nome/><cognome/><indirizzo/><cap/><citta/><provincia/></Raccomandata><Raccomandata><nome_file>039209800_57_595.pdf</nome_file><codice_raccomandata>685632280330</codice_raccomandata><data_esito>19/10/2021</data_esito><tipo_esito/><motivo_inesito/><campo_aggiuntivo/><nome/><cognome/><indirizzo/><cap/><citta/><provincia/></Raccomandata><Raccomandata><nome_file>039209800_57_598.pdf</nome_file><codice_raccomandata>685632275958</codice_raccomandata><data_esito>23/10/2021</data_esito><tipo_esito/><motivo_inesito/><campo_aggiuntivo/><nome/><cognome/><indirizzo/><cap/><citta/><provincia/></Raccomandata><Raccomandata><nome_file>039209800_57_601.pdf</nome_file><codice_raccomandata>685632265752</codice_raccomandata><data_esito>23/10/2021</data_esito><tipo_esito/><motivo_inesito/><campo_aggiuntivo/><nome/><cognome/><indirizzo/><cap/><citta/><provincia/></Raccomandata><Raccomandata><nome_file>039209800_57_604.pdf</nome_file><codice_raccomandata>685632274695</codice_raccomandata><data_esito>23/10/2021</data_esito><tipo_esito/><motivo_inesito/><campo_aggiuntivo/><nome/><cognome/><indirizzo/><cap/><citta/><provincia/></Raccomandata><Raccomandata><nome_file>039209800_57_607.pdf</nome_file><codice_raccomandata>685632266503</codice_raccomandata><data_esito>04/11/2021</data_esito><tipo_esito/><motivo_inesito/><campo_aggiuntivo/><nome/><cognome/><indirizzo/><cap/><citta/><provincia/></Raccomandata><Raccomandata><nome_file>039209800_57_610.pdf</nome_file><codice_raccomandata>685632265525</codice_raccomandata><data_esito>02/11/2021</data_esito><tipo_esito/><motivo_inesito/><campo_aggiuntivo/><nome/><cognome/><indirizzo/><cap/><citta/><provincia/></Raccomandata><Raccomandata><nome_file>039209800_57_613.pdf</nome_file><codice_raccomandata>685632266024</codice_raccomandata><data_esito>03/11/2021</data_esito><tipo_esito/><motivo_inesito/><campo_aggiuntivo/><nome/><cognome/><indirizzo/><cap/><citta/><provincia/></Raccomandata><Raccomandata><nome_file>039209800_57_616.pdf</nome_file><codice_raccomandata>685632281319</codice_raccomandata><data_esito>04/11/2021</data_esito><tipo_esito/><motivo_inesito/><campo_aggiuntivo/><nome/><cognome/><indirizzo/><cap/><citta/><provincia/></Raccomandata><Raccomandata><nome_file>039209800_57_619.pdf</nome_file><codice_raccomandata>685632267572</codice_raccomandata><data_esito>05/11/2021</data_esito><tipo_esito/><motivo_inesito/><campo_aggiuntivo/><nome/><cognome/><indirizzo/><cap/><citta/><provincia/></Raccomandata><Raccomandata><nome_file>039209800_57_622.pdf</nome_file><codice_raccomandata>685632264499</codice_raccomandata><data_esito>20/10/2021</data_esito><tipo_esito/><motivo_inesito/><campo_aggiuntivo/><nome/><cognome/><indirizzo/><cap/><citta/><provincia/></Raccomandata><Raccomandata><nome_file>039209800_57_625.pdf</nome_file><codice_raccomandata>685632268106</codice_raccomandata><data_esito>20/10/2021</data_esito><tipo_esito/><motivo_inesito/><campo_aggiuntivo/><nome/><cognome/><indirizzo/><cap/><citta/><provincia/></Raccomandata><Raccomandata><nome_file>039209800_57_628.pdf</nome_file><codice_raccomandata>685632280077</codice_raccomandata><data_esito>20/10/2021</data_esito><tipo_esito/><motivo_inesito/><campo_aggiuntivo/><nome/><cognome/><indirizzo/><cap/><citta/><provincia/></Raccomandata><Raccomandata><nome_file>039209800_57_631.pdf</nome_file><codice_raccomandata>685632281274</codice_raccomandata><data_esito>20/10/2021</data_esito><tipo_esito/><motivo_inesito/><campo_aggiuntivo/><nome/><cognome/><indirizzo/><cap/><citta/><provincia/></Raccomandata><Raccomandata><nome_file>039209800_57_634.pdf</nome_file><codice_raccomandata>685632281262</codice_raccomandata><data_esito>20/10/2021</data_esito><tipo_esito/><motivo_inesito/><campo_aggiuntivo/><nome/><cognome/><indirizzo/><cap/><citta/><provincia/></Raccomandata><Raccomandata><nome_file>039209800_57_637.pdf</nome_file><codice_raccomandata>685632269780</codice_raccomandata><data_esito>20/10/2021</data_esito><tipo_esito/><motivo_inesito/><campo_aggiuntivo/><nome/><cognome/><indirizzo/><cap/><citta/><provincia/></Raccomandata><Raccomandata><nome_file>039209800_57_640.pdf</nome_file><codice_raccomandata>685632282720</codice_raccomandata><data_esito>19/10/2021</data_esito><tipo_esito/><motivo_inesito/><campo_aggiuntivo/><nome/><cognome/><indirizzo/><cap/><citta/><provincia/></Raccomandata><Raccomandata><nome_file>039209800_57_643.pdf</nome_file><codice_raccomandata>685632263910</codice_raccomandata><data_esito>19/10/2021</data_esito><tipo_esito/><motivo_inesito/><campo_aggiuntivo/><nome/><cognome/><indirizzo/><cap/><citta/><provincia/></Raccomandata><Raccomandata><nome_file>039209800_57_646.pdf</nome_file><codice_raccomandata>685632279838</codice_raccomandata><data_esito>20/10/2021</data_esito><tipo_esito/><motivo_inesito/><campo_aggiuntivo/><nome/><cognome/><indirizzo/><cap/><citta/><provincia/></Raccomandata><Raccomandata><nome_file>039209800_57_649.pdf</nome_file><codice_raccomandata>685632277416</codice_raccomandata><data_esito>20/10/2021</data_esito><tipo_esito/><motivo_inesito/><campo_aggiuntivo/><nome/><cognome/><indirizzo/><cap/><citta/><provincia/></Raccomandata><Raccomandata><nome_file>039209800_57_652.pdf</nome_file><codice_raccomandata>685632269893</codice_raccomandata><data_esito>20/10/2021</data_esito><tipo_esito/><motivo_inesito/><campo_aggiuntivo/><nome/><cognome/><indirizzo/><cap/><citta/><provincia/></Raccomandata><Raccomandata><nome_file>039209800_57_655.pdf</nome_file><codice_raccomandata>685632264386</codice_raccomandata><data_esito>20/10/2021</data_esito><tipo_esito/><motivo_inesito/><campo_aggiuntivo/><nome/><cognome/><indirizzo/><cap/><citta/><provincia/></Raccomandata><Raccomandata><nome_file>039209800_57_658.pdf</nome_file><codice_raccomandata>685632284904</codice_raccomandata><data_esito>20/10/2021</data_esito><tipo_esito/><motivo_inesito/><campo_aggiuntivo/><nome/><cognome/><indirizzo/><cap/><citta/><provincia/></Raccomandata><Raccomandata><nome_file>039209800_57_661.pdf</nome_file><codice_raccomandata>685632277712</codice_raccomandata><data_esito>20/10/2021</data_esito><tipo_esito/><motivo_inesito/><campo_aggiuntivo/><nome/><cognome/><indirizzo/><cap/><citta/><provincia/></Raccomandata><Raccomandata><nome_file>039209800_57_664.pdf</nome_file><codice_raccomandata>685632270166</codice_raccomandata><data_esito>20/10/2021</data_esito><tipo_esito/><motivo_inesito/><campo_aggiuntivo/><nome/><cognome/><indirizzo/><cap/><citta/><provincia/></Raccomandata><Raccomandata><nome_file>039209800_57_667.pdf</nome_file><codice_raccomandata>685632270293</codice_raccomandata><data_esito>20/10/2021</data_esito><tipo_esito/><motivo_inesito/><campo_aggiuntivo/><nome/><cognome/><indirizzo/><cap/><citta/><provincia/></Raccomandata><Raccomandata><nome_file>039209800_57_670.pdf</nome_file><codice_raccomandata>685632270155</codice_raccomandata><data_esito>20/10/2021</data_esito><tipo_esito/><motivo_inesito/><campo_aggiuntivo/><nome/><cognome/><indirizzo/><cap/><citta/><provincia/></Raccomandata><Raccomandata><nome_file>039209800_57_673.pdf</nome_file><codice_raccomandata>685632274035</codice_raccomandata><data_esito>20/10/2021</data_esito><tipo_esito/><motivo_inesito/><campo_aggiuntivo/><nome/><cognome/><indirizzo/><cap/><citta/><provincia/></Raccomandata><Raccomandata><nome_file>039209800_57_676.pdf</nome_file><codice_raccomandata>685632279827</codice_raccomandata><data_esito>20/10/2021</data_esito><tipo_esito/><motivo_inesito/><campo_aggiuntivo/><nome/><cognome/><indirizzo/><cap/><citta/><provincia/></Raccomandata><Raccomandata><nome_file>039209800_57_679.pdf</nome_file><codice_raccomandata>685632273649</codice_raccomandata><data_esito>20/10/2021</data_esito><tipo_esito/><motivo_inesito/><campo_aggiuntivo/><nome/><cognome/><indirizzo/><cap/><citta/><provincia/></Raccomandata><Raccomandata><nome_file>039209800_57_682.pdf</nome_file><codice_raccomandata>685632269973</codice_raccomandata><data_esito>20/10/2021</data_esito><tipo_esito/><motivo_inesito/><campo_aggiuntivo/><nome/><cognome/><indirizzo/><cap/><citta/><provincia/></Raccomandata><Raccomandata><nome_file>039209800_57_685.pdf</nome_file><codice_raccomandata>685632264181</codice_raccomandata><data_esito>20/10/2021</data_esito><tipo_esito/><motivo_inesito/><campo_aggiuntivo/><nome/><cognome/><indirizzo/><cap/><citta/><provincia/></Raccomandata><Raccomandata><nome_file>039209800_57_688.pdf</nome_file><codice_raccomandata>685632279349</codice_raccomandata><data_esito>20/10/2021</data_esito><tipo_esito/><motivo_inesito/><campo_aggiuntivo/><nome/><cognome/><indirizzo/><cap/><citta/><provincia/></Raccomandata><Raccomandata><nome_file>039209800_57_691.pdf</nome_file><codice_raccomandata>685632268869</codice_raccomandata><data_esito>20/10/2021</data_esito><tipo_esito/><motivo_inesito/><campo_aggiuntivo/><nome/><cognome/><indirizzo/><cap/><citta/><provincia/></Raccomandata><Raccomandata><nome_file>039209800_57_694.pdf</nome_file><codice_raccomandata>685632276448</codice_raccomandata><data_esito>20/10/2021</data_esito><tipo_esito/><motivo_inesito/><campo_aggiuntivo/><nome/><cognome/><indirizzo/><cap/><citta/><provincia/></Raccomandata><Raccomandata><nome_file>039209800_57_697.pdf</nome_file><codice_raccomandata>685632282651</codice_raccomandata><data_esito>20/10/2021</data_esito><tipo_esito/><motivo_inesito/><campo_aggiuntivo/><nome/><cognome/><indirizzo/><cap/><citta/><provincia/></Raccomandata><Raccomandata><nome_file>039209800_57_700.pdf</nome_file><codice_raccomandata>685632270279</codice_raccomandata><data_esito>20/10/2021</data_esito><tipo_esito/><motivo_inesito/><campo_aggiuntivo/><nome/><cognome/><indirizzo/><cap/><citta/><provincia/></Raccomandata><Raccomandata><nome_file>039209800_57_703.pdf</nome_file><codice_raccomandata>685632278520</codice_raccomandata><data_esito>20/10/2021</data_esito><tipo_esito/><motivo_inesito/><campo_aggiuntivo/><nome/><cognome/><indirizzo/><cap/><citta/><provincia/></Raccomandata><Raccomandata><nome_file>039209800_57_706.pdf</nome_file><codice_raccomandata>685632273615</codice_raccomandata><data_esito>20/10/2021</data_esito><tipo_esito/><motivo_inesito/><campo_aggiuntivo/><nome/><cognome/><indirizzo/><cap/><citta/><provincia/></Raccomandata><Raccomandata><nome_file>039209800_57_709.pdf</nome_file><codice_raccomandata>685632273147</codice_raccomandata><data_esito>20/10/2021</data_esito><tipo_esito/><motivo_inesito/><campo_aggiuntivo/><nome/><cognome/><indirizzo/><cap/><citta/><provincia/></Raccomandata><Raccomandata><nome_file>039209800_57_712.pdf</nome_file><codice_raccomandata>685632278690</codice_raccomandata><data_esito>20/10/2021</data_esito><tipo_esito/><motivo_inesito/><campo_aggiuntivo/><nome/><cognome/><indirizzo/><cap/><citta/><provincia/></Raccomandata><Raccomandata><nome_file>039209800_57_715.pdf</nome_file><codice_raccomandata>685632268711</codice_raccomandata><data_esito>20/10/2021</data_esito><tipo_esito/><motivo_inesito/><campo_aggiuntivo/><nome/><cognome/><indirizzo/><cap/><citta/><provincia/></Raccomandata><Raccomandata><nome_file>039209800_57_718.pdf</nome_file><codice_raccomandata>685632280022</codice_raccomandata><data_esito>20/10/2021</data_esito><tipo_esito/><motivo_inesito/><campo_aggiuntivo/><nome/><cognome/><indirizzo/><cap/><citta/><provincia/></Raccomandata><Raccomandata><nome_file>039209800_57_721.pdf</nome_file><codice_raccomandata>685632275265</codice_raccomandata><data_esito>20/10/2021</data_esito><tipo_esito/><motivo_inesito/><campo_aggiuntivo/><nome/><cognome/><indirizzo/><cap/><citta/><provincia/></Raccomandata><Raccomandata><nome_file>039209800_57_724.pdf</nome_file><codice_raccomandata>685632268789</codice_raccomandata><data_esito>20/10/2021</data_esito><tipo_esito/><motivo_inesito/><campo_aggiuntivo/><nome/><cognome/><indirizzo/><cap/><citta/><provincia/></Raccomandata><Raccomandata><nome_file>039209800_57_727.pdf</nome_file><codice_raccomandata>685632271203</codice_raccomandata><data_esito>20/10/2021</data_esito><tipo_esito/><motivo_inesito/><campo_aggiuntivo/><nome/><cognome/><indirizzo/><cap/><citta/><provincia/></Raccomandata><Raccomandata><nome_file>039209800_57_730.pdf</nome_file><codice_raccomandata>685632276141</codice_raccomandata><data_esito>20/10/2021</data_esito><tipo_esito/><motivo_inesito/><campo_aggiuntivo/><nome/><cognome/><indirizzo/><cap/><citta/><provincia/></Raccomandata><Raccomandata><nome_file>039209800_57_733.pdf</nome_file><codice_raccomandata>685632268573</codice_raccomandata><data_esito>11/10/2021</data_esito><tipo_esito/><motivo_inesito/><campo_aggiuntivo/><nome/><cognome/><indirizzo/><cap/><citta/><provincia/></Raccomandata><Raccomandata><nome_file>039209800_57_736.pdf</nome_file><codice_raccomandata>685632268415</codice_raccomandata><data_esito>20/10/2021</data_esito><tipo_esito/><motivo_inesito/><campo_aggiuntivo/><nome/><cognome/><indirizzo/><cap/><citta/><provincia/></Raccomandata><Raccomandata><nome_file>039209800_57_739.pdf</nome_file><codice_raccomandata>685632273274</codice_raccomandata><data_esito>20/10/2021</data_esito><tipo_esito/><motivo_inesito/><campo_aggiuntivo/><nome/><cognome/><indirizzo/><cap/><citta/><provincia/></Raccomandata><Raccomandata><nome_file>039209800_57_742.pdf</nome_file><codice_raccomandata>685632278484</codice_raccomandata><data_esito>20/10/2021</data_esito><tipo_esito/><motivo_inesito/><campo_aggiuntivo/><nome/><cognome/><indirizzo/><cap/><citta/><provincia/></Raccomandata><Raccomandata><nome_file>039209800_57_745.pdf</nome_file><codice_raccomandata>685632271476</codice_raccomandata><data_esito>20/10/2021</data_esito><tipo_esito/><motivo_inesito/><campo_aggiuntivo/><nome/><cognome/><indirizzo/><cap/><citta/><provincia/></Raccomandata><Raccomandata><nome_file>039209800_57_748.pdf</nome_file><codice_raccomandata>685632269632</codice_raccomandata><data_esito>20/10/2021</data_esito><tipo_esito/><motivo_inesito/><campo_aggiuntivo/><nome/><cognome/><indirizzo/><cap/><citta/><provincia/></Raccomandata><Raccomandata><nome_file>039209800_57_751.pdf</nome_file><codice_raccomandata>685632275572</codice_raccomandata><data_esito>20/10/2021</data_esito><tipo_esito/><motivo_inesito/><campo_aggiuntivo/><nome/><cognome/><indirizzo/><cap/><citta/><provincia/></Raccomandata><Raccomandata><nome_file>039209800_57_754.pdf</nome_file><codice_raccomandata>685632273238</codice_raccomandata><data_esito>20/10/2021</data_esito><tipo_esito/><motivo_inesito/><campo_aggiuntivo/><nome/><cognome/><indirizzo/><cap/><citta/><provincia/></Raccomandata><Raccomandata><nome_file>039209800_57_757.pdf</nome_file><codice_raccomandata>685632273182</codice_raccomandata><data_esito>20/10/2021</data_esito><tipo_esito/><motivo_inesito/><campo_aggiuntivo/><nome/><cognome/><indirizzo/><cap/><citta/><provincia/></Raccomandata><Raccomandata><nome_file>039209800_57_760.pdf</nome_file><codice_raccomandata>685632274377</codice_raccomandata><data_esito>20/10/2021</data_esito><tipo_esito/><motivo_inesito/><campo_aggiuntivo/><nome/><cognome/><indirizzo/><cap/><citta/><provincia/></Raccomandata><Raccomandata><nome_file>039209800_57_763.pdf</nome_file><codice_raccomandata>685632278462</codice_raccomandata><data_esito>20/10/2021</data_esito><tipo_esito/><motivo_inesito/><campo_aggiuntivo/><nome/><cognome/><indirizzo/><cap/><citta/><provincia/></Raccomandata><Raccomandata><nome_file>039209800_57_766.pdf</nome_file><codice_raccomandata>685632263670</codice_raccomandata><data_esito>20/10/2021</data_esito><tipo_esito/><motivo_inesito/><campo_aggiuntivo/><nome/><cognome/><indirizzo/><cap/><citta/><provincia/></Raccomandata><Raccomandata><nome_file>039209800_57_769.pdf</nome_file><codice_raccomandata>685632276255</codice_raccomandata><data_esito>20/10/2021</data_esito><tipo_esito/><motivo_inesito/><campo_aggiuntivo/><nome/><cognome/><indirizzo/><cap/><citta/><provincia/></Raccomandata><Raccomandata><nome_file>039209800_57_772.pdf</nome_file><codice_raccomandata>685632277745</codice_raccomandata><data_esito>20/10/2021</data_esito><tipo_esito/><motivo_inesito/><campo_aggiuntivo/><nome/><cognome/><indirizzo/><cap/><citta/><provincia/></Raccomandata><Raccomandata><nome_file>039209800_57_775.pdf</nome_file><codice_raccomandata>685632279270</codice_raccomandata><data_esito>20/10/2021</data_esito><tipo_esito/><motivo_inesito/><campo_aggiuntivo/><nome/><cognome/><indirizzo/><cap/><citta/><provincia/></Raccomandata><Raccomandata><nome_file>039209800_57_778.pdf</nome_file><codice_raccomandata>685632277290</codice_raccomandata><data_esito>20/10/2021</data_esito><tipo_esito/><motivo_inesito/><campo_aggiuntivo/><nome/><cognome/><indirizzo/><cap/><citta/><provincia/></Raccomandata><Raccomandata><nome_file>039209800_57_781.pdf</nome_file><codice_raccomandata>685632280660</codice_raccomandata><data_esito>19/10/2021</data_esito><tipo_esito/><motivo_inesito/><campo_aggiuntivo/><nome/><cognome/><indirizzo/><cap/><citta/><provincia/></Raccomandata><Raccomandata><nome_file>039209800_57_784.pdf</nome_file><codice_raccomandata>685632276824</codice_raccomandata><data_esito>20/10/2021</data_esito><tipo_esito/><motivo_inesito/><campo_aggiuntivo/><nome/><cognome/><indirizzo/><cap/><citta/><provincia/></Raccomandata><Raccomandata><nome_file>039209800_57_787.pdf</nome_file><codice_raccomandata>685632280033</codice_raccomandata><data_esito>20/10/2021</data_esito><tipo_esito/><motivo_inesito/><campo_aggiuntivo/><nome/><cognome/><indirizzo/><cap/><citta/><provincia/></Raccomandata><Raccomandata><nome_file>039209800_57_790.pdf</nome_file><codice_raccomandata>685632284255</codice_raccomandata><data_esito>20/10/2021</data_esito><tipo_esito/><motivo_inesito/><campo_aggiuntivo/><nome/><cognome/><indirizzo/><cap/><citta/><provincia/></Raccomandata><Raccomandata><nome_file>039209800_57_793.pdf</nome_file><codice_raccomandata>685632283754</codice_raccomandata><data_esito>19/10/2021</data_esito><tipo_esito/><motivo_inesito/><campo_aggiuntivo/><nome/><cognome/><indirizzo/><cap/><citta/><provincia/></Raccomandata><Raccomandata><nome_file>039209800_57_796.pdf</nome_file><codice_raccomandata>685632263874</codice_raccomandata><data_esito>20/10/2021</data_esito><tipo_esito/><motivo_inesito/><campo_aggiuntivo/><nome/><cognome/><indirizzo/><cap/><citta/><provincia/></Raccomandata><Raccomandata><nome_file>039209800_57_799.pdf</nome_file><codice_raccomandata>685632280682</codice_raccomandata><data_esito>19/10/2021</data_esito><tipo_esito/><motivo_inesito/><campo_aggiuntivo/><nome/><cognome/><indirizzo/><cap/><citta/><provincia/></Raccomandata><Raccomandata><nome_file>039209800_57_802.pdf</nome_file><codice_raccomandata>685632268813</codice_raccomandata><data_esito>20/10/2021</data_esito><tipo_esito/><motivo_inesito/><campo_aggiuntivo/><nome/><cognome/><indirizzo/><cap/><citta/><provincia/></Raccomandata><Raccomandata><nome_file>039209800_57_805.pdf</nome_file><codice_raccomandata>685632270771</codice_raccomandata><data_esito>20/10/2021</data_esito><tipo_esito/><motivo_inesito/><campo_aggiuntivo/><nome/><cognome/><indirizzo/><cap/><citta/><provincia/></Raccomandata><Raccomandata><nome_file>039209800_57_808.pdf</nome_file><codice_raccomandata>685632276037</codice_raccomandata><data_esito>20/10/2021</data_esito><tipo_esito/><motivo_inesito/><campo_aggiuntivo/><nome/><cognome/><indirizzo/><cap/><citta/><provincia/></Raccomandata><Raccomandata><nome_file>039209800_57_811.pdf</nome_file><codice_raccomandata>685632264364</codice_raccomandata><data_esito>20/10/2021</data_esito><tipo_esito/><motivo_inesito/><campo_aggiuntivo/><nome/><cognome/><indirizzo/><cap/><citta/><provincia/></Raccomandata><Raccomandata><nome_file>039209800_57_814.pdf</nome_file><codice_raccomandata>685632264261</codice_raccomandata><data_esito>20/10/2021</data_esito><tipo_esito/><motivo_inesito/><campo_aggiuntivo/><nome/><cognome/><indirizzo/><cap/><citta/><provincia/></Raccomandata><Raccomandata><nome_file>039209800_57_817.pdf</nome_file><codice_raccomandata>685632263783</codice_raccomandata><data_esito>20/10/2021</data_esito><tipo_esito/><motivo_inesito/><campo_aggiuntivo/><nome/><cognome/><indirizzo/><cap/><citta/><provincia/></Raccomandata><Raccomandata><nome_file>039209800_57_820.pdf</nome_file><codice_raccomandata>685632280363</codice_raccomandata><data_esito>21/10/2021</data_esito><tipo_esito/><motivo_inesito/><campo_aggiuntivo/><nome/><cognome/><indirizzo/><cap/><citta/><provincia/></Raccomandata><Raccomandata><nome_file>039209800_57_823.pdf</nome_file><codice_raccomandata>685632282503</codice_raccomandata><data_esito>21/10/2021</data_esito><tipo_esito/><motivo_inesito/><campo_aggiuntivo/><nome/><cognome/><indirizzo/><cap/><citta/><provincia/></Raccomandata><Raccomandata><nome_file>039209800_57_826.pdf</nome_file><codice_raccomandata>685632281796</codice_raccomandata><data_esito>19/10/2021</data_esito><tipo_esito/><motivo_inesito/><campo_aggiuntivo/><nome/><cognome/><indirizzo/><cap/><citta/><provincia/></Raccomandata><Raccomandata><nome_file>039209800_57_829.pdf</nome_file><codice_raccomandata>685632273650</codice_raccomandata><data_esito>20/10/2021</data_esito><tipo_esito/><motivo_inesito/><campo_aggiuntivo/><nome/><cognome/><indirizzo/><cap/><citta/><provincia/></Raccomandata></Spedizione>
