<Spedizione Cliente="Z0088629" Archivio="IDF15090002_I.zip" Filename="IDF15090002_I.xml" NumeroRaccomandate="224"><Raccomandata><nome_file>038312700_57_7.pdf</nome_file><codice_raccomandata>685631983065</codice_raccomandata><data_esito/><tipo_esito/><motivo_inesito>02</motivo_inesito><campo_aggiuntivo/><nome/><cognome/><indirizzo/><cap/><citta/><provincia/></Raccomandata><Raccomandata><nome_file>038312700_57_10.pdf</nome_file><codice_raccomandata>685631994161</codice_raccomandata><data_esito/><tipo_esito/><motivo_inesito>02</motivo_inesito><campo_aggiuntivo/><nome/><cognome/><indirizzo/><cap/><citta/><provincia/></Raccomandata><Raccomandata><nome_file>038312700_57_13.pdf</nome_file><codice_raccomandata>685631985353</codice_raccomandata><data_esito/><tipo_esito/><motivo_inesito>02</motivo_inesito><campo_aggiuntivo/><nome/><cognome/><indirizzo/><cap/><citta/><provincia/></Raccomandata><Raccomandata><nome_file>038312700_57_16.pdf</nome_file><codice_raccomandata>685631988802</codice_raccomandata><data_esito/><tipo_esito/><motivo_inesito>02</motivo_inesito><campo_aggiuntivo/><nome/><cognome/><indirizzo/><cap/><citta/><provincia/></Raccomandata><Raccomandata><nome_file>038312700_57_19.pdf</nome_file><codice_raccomandata>685632071917</codice_raccomandata><data_esito/><tipo_esito/><motivo_inesito>02</motivo_inesito><campo_aggiuntivo/><nome/><cognome/><indirizzo/><cap/><citta/><provincia/></Raccomandata><Raccomandata><nome_file>038312700_57_22.pdf</nome_file><codice_raccomandata>685632068695</codice_raccomandata><data_esito/><tipo_esito/><motivo_inesito>02</motivo_inesito><campo_aggiuntivo/><nome/><cognome/><indirizzo/><cap/><citta/><provincia/></Raccomandata><Raccomandata><nome_file>038312700_57_25.pdf</nome_file><codice_raccomandata>685632068684</codice_raccomandata><data_esito/><tipo_esito/><motivo_inesito>02</motivo_inesito><campo_aggiuntivo/><nome/><cognome/><indirizzo/><cap/><citta/><provincia/></Raccomandata><Raccomandata><nome_file>038312700_57_28.pdf</nome_file><codice_raccomandata>685632058250</codice_raccomandata><data_esito/><tipo_esito/><motivo_inesito>02</motivo_inesito><campo_aggiuntivo/><nome/><cognome/><indirizzo/><cap/><citta/><provincia/></Raccomandata><Raccomandata><nome_file>038312700_57_31.pdf</nome_file><codice_raccomandata>685631988960</codice_raccomandata><data_esito/><tipo_esito/><motivo_inesito>02</motivo_inesito><campo_aggiuntivo/><nome/><cognome/><indirizzo/><cap/><citta/><provincia/></Raccomandata><Raccomandata><nome_file>038312700_57_34.pdf</nome_file><codice_raccomandata>685631975476</codice_raccomandata><data_esito/><tipo_esito/><motivo_inesito>02</motivo_inesito><campo_aggiuntivo/><nome/><cognome/><indirizzo/><cap/><citta/><provincia/></Raccomandata><Raccomandata><nome_file>038312700_57_37.pdf</nome_file><codice_raccomandata>685631991180</codice_raccomandata><data_esito/><tipo_esito/><motivo_inesito>02</motivo_inesito><campo_aggiuntivo/><nome/><cognome/><indirizzo/><cap/><citta/><provincia/></Raccomandata><Raccomandata><nome_file>038312700_57_40.pdf</nome_file><codice_raccomandata>685631988301</codice_raccomandata><data_esito/><tipo_esito/><motivo_inesito>02</motivo_inesito><campo_aggiuntivo/><nome/><cognome/><indirizzo/><cap/><citta/><provincia/></Raccomandata><Raccomandata><nome_file>038312700_57_43.pdf</nome_file><codice_raccomandata>685631988813</codice_raccomandata><data_esito/><tipo_esito/><motivo_inesito>02</motivo_inesito><campo_aggiuntivo/><nome/><cognome/><indirizzo/><cap/><citta/><provincia/></Raccomandata><Raccomandata><nome_file>038312700_57_46.pdf</nome_file><codice_raccomandata>685631991113</codice_raccomandata><data_esito/><tipo_esito/><motivo_inesito>02</motivo_inesito><campo_aggiuntivo/><nome/><cognome/><indirizzo/><cap/><citta/><provincia/></Raccomandata><Raccomandata><nome_file>038312700_57_49.pdf</nome_file><codice_raccomandata>685631987265</codice_raccomandata><data_esito/><tipo_esito/><motivo_inesito>02</motivo_inesito><campo_aggiuntivo/><nome/><cognome/><indirizzo/><cap/><citta/><provincia/></Raccomandata><Raccomandata><nome_file>038312700_57_52.pdf</nome_file><codice_raccomandata>685631994980</codice_raccomandata><data_esito/><tipo_esito/><motivo_inesito>02</motivo_inesito><campo_aggiuntivo/><nome/><cognome/><indirizzo/><cap/><citta/><provincia/></Raccomandata><Raccomandata><nome_file>038312700_57_55.pdf</nome_file><codice_raccomandata>685631982144</codice_raccomandata><data_esito/><tipo_esito/><motivo_inesito>02</motivo_inesito><campo_aggiuntivo/><nome/><cognome/><indirizzo/><cap/><citta/><provincia/></Raccomandata><Raccomandata><nome_file>038312700_57_58.pdf</nome_file><codice_raccomandata>685631971802</codice_raccomandata><data_esito/><tipo_esito/><motivo_inesito>02</motivo_inesito><campo_aggiuntivo/><nome/><cognome/><indirizzo/><cap/><citta/><provincia/></Raccomandata><Raccomandata><nome_file>038312700_57_61.pdf</nome_file><codice_raccomandata>685631974111</codice_raccomandata><data_esito/><tipo_esito/><motivo_inesito>02</motivo_inesito><campo_aggiuntivo/><nome/><cognome/><indirizzo/><cap/><citta/><provincia/></Raccomandata><Raccomandata><nome_file>038312700_57_64.pdf</nome_file><codice_raccomandata>685631972780</codice_raccomandata><data_esito/><tipo_esito/><motivo_inesito>02</motivo_inesito><campo_aggiuntivo/><nome/><cognome/><indirizzo/><cap/><citta/><provincia/></Raccomandata><Raccomandata><nome_file>038312700_57_67.pdf</nome_file><codice_raccomandata>685631972836</codice_raccomandata><data_esito/><tipo_esito/><motivo_inesito>02</motivo_inesito><campo_aggiuntivo/><nome/><cognome/><indirizzo/><cap/><citta/><provincia/></Raccomandata><Raccomandata><nome_file>038312700_57_70.pdf</nome_file><codice_raccomandata>685631982474</codice_raccomandata><data_esito/><tipo_esito/><motivo_inesito>02</motivo_inesito><campo_aggiuntivo/><nome/><cognome/><indirizzo/><cap/><citta/><provincia/></Raccomandata><Raccomandata><nome_file>038312700_57_73.pdf</nome_file><codice_raccomandata>685631972507</codice_raccomandata><data_esito/><tipo_esito/><motivo_inesito>02</motivo_inesito><campo_aggiuntivo/><nome/><cognome/><indirizzo/><cap/><citta/><provincia/></Raccomandata><Raccomandata><nome_file>038312700_57_76.pdf</nome_file><codice_raccomandata>685631986707</codice_raccomandata><data_esito/><tipo_esito/><motivo_inesito>02</motivo_inesito><campo_aggiuntivo/><nome/><cognome/><indirizzo/><cap/><citta/><provincia/></Raccomandata><Raccomandata><nome_file>038312700_57_79.pdf</nome_file><codice_raccomandata>685632066386</codice_raccomandata><data_esito/><tipo_esito/><motivo_inesito>02</motivo_inesito><campo_aggiuntivo/><nome/><cognome/><indirizzo/><cap/><citta/><provincia/></Raccomandata><Raccomandata><nome_file>038312700_57_82.pdf</nome_file><codice_raccomandata>685632073932</codice_raccomandata><data_esito/><tipo_esito/><motivo_inesito>02</motivo_inesito><campo_aggiuntivo/><nome/><cognome/><indirizzo/><cap/><citta/><provincia/></Raccomandata><Raccomandata><nome_file>038312700_57_85.pdf</nome_file><codice_raccomandata>685632065794</codice_raccomandata><data_esito/><tipo_esito/><motivo_inesito>02</motivo_inesito><campo_aggiuntivo/><nome/><cognome/><indirizzo/><cap/><citta/><provincia/></Raccomandata><Raccomandata><nome_file>038312700_57_88.pdf</nome_file><codice_raccomandata>685632054882</codice_raccomandata><data_esito/><tipo_esito/><motivo_inesito>02</motivo_inesito><campo_aggiuntivo/><nome/><cognome/><indirizzo/><cap/><citta/><provincia/></Raccomandata><Raccomandata><nome_file>038312700_57_91.pdf</nome_file><codice_raccomandata>685631969865</codice_raccomandata><data_esito/><tipo_esito/><motivo_inesito>02</motivo_inesito><campo_aggiuntivo/><nome/><cognome/><indirizzo/><cap/><citta/><provincia/></Raccomandata><Raccomandata><nome_file>038312700_57_94.pdf</nome_file><codice_raccomandata>685631986902</codice_raccomandata><data_esito/><tipo_esito/><motivo_inesito>02</motivo_inesito><campo_aggiuntivo/><nome/><cognome/><indirizzo/><cap/><citta/><provincia/></Raccomandata><Raccomandata><nome_file>038312700_57_97.pdf</nome_file><codice_raccomandata>685631979184</codice_raccomandata><data_esito/><tipo_esito/><motivo_inesito>02</motivo_inesito><campo_aggiuntivo/><nome/><cognome/><indirizzo/><cap/><citta/><provincia/></Raccomandata><Raccomandata><nome_file>038312700_57_100.pdf</nome_file><codice_raccomandata>685631986480</codice_raccomandata><data_esito/><tipo_esito/><motivo_inesito>02</motivo_inesito><campo_aggiuntivo/><nome/><cognome/><indirizzo/><cap/><citta/><provincia/></Raccomandata><Raccomandata><nome_file>038312700_57_103.pdf</nome_file><codice_raccomandata>685631971698</codice_raccomandata><data_esito/><tipo_esito/><motivo_inesito>02</motivo_inesito><campo_aggiuntivo/><nome/><cognome/><indirizzo/><cap/><citta/><provincia/></Raccomandata><Raccomandata><nome_file>038312700_57_106.pdf</nome_file><codice_raccomandata>685631997050</codice_raccomandata><data_esito/><tipo_esito/><motivo_inesito>02</motivo_inesito><campo_aggiuntivo/><nome/><cognome/><indirizzo/><cap/><citta/><provincia/></Raccomandata><Raccomandata><nome_file>038312700_57_109.pdf</nome_file><codice_raccomandata>685632071508</codice_raccomandata><data_esito/><tipo_esito/><motivo_inesito>02</motivo_inesito><campo_aggiuntivo/><nome/><cognome/><indirizzo/><cap/><citta/><provincia/></Raccomandata><Raccomandata><nome_file>038312700_57_112.pdf</nome_file><codice_raccomandata>685632067249</codice_raccomandata><data_esito/><tipo_esito/><motivo_inesito>02</motivo_inesito><campo_aggiuntivo/><nome/><cognome/><indirizzo/><cap/><citta/><provincia/></Raccomandata><Raccomandata><nome_file>038312700_57_115.pdf</nome_file><codice_raccomandata>685632067238</codice_raccomandata><data_esito/><tipo_esito/><motivo_inesito>02</motivo_inesito><campo_aggiuntivo/><nome/><cognome/><indirizzo/><cap/><citta/><provincia/></Raccomandata><Raccomandata><nome_file>038312700_57_118.pdf</nome_file><codice_raccomandata>685632059251</codice_raccomandata><data_esito/><tipo_esito/><motivo_inesito>02</motivo_inesito><campo_aggiuntivo/><nome/><cognome/><indirizzo/><cap/><citta/><provincia/></Raccomandata><Raccomandata><nome_file>038312700_57_121.pdf</nome_file><codice_raccomandata>685632070688</codice_raccomandata><data_esito/><tipo_esito/><motivo_inesito>02</motivo_inesito><campo_aggiuntivo/><nome/><cognome/><indirizzo/><cap/><citta/><provincia/></Raccomandata><Raccomandata><nome_file>038312700_57_124.pdf</nome_file><codice_raccomandata>685632068285</codice_raccomandata><data_esito/><tipo_esito/><motivo_inesito>02</motivo_inesito><campo_aggiuntivo/><nome/><cognome/><indirizzo/><cap/><citta/><provincia/></Raccomandata><Raccomandata><nome_file>038312700_57_127.pdf</nome_file><codice_raccomandata>685632070791</codice_raccomandata><data_esito/><tipo_esito/><motivo_inesito>02</motivo_inesito><campo_aggiuntivo/><nome/><cognome/><indirizzo/><cap/><citta/><provincia/></Raccomandata><Raccomandata><nome_file>038312700_57_130.pdf</nome_file><codice_raccomandata>685632074033</codice_raccomandata><data_esito/><tipo_esito/><motivo_inesito>02</motivo_inesito><campo_aggiuntivo/><nome/><cognome/><indirizzo/><cap/><citta/><provincia/></Raccomandata><Raccomandata><nome_file>038312700_57_133.pdf</nome_file><codice_raccomandata>685631975306</codice_raccomandata><data_esito/><tipo_esito/><motivo_inesito>02</motivo_inesito><campo_aggiuntivo/><nome/><cognome/><indirizzo/><cap/><citta/><provincia/></Raccomandata><Raccomandata><nome_file>038312700_57_136.pdf</nome_file><codice_raccomandata>685631992318</codice_raccomandata><data_esito/><tipo_esito/><motivo_inesito>02</motivo_inesito><campo_aggiuntivo/><nome/><cognome/><indirizzo/><cap/><citta/><provincia/></Raccomandata><Raccomandata><nome_file>038312700_57_139.pdf</nome_file><codice_raccomandata>685631991602</codice_raccomandata><data_esito/><tipo_esito/><motivo_inesito>02</motivo_inesito><campo_aggiuntivo/><nome/><cognome/><indirizzo/><cap/><citta/><provincia/></Raccomandata><Raccomandata><nome_file>038312700_57_142.pdf</nome_file><codice_raccomandata>685631968077</codice_raccomandata><data_esito/><tipo_esito/><motivo_inesito>02</motivo_inesito><campo_aggiuntivo/><nome/><cognome/><indirizzo/><cap/><citta/><provincia/></Raccomandata><Raccomandata><nome_file>038312700_57_145.pdf</nome_file><codice_raccomandata>685631977854</codice_raccomandata><data_esito/><tipo_esito/><motivo_inesito>02</motivo_inesito><campo_aggiuntivo/><nome/><cognome/><indirizzo/><cap/><citta/><provincia/></Raccomandata><Raccomandata><nome_file>038312700_57_148.pdf</nome_file><codice_raccomandata>685631968499</codice_raccomandata><data_esito/><tipo_esito/><motivo_inesito>02</motivo_inesito><campo_aggiuntivo/><nome/><cognome/><indirizzo/><cap/><citta/><provincia/></Raccomandata><Raccomandata><nome_file>038312700_57_151.pdf</nome_file><codice_raccomandata>685631971539</codice_raccomandata><data_esito/><tipo_esito/><motivo_inesito>02</motivo_inesito><campo_aggiuntivo/><nome/><cognome/><indirizzo/><cap/><citta/><provincia/></Raccomandata><Raccomandata><nome_file>038312700_57_154.pdf</nome_file><codice_raccomandata>685631984466</codice_raccomandata><data_esito/><tipo_esito/><motivo_inesito>02</motivo_inesito><campo_aggiuntivo/><nome/><cognome/><indirizzo/><cap/><citta/><provincia/></Raccomandata><Raccomandata><nome_file>038312700_57_157.pdf</nome_file><codice_raccomandata>685631984330</codice_raccomandata><data_esito/><tipo_esito/><motivo_inesito>02</motivo_inesito><campo_aggiuntivo/><nome/><cognome/><indirizzo/><cap/><citta/><provincia/></Raccomandata><Raccomandata><nome_file>038312700_57_160.pdf</nome_file><codice_raccomandata>685632076024</codice_raccomandata><data_esito/><tipo_esito/><motivo_inesito>02</motivo_inesito><campo_aggiuntivo/><nome/><cognome/><indirizzo/><cap/><citta/><provincia/></Raccomandata><Raccomandata><nome_file>038312700_57_163.pdf</nome_file><codice_raccomandata>685632075263</codice_raccomandata><data_esito/><tipo_esito/><motivo_inesito>02</motivo_inesito><campo_aggiuntivo/><nome/><cognome/><indirizzo/><cap/><citta/><provincia/></Raccomandata><Raccomandata><nome_file>038312700_57_166.pdf</nome_file><codice_raccomandata>685632075945</codice_raccomandata><data_esito/><tipo_esito/><motivo_inesito>02</motivo_inesito><campo_aggiuntivo/><nome/><cognome/><indirizzo/><cap/><citta/><provincia/></Raccomandata><Raccomandata><nome_file>038312700_57_169.pdf</nome_file><codice_raccomandata>685632055667</codice_raccomandata><data_esito/><tipo_esito/><motivo_inesito>02</motivo_inesito><campo_aggiuntivo/><nome/><cognome/><indirizzo/><cap/><citta/><provincia/></Raccomandata><Raccomandata><nome_file>038312700_57_172.pdf</nome_file><codice_raccomandata>685631989767</codice_raccomandata><data_esito/><tipo_esito/><motivo_inesito>02</motivo_inesito><campo_aggiuntivo/><nome/><cognome/><indirizzo/><cap/><citta/><provincia/></Raccomandata><Raccomandata><nome_file>038312700_57_175.pdf</nome_file><codice_raccomandata>685631968181</codice_raccomandata><data_esito/><tipo_esito/><motivo_inesito>02</motivo_inesito><campo_aggiuntivo/><nome/><cognome/><indirizzo/><cap/><citta/><provincia/></Raccomandata><Raccomandata><nome_file>038312700_57_178.pdf</nome_file><codice_raccomandata>685631986913</codice_raccomandata><data_esito/><tipo_esito/><motivo_inesito>02</motivo_inesito><campo_aggiuntivo/><nome/><cognome/><indirizzo/><cap/><citta/><provincia/></Raccomandata><Raccomandata><nome_file>038312700_57_181.pdf</nome_file><codice_raccomandata>685631979378</codice_raccomandata><data_esito/><tipo_esito/><motivo_inesito>02</motivo_inesito><campo_aggiuntivo/><nome/><cognome/><indirizzo/><cap/><citta/><provincia/></Raccomandata><Raccomandata><nome_file>038312700_57_184.pdf</nome_file><codice_raccomandata>685631982942</codice_raccomandata><data_esito/><tipo_esito/><motivo_inesito>02</motivo_inesito><campo_aggiuntivo/><nome/><cognome/><indirizzo/><cap/><citta/><provincia/></Raccomandata><Raccomandata><nome_file>038312700_57_187.pdf</nome_file><codice_raccomandata>685632074637</codice_raccomandata><data_esito/><tipo_esito/><motivo_inesito>02</motivo_inesito><campo_aggiuntivo/><nome/><cognome/><indirizzo/><cap/><citta/><provincia/></Raccomandata><Raccomandata><nome_file>038312700_57_190.pdf</nome_file><codice_raccomandata>685631993228</codice_raccomandata><data_esito/><tipo_esito/><motivo_inesito>01</motivo_inesito><campo_aggiuntivo/><nome/><cognome/><indirizzo/><cap/><citta/><provincia/></Raccomandata><Raccomandata><nome_file>038312700_57_193.pdf</nome_file><codice_raccomandata>685631990018</codice_raccomandata><data_esito/><tipo_esito/><motivo_inesito>01</motivo_inesito><campo_aggiuntivo/><nome/><cognome/><indirizzo/><cap/><citta/><provincia/></Raccomandata><Raccomandata><nome_file>038312700_57_196.pdf</nome_file><codice_raccomandata>685631989949</codice_raccomandata><data_esito/><tipo_esito/><motivo_inesito>01</motivo_inesito><campo_aggiuntivo/><nome/><cognome/><indirizzo/><cap/><citta/><provincia/></Raccomandata><Raccomandata><nome_file>038312700_57_199.pdf</nome_file><codice_raccomandata>685631977547</codice_raccomandata><data_esito/><tipo_esito/><motivo_inesito>01</motivo_inesito><campo_aggiuntivo/><nome/><cognome/><indirizzo/><cap/><citta/><provincia/></Raccomandata><Raccomandata><nome_file>038312700_57_202.pdf</nome_file><codice_raccomandata>685631989302</codice_raccomandata><data_esito/><tipo_esito/><motivo_inesito>01</motivo_inesito><campo_aggiuntivo/><nome/><cognome/><indirizzo/><cap/><citta/><provincia/></Raccomandata><Raccomandata><nome_file>038312700_57_205.pdf</nome_file><codice_raccomandata>685631988380</codice_raccomandata><data_esito/><tipo_esito/><motivo_inesito>01</motivo_inesito><campo_aggiuntivo/><nome/><cognome/><indirizzo/><cap/><citta/><provincia/></Raccomandata><Raccomandata><nome_file>038312700_57_208.pdf</nome_file><codice_raccomandata>685631992682</codice_raccomandata><data_esito/><tipo_esito/><motivo_inesito>01</motivo_inesito><campo_aggiuntivo/><nome/><cognome/><indirizzo/><cap/><citta/><provincia/></Raccomandata><Raccomandata><nome_file>038312700_57_211.pdf</nome_file><codice_raccomandata>685631995242</codice_raccomandata><data_esito/><tipo_esito/><motivo_inesito>01</motivo_inesito><campo_aggiuntivo/><nome/><cognome/><indirizzo/><cap/><citta/><provincia/></Raccomandata><Raccomandata><nome_file>038312700_57_214.pdf</nome_file><codice_raccomandata>685631994673</codice_raccomandata><data_esito/><tipo_esito/><motivo_inesito>01</motivo_inesito><campo_aggiuntivo/><nome/><cognome/><indirizzo/><cap/><citta/><provincia/></Raccomandata><Raccomandata><nome_file>038312700_57_217.pdf</nome_file><codice_raccomandata>685631968306</codice_raccomandata><data_esito/><tipo_esito/><motivo_inesito>01</motivo_inesito><campo_aggiuntivo/><nome/><cognome/><indirizzo/><cap/><citta/><provincia/></Raccomandata><Raccomandata><nome_file>038312700_57_220.pdf</nome_file><codice_raccomandata>685631985865</codice_raccomandata><data_esito/><tipo_esito/><motivo_inesito>01</motivo_inesito><campo_aggiuntivo/><nome/><cognome/><indirizzo/><cap/><citta/><provincia/></Raccomandata><Raccomandata><nome_file>038312700_57_223.pdf</nome_file><codice_raccomandata>685631984545</codice_raccomandata><data_esito/><tipo_esito/><motivo_inesito>01</motivo_inesito><campo_aggiuntivo/><nome/><cognome/><indirizzo/><cap/><citta/><provincia/></Raccomandata><Raccomandata><nome_file>038312700_57_226.pdf</nome_file><codice_raccomandata>685631985158</codice_raccomandata><data_esito/><tipo_esito/><motivo_inesito>01</motivo_inesito><campo_aggiuntivo/><nome/><cognome/><indirizzo/><cap/><citta/><provincia/></Raccomandata><Raccomandata><nome_file>038312700_57_229.pdf</nome_file><codice_raccomandata>685631983054</codice_raccomandata><data_esito/><tipo_esito/><motivo_inesito>01</motivo_inesito><campo_aggiuntivo/><nome/><cognome/><indirizzo/><cap/><citta/><provincia/></Raccomandata><Raccomandata><nome_file>038312700_57_232.pdf</nome_file><codice_raccomandata>685631986775</codice_raccomandata><data_esito/><tipo_esito/><motivo_inesito>01</motivo_inesito><campo_aggiuntivo/><nome/><cognome/><indirizzo/><cap/><citta/><provincia/></Raccomandata><Raccomandata><nome_file>038312700_57_238.pdf</nome_file><codice_raccomandata>685632065156</codice_raccomandata><data_esito/><tipo_esito/><motivo_inesito>01</motivo_inesito><campo_aggiuntivo/><nome/><cognome/><indirizzo/><cap/><citta/><provincia/></Raccomandata><Raccomandata><nome_file>038312700_57_241.pdf</nome_file><codice_raccomandata>685632064348</codice_raccomandata><data_esito/><tipo_esito/><motivo_inesito>01</motivo_inesito><campo_aggiuntivo/><nome/><cognome/><indirizzo/><cap/><citta/><provincia/></Raccomandata><Raccomandata><nome_file>038312700_57_244.pdf</nome_file><codice_raccomandata>685632070244</codice_raccomandata><data_esito/><tipo_esito/><motivo_inesito>01</motivo_inesito><campo_aggiuntivo/><nome/><cognome/><indirizzo/><cap/><citta/><provincia/></Raccomandata><Raccomandata><nome_file>038312700_57_247.pdf</nome_file><codice_raccomandata>685632059901</codice_raccomandata><data_esito/><tipo_esito/><motivo_inesito>01</motivo_inesito><campo_aggiuntivo/><nome/><cognome/><indirizzo/><cap/><citta/><provincia/></Raccomandata><Raccomandata><nome_file>038312700_57_250.pdf</nome_file><codice_raccomandata>685632059832</codice_raccomandata><data_esito/><tipo_esito/><motivo_inesito>01</motivo_inesito><campo_aggiuntivo/><nome/><cognome/><indirizzo/><cap/><citta/><provincia/></Raccomandata><Raccomandata><nome_file>038312700_57_253.pdf</nome_file><codice_raccomandata>685632054197</codice_raccomandata><data_esito/><tipo_esito/><motivo_inesito>01</motivo_inesito><campo_aggiuntivo/><nome/><cognome/><indirizzo/><cap/><citta/><provincia/></Raccomandata><Raccomandata><nome_file>038312700_57_256.pdf</nome_file><codice_raccomandata>685631980858</codice_raccomandata><data_esito/><tipo_esito/><motivo_inesito>01</motivo_inesito><campo_aggiuntivo/><nome/><cognome/><indirizzo/><cap/><citta/><provincia/></Raccomandata><Raccomandata><nome_file>038312700_57_259.pdf</nome_file><codice_raccomandata>685631995390</codice_raccomandata><data_esito/><tipo_esito/><motivo_inesito>01</motivo_inesito><campo_aggiuntivo/><nome/><cognome/><indirizzo/><cap/><citta/><provincia/></Raccomandata><Raccomandata><nome_file>038312700_57_262.pdf</nome_file><codice_raccomandata>685631996152</codice_raccomandata><data_esito/><tipo_esito/><motivo_inesito>01</motivo_inesito><campo_aggiuntivo/><nome/><cognome/><indirizzo/><cap/><citta/><provincia/></Raccomandata><Raccomandata><nome_file>038312700_57_265.pdf</nome_file><codice_raccomandata>685632070325</codice_raccomandata><data_esito/><tipo_esito/><motivo_inesito>01</motivo_inesito><campo_aggiuntivo/><nome/><cognome/><indirizzo/><cap/><citta/><provincia/></Raccomandata><Raccomandata><nome_file>038312700_57_268.pdf</nome_file><codice_raccomandata>685632055063</codice_raccomandata><data_esito/><tipo_esito/><motivo_inesito>01</motivo_inesito><campo_aggiuntivo/><nome/><cognome/><indirizzo/><cap/><citta/><provincia/></Raccomandata><Raccomandata><nome_file>038312700_57_271.pdf</nome_file><codice_raccomandata>685632072497</codice_raccomandata><data_esito/><tipo_esito/><motivo_inesito>01</motivo_inesito><campo_aggiuntivo/><nome/><cognome/><indirizzo/><cap/><citta/><provincia/></Raccomandata><Raccomandata><nome_file>038312700_57_274.pdf</nome_file><codice_raccomandata>685632060207</codice_raccomandata><data_esito/><tipo_esito/><motivo_inesito>01</motivo_inesito><campo_aggiuntivo/><nome/><cognome/><indirizzo/><cap/><citta/><provincia/></Raccomandata><Raccomandata><nome_file>038312700_57_277.pdf</nome_file><codice_raccomandata>685632060014</codice_raccomandata><data_esito/><tipo_esito/><motivo_inesito>01</motivo_inesito><campo_aggiuntivo/><nome/><cognome/><indirizzo/><cap/><citta/><provincia/></Raccomandata><Raccomandata><nome_file>038312700_57_280.pdf</nome_file><codice_raccomandata>685631986899</codice_raccomandata><data_esito/><tipo_esito/><motivo_inesito>01</motivo_inesito><campo_aggiuntivo/><nome/><cognome/><indirizzo/><cap/><citta/><provincia/></Raccomandata><Raccomandata><nome_file>038312700_57_283.pdf</nome_file><codice_raccomandata>685631983010</codice_raccomandata><data_esito/><tipo_esito/><motivo_inesito>01</motivo_inesito><campo_aggiuntivo/><nome/><cognome/><indirizzo/><cap/><citta/><provincia/></Raccomandata><Raccomandata><nome_file>038312700_57_286.pdf</nome_file><codice_raccomandata>685631983431</codice_raccomandata><data_esito/><tipo_esito/><motivo_inesito>01</motivo_inesito><campo_aggiuntivo/><nome/><cognome/><indirizzo/><cap/><citta/><provincia/></Raccomandata><Raccomandata><nome_file>038312700_57_289.pdf</nome_file><codice_raccomandata>685631980610</codice_raccomandata><data_esito/><tipo_esito/><motivo_inesito>01</motivo_inesito><campo_aggiuntivo/><nome/><cognome/><indirizzo/><cap/><citta/><provincia/></Raccomandata><Raccomandata><nome_file>038312700_57_292.pdf</nome_file><codice_raccomandata>685631977912</codice_raccomandata><data_esito/><tipo_esito/><motivo_inesito>01</motivo_inesito><campo_aggiuntivo/><nome/><cognome/><indirizzo/><cap/><citta/><provincia/></Raccomandata><Raccomandata><nome_file>038312700_57_295.pdf</nome_file><codice_raccomandata>685631997063</codice_raccomandata><data_esito/><tipo_esito/><motivo_inesito>01</motivo_inesito><campo_aggiuntivo/><nome/><cognome/><indirizzo/><cap/><citta/><provincia/></Raccomandata><Raccomandata><nome_file>038312700_57_298.pdf</nome_file><codice_raccomandata>685632060003</codice_raccomandata><data_esito/><tipo_esito/><motivo_inesito>01</motivo_inesito><campo_aggiuntivo/><nome/><cognome/><indirizzo/><cap/><citta/><provincia/></Raccomandata><Raccomandata><nome_file>038312700_57_301.pdf</nome_file><codice_raccomandata>685632070461</codice_raccomandata><data_esito/><tipo_esito/><motivo_inesito>01</motivo_inesito><campo_aggiuntivo/><nome/><cognome/><indirizzo/><cap/><citta/><provincia/></Raccomandata><Raccomandata><nome_file>038312700_57_304.pdf</nome_file><codice_raccomandata>685632070438</codice_raccomandata><data_esito/><tipo_esito/><motivo_inesito>01</motivo_inesito><campo_aggiuntivo/><nome/><cognome/><indirizzo/><cap/><citta/><provincia/></Raccomandata><Raccomandata><nome_file>038312700_57_307.pdf</nome_file><codice_raccomandata>685632058374</codice_raccomandata><data_esito/><tipo_esito/><motivo_inesito>01</motivo_inesito><campo_aggiuntivo/><nome/><cognome/><indirizzo/><cap/><citta/><provincia/></Raccomandata><Raccomandata><nome_file>038312700_57_310.pdf</nome_file><codice_raccomandata>685632074179</codice_raccomandata><data_esito/><tipo_esito/><motivo_inesito>01</motivo_inesito><campo_aggiuntivo/><nome/><cognome/><indirizzo/><cap/><citta/><provincia/></Raccomandata><Raccomandata><nome_file>038312700_57_313.pdf</nome_file><codice_raccomandata>685632072430</codice_raccomandata><data_esito/><tipo_esito/><motivo_inesito>01</motivo_inesito><campo_aggiuntivo/><nome/><cognome/><indirizzo/><cap/><citta/><provincia/></Raccomandata><Raccomandata><nome_file>038312700_57_316.pdf</nome_file><codice_raccomandata>685632069618</codice_raccomandata><data_esito/><tipo_esito/><motivo_inesito>01</motivo_inesito><campo_aggiuntivo/><nome/><cognome/><indirizzo/><cap/><citta/><provincia/></Raccomandata><Raccomandata><nome_file>038312700_57_319.pdf</nome_file><codice_raccomandata>685632069641</codice_raccomandata><data_esito/><tipo_esito/><motivo_inesito>01</motivo_inesito><campo_aggiuntivo/><nome/><cognome/><indirizzo/><cap/><citta/><provincia/></Raccomandata><Raccomandata><nome_file>038312700_57_322.pdf</nome_file><codice_raccomandata>685632068424</codice_raccomandata><data_esito/><tipo_esito/><motivo_inesito>01</motivo_inesito><campo_aggiuntivo/><nome/><cognome/><indirizzo/><cap/><citta/><provincia/></Raccomandata><Raccomandata><nome_file>038312700_57_325.pdf</nome_file><codice_raccomandata>685632069685</codice_raccomandata><data_esito/><tipo_esito/><motivo_inesito>01</motivo_inesito><campo_aggiuntivo/><nome/><cognome/><indirizzo/><cap/><citta/><provincia/></Raccomandata><Raccomandata><nome_file>038312700_57_328.pdf</nome_file><codice_raccomandata>685632070153</codice_raccomandata><data_esito/><tipo_esito/><motivo_inesito>01</motivo_inesito><campo_aggiuntivo/><nome/><cognome/><indirizzo/><cap/><citta/><provincia/></Raccomandata><Raccomandata><nome_file>038312700_57_331.pdf</nome_file><codice_raccomandata>685632069709</codice_raccomandata><data_esito/><tipo_esito/><motivo_inesito>01</motivo_inesito><campo_aggiuntivo/><nome/><cognome/><indirizzo/><cap/><citta/><provincia/></Raccomandata><Raccomandata><nome_file>038312700_57_334.pdf</nome_file><codice_raccomandata>685632074215</codice_raccomandata><data_esito/><tipo_esito/><motivo_inesito>01</motivo_inesito><campo_aggiuntivo/><nome/><cognome/><indirizzo/><cap/><citta/><provincia/></Raccomandata><Raccomandata><nome_file>038312700_57_337.pdf</nome_file><codice_raccomandata>685632056532</codice_raccomandata><data_esito/><tipo_esito/><motivo_inesito>01</motivo_inesito><campo_aggiuntivo/><nome/><cognome/><indirizzo/><cap/><citta/><provincia/></Raccomandata><Raccomandata><nome_file>038312700_57_340.pdf</nome_file><codice_raccomandata>685632055132</codice_raccomandata><data_esito/><tipo_esito/><motivo_inesito>01</motivo_inesito><campo_aggiuntivo/><nome/><cognome/><indirizzo/><cap/><citta/><provincia/></Raccomandata><Raccomandata><nome_file>038312700_57_343.pdf</nome_file><codice_raccomandata>685632069036</codice_raccomandata><data_esito/><tipo_esito/><motivo_inesito>01</motivo_inesito><campo_aggiuntivo/><nome/><cognome/><indirizzo/><cap/><citta/><provincia/></Raccomandata><Raccomandata><nome_file>038312700_57_346.pdf</nome_file><codice_raccomandata>685632073351</codice_raccomandata><data_esito/><tipo_esito/><motivo_inesito>01</motivo_inesito><campo_aggiuntivo/><nome/><cognome/><indirizzo/><cap/><citta/><provincia/></Raccomandata><Raccomandata><nome_file>038312700_57_349.pdf</nome_file><codice_raccomandata>685632055165</codice_raccomandata><data_esito/><tipo_esito/><motivo_inesito>01</motivo_inesito><campo_aggiuntivo/><nome/><cognome/><indirizzo/><cap/><citta/><provincia/></Raccomandata><Raccomandata><nome_file>038312700_57_352.pdf</nome_file><codice_raccomandata>685632067273</codice_raccomandata><data_esito/><tipo_esito/><motivo_inesito>01</motivo_inesito><campo_aggiuntivo/><nome/><cognome/><indirizzo/><cap/><citta/><provincia/></Raccomandata><Raccomandata><nome_file>038312700_57_355.pdf</nome_file><codice_raccomandata>685631969741</codice_raccomandata><data_esito/><tipo_esito/><motivo_inesito>01</motivo_inesito><campo_aggiuntivo/><nome/><cognome/><indirizzo/><cap/><citta/><provincia/></Raccomandata><Raccomandata><nome_file>038312700_57_358.pdf</nome_file><codice_raccomandata>685631986207</codice_raccomandata><data_esito/><tipo_esito/><motivo_inesito>01</motivo_inesito><campo_aggiuntivo/><nome/><cognome/><indirizzo/><cap/><citta/><provincia/></Raccomandata><Raccomandata><nome_file>038312700_57_361.pdf</nome_file><codice_raccomandata>685631985694</codice_raccomandata><data_esito/><tipo_esito/><motivo_inesito>01</motivo_inesito><campo_aggiuntivo/><nome/><cognome/><indirizzo/><cap/><citta/><provincia/></Raccomandata><Raccomandata><nome_file>038312700_57_364.pdf</nome_file><codice_raccomandata>685631987492</codice_raccomandata><data_esito/><tipo_esito/><motivo_inesito>01</motivo_inesito><campo_aggiuntivo/><nome/><cognome/><indirizzo/><cap/><citta/><provincia/></Raccomandata><Raccomandata><nome_file>038312700_57_367.pdf</nome_file><codice_raccomandata>685631993467</codice_raccomandata><data_esito/><tipo_esito/><motivo_inesito>01</motivo_inesito><campo_aggiuntivo/><nome/><cognome/><indirizzo/><cap/><citta/><provincia/></Raccomandata><Raccomandata><nome_file>038312700_57_370.pdf</nome_file><codice_raccomandata>685631973041</codice_raccomandata><data_esito/><tipo_esito/><motivo_inesito>01</motivo_inesito><campo_aggiuntivo/><nome/><cognome/><indirizzo/><cap/><citta/><provincia/></Raccomandata><Raccomandata><nome_file>038312700_57_373.pdf</nome_file><codice_raccomandata>685631967112</codice_raccomandata><data_esito/><tipo_esito/><motivo_inesito>01</motivo_inesito><campo_aggiuntivo/><nome/><cognome/><indirizzo/><cap/><citta/><provincia/></Raccomandata><Raccomandata><nome_file>038312700_57_376.pdf</nome_file><codice_raccomandata>685631973996</codice_raccomandata><data_esito/><tipo_esito/><motivo_inesito>01</motivo_inesito><campo_aggiuntivo/><nome/><cognome/><indirizzo/><cap/><citta/><provincia/></Raccomandata><Raccomandata><nome_file>038312700_57_379.pdf</nome_file><codice_raccomandata>685631992512</codice_raccomandata><data_esito/><tipo_esito/><motivo_inesito>01</motivo_inesito><campo_aggiuntivo/><nome/><cognome/><indirizzo/><cap/><citta/><provincia/></Raccomandata><Raccomandata><nome_file>038312700_57_382.pdf</nome_file><codice_raccomandata>685631967783</codice_raccomandata><data_esito/><tipo_esito/><motivo_inesito>01</motivo_inesito><campo_aggiuntivo/><nome/><cognome/><indirizzo/><cap/><citta/><provincia/></Raccomandata><Raccomandata><nome_file>038312700_57_385.pdf</nome_file><codice_raccomandata>685631988015</codice_raccomandata><data_esito/><tipo_esito/><motivo_inesito>01</motivo_inesito><campo_aggiuntivo/><nome/><cognome/><indirizzo/><cap/><citta/><provincia/></Raccomandata><Raccomandata><nome_file>038312700_57_388.pdf</nome_file><codice_raccomandata>685631987504</codice_raccomandata><data_esito/><tipo_esito/><motivo_inesito>01</motivo_inesito><campo_aggiuntivo/><nome/><cognome/><indirizzo/><cap/><citta/><provincia/></Raccomandata><Raccomandata><nome_file>038312700_57_391.pdf</nome_file><codice_raccomandata>685631987242</codice_raccomandata><data_esito/><tipo_esito/><motivo_inesito>01</motivo_inesito><campo_aggiuntivo/><nome/><cognome/><indirizzo/><cap/><citta/><provincia/></Raccomandata><Raccomandata><nome_file>038312700_57_394.pdf</nome_file><codice_raccomandata>685632075216</codice_raccomandata><data_esito/><tipo_esito/><motivo_inesito>01</motivo_inesito><campo_aggiuntivo/><nome/><cognome/><indirizzo/><cap/><citta/><provincia/></Raccomandata><Raccomandata><nome_file>038312700_57_397.pdf</nome_file><codice_raccomandata>685632074693</codice_raccomandata><data_esito/><tipo_esito/><motivo_inesito>01</motivo_inesito><campo_aggiuntivo/><nome/><cognome/><indirizzo/><cap/><citta/><provincia/></Raccomandata><Raccomandata><nome_file>038312700_57_400.pdf</nome_file><codice_raccomandata>685631988994</codice_raccomandata><data_esito/><tipo_esito/><motivo_inesito>01</motivo_inesito><campo_aggiuntivo/><nome/><cognome/><indirizzo/><cap/><citta/><provincia/></Raccomandata><Raccomandata><nome_file>038312700_57_403.pdf</nome_file><codice_raccomandata>685632076057</codice_raccomandata><data_esito/><tipo_esito/><motivo_inesito>01</motivo_inesito><campo_aggiuntivo/><nome/><cognome/><indirizzo/><cap/><citta/><provincia/></Raccomandata><Raccomandata><nome_file>038312700_57_406.pdf</nome_file><codice_raccomandata>685631992432</codice_raccomandata><data_esito/><tipo_esito/><motivo_inesito>01</motivo_inesito><campo_aggiuntivo/><nome/><cognome/><indirizzo/><cap/><citta/><provincia/></Raccomandata><Raccomandata><nome_file>038312700_57_409.pdf</nome_file><codice_raccomandata>685631991750</codice_raccomandata><data_esito/><tipo_esito/><motivo_inesito>01</motivo_inesito><campo_aggiuntivo/><nome/><cognome/><indirizzo/><cap/><citta/><provincia/></Raccomandata><Raccomandata><nome_file>038312700_57_412.pdf</nome_file><codice_raccomandata>685632074853</codice_raccomandata><data_esito/><tipo_esito/><motivo_inesito>01</motivo_inesito><campo_aggiuntivo/><nome/><cognome/><indirizzo/><cap/><citta/><provincia/></Raccomandata><Raccomandata><nome_file>038312700_57_415.pdf</nome_file><codice_raccomandata>685631969718</codice_raccomandata><data_esito/><tipo_esito/><motivo_inesito>01</motivo_inesito><campo_aggiuntivo/><nome/><cognome/><indirizzo/><cap/><citta/><provincia/></Raccomandata><Raccomandata><nome_file>038312700_57_418.pdf</nome_file><codice_raccomandata>685631991613</codice_raccomandata><data_esito/><tipo_esito/><motivo_inesito>01</motivo_inesito><campo_aggiuntivo/><nome/><cognome/><indirizzo/><cap/><citta/><provincia/></Raccomandata><Raccomandata><nome_file>038312700_57_421.pdf</nome_file><codice_raccomandata>685632074523</codice_raccomandata><data_esito/><tipo_esito/><motivo_inesito>01</motivo_inesito><campo_aggiuntivo/><nome/><cognome/><indirizzo/><cap/><citta/><provincia/></Raccomandata><Raccomandata><nome_file>038312700_57_424.pdf</nome_file><codice_raccomandata>685631967772</codice_raccomandata><data_esito/><tipo_esito/><motivo_inesito>01</motivo_inesito><campo_aggiuntivo/><nome/><cognome/><indirizzo/><cap/><citta/><provincia/></Raccomandata><Raccomandata><nome_file>038312700_57_427.pdf</nome_file><codice_raccomandata>685631969411</codice_raccomandata><data_esito/><tipo_esito/><motivo_inesito>01</motivo_inesito><campo_aggiuntivo/><nome/><cognome/><indirizzo/><cap/><citta/><provincia/></Raccomandata><Raccomandata><nome_file>038312700_57_430.pdf</nome_file><codice_raccomandata>685631996700</codice_raccomandata><data_esito/><tipo_esito/><motivo_inesito>01</motivo_inesito><campo_aggiuntivo/><nome/><cognome/><indirizzo/><cap/><citta/><provincia/></Raccomandata><Raccomandata><nome_file>038312700_57_433.pdf</nome_file><codice_raccomandata>685631967738</codice_raccomandata><data_esito/><tipo_esito/><motivo_inesito>01</motivo_inesito><campo_aggiuntivo/><nome/><cognome/><indirizzo/><cap/><citta/><provincia/></Raccomandata><Raccomandata><nome_file>038312700_57_436.pdf</nome_file><codice_raccomandata>685631988915</codice_raccomandata><data_esito/><tipo_esito/><motivo_inesito>01</motivo_inesito><campo_aggiuntivo/><nome/><cognome/><indirizzo/><cap/><citta/><provincia/></Raccomandata><Raccomandata><nome_file>038312700_57_439.pdf</nome_file><codice_raccomandata>685632070062</codice_raccomandata><data_esito/><tipo_esito/><motivo_inesito>05</motivo_inesito><campo_aggiuntivo/><nome/><cognome/><indirizzo/><cap/><citta/><provincia/></Raccomandata><Raccomandata><nome_file>038312700_57_442.pdf</nome_file><codice_raccomandata>685632070847</codice_raccomandata><data_esito/><tipo_esito/><motivo_inesito>05</motivo_inesito><campo_aggiuntivo/><nome/><cognome/><indirizzo/><cap/><citta/><provincia/></Raccomandata><Raccomandata><nome_file>038312700_57_445.pdf</nome_file><codice_raccomandata>685632059945</codice_raccomandata><data_esito/><tipo_esito/><motivo_inesito>05</motivo_inesito><campo_aggiuntivo/><nome/><cognome/><indirizzo/><cap/><citta/><provincia/></Raccomandata><Raccomandata><nome_file>038312700_57_448.pdf</nome_file><codice_raccomandata>685632076137</codice_raccomandata><data_esito/><tipo_esito/><motivo_inesito>05</motivo_inesito><campo_aggiuntivo/><nome/><cognome/><indirizzo/><cap/><citta/><provincia/></Raccomandata><Raccomandata><nome_file>038312700_57_451.pdf</nome_file><codice_raccomandata>685632060344</codice_raccomandata><data_esito/><tipo_esito/><motivo_inesito>05</motivo_inesito><campo_aggiuntivo/><nome/><cognome/><indirizzo/><cap/><citta/><provincia/></Raccomandata><Raccomandata><nome_file>038312700_57_454.pdf</nome_file><codice_raccomandata>685631977672</codice_raccomandata><data_esito/><tipo_esito/><motivo_inesito>05</motivo_inesito><campo_aggiuntivo/><nome/><cognome/><indirizzo/><cap/><citta/><provincia/></Raccomandata><Raccomandata><nome_file>038312700_57_457.pdf</nome_file><codice_raccomandata>685631977706</codice_raccomandata><data_esito/><tipo_esito/><motivo_inesito>05</motivo_inesito><campo_aggiuntivo/><nome/><cognome/><indirizzo/><cap/><citta/><provincia/></Raccomandata><Raccomandata><nome_file>038312700_57_460.pdf</nome_file><codice_raccomandata>685631977683</codice_raccomandata><data_esito/><tipo_esito/><motivo_inesito>05</motivo_inesito><campo_aggiuntivo/><nome/><cognome/><indirizzo/><cap/><citta/><provincia/></Raccomandata><Raccomandata><nome_file>038312700_57_463.pdf</nome_file><codice_raccomandata>685632075661</codice_raccomandata><data_esito/><tipo_esito/><motivo_inesito>05</motivo_inesito><campo_aggiuntivo/><nome/><cognome/><indirizzo/><cap/><citta/><provincia/></Raccomandata><Raccomandata><nome_file>038312700_57_466.pdf</nome_file><codice_raccomandata>685631974873</codice_raccomandata><data_esito/><tipo_esito/><motivo_inesito>05</motivo_inesito><campo_aggiuntivo/><nome/><cognome/><indirizzo/><cap/><citta/><provincia/></Raccomandata><Raccomandata><nome_file>038312700_57_469.pdf</nome_file><codice_raccomandata>685631985398</codice_raccomandata><data_esito/><tipo_esito/><motivo_inesito>05</motivo_inesito><campo_aggiuntivo/><nome/><cognome/><indirizzo/><cap/><citta/><provincia/></Raccomandata><Raccomandata><nome_file>038312700_57_472.pdf</nome_file><codice_raccomandata>685632057101</codice_raccomandata><data_esito/><tipo_esito/><motivo_inesito>06</motivo_inesito><campo_aggiuntivo/><nome/><cognome/><indirizzo/><cap/><citta/><provincia/></Raccomandata><Raccomandata><nome_file>038312700_57_475.pdf</nome_file><codice_raccomandata>685632075912</codice_raccomandata><data_esito/><tipo_esito/><motivo_inesito>06</motivo_inesito><campo_aggiuntivo/><nome/><cognome/><indirizzo/><cap/><citta/><provincia/></Raccomandata><Raccomandata><nome_file>038312700_57_478.pdf</nome_file><codice_raccomandata>685631975726</codice_raccomandata><data_esito/><tipo_esito/><motivo_inesito>06</motivo_inesito><campo_aggiuntivo/><nome/><cognome/><indirizzo/><cap/><citta/><provincia/></Raccomandata><Raccomandata><nome_file>038312700_57_481.pdf</nome_file><codice_raccomandata>685632059570</codice_raccomandata><data_esito/><tipo_esito/><motivo_inesito>03</motivo_inesito><campo_aggiuntivo/><nome/><cognome/><indirizzo/><cap/><citta/><provincia/></Raccomandata><Raccomandata><nome_file>038312700_57_484.pdf</nome_file><codice_raccomandata>685632060218</codice_raccomandata><data_esito/><tipo_esito/><motivo_inesito>03</motivo_inesito><campo_aggiuntivo/><nome/><cognome/><indirizzo/><cap/><citta/><provincia/></Raccomandata><Raccomandata><nome_file>038312700_57_487.pdf</nome_file><codice_raccomandata>685632064907</codice_raccomandata><data_esito/><tipo_esito/><motivo_inesito>03</motivo_inesito><campo_aggiuntivo/><nome/><cognome/><indirizzo/><cap/><citta/><provincia/></Raccomandata><Raccomandata><nome_file>038312700_57_490.pdf</nome_file><codice_raccomandata>685632061196</codice_raccomandata><data_esito/><tipo_esito/><motivo_inesito>03</motivo_inesito><campo_aggiuntivo/><nome/><cognome/><indirizzo/><cap/><citta/><provincia/></Raccomandata><Raccomandata><nome_file>038312700_57_493.pdf</nome_file><codice_raccomandata>685632061208</codice_raccomandata><data_esito/><tipo_esito/><motivo_inesito>03</motivo_inesito><campo_aggiuntivo/><nome/><cognome/><indirizzo/><cap/><citta/><provincia/></Raccomandata><Raccomandata><nome_file>038312700_57_496.pdf</nome_file><codice_raccomandata>685632063289</codice_raccomandata><data_esito/><tipo_esito/><motivo_inesito>03</motivo_inesito><campo_aggiuntivo/><nome/><cognome/><indirizzo/><cap/><citta/><provincia/></Raccomandata><Raccomandata><nome_file>038312700_57_499.pdf</nome_file><codice_raccomandata>685631985091</codice_raccomandata><data_esito/><tipo_esito/><motivo_inesito>03</motivo_inesito><campo_aggiuntivo/><nome/><cognome/><indirizzo/><cap/><citta/><provincia/></Raccomandata><Raccomandata><nome_file>038312700_57_502.pdf</nome_file><codice_raccomandata>685632068606</codice_raccomandata><data_esito/><tipo_esito/><motivo_inesito>03</motivo_inesito><campo_aggiuntivo/><nome/><cognome/><indirizzo/><cap/><citta/><provincia/></Raccomandata><Raccomandata><nome_file>038312700_57_505.pdf</nome_file><codice_raccomandata>685632055074</codice_raccomandata><data_esito/><tipo_esito/><motivo_inesito>03</motivo_inesito><campo_aggiuntivo/><nome/><cognome/><indirizzo/><cap/><citta/><provincia/></Raccomandata><Raccomandata><nome_file>038312700_57_508.pdf</nome_file><codice_raccomandata>685632068866</codice_raccomandata><data_esito/><tipo_esito/><motivo_inesito>03</motivo_inesito><campo_aggiuntivo/><nome/><cognome/><indirizzo/><cap/><citta/><provincia/></Raccomandata><Raccomandata><nome_file>038312700_57_511.pdf</nome_file><codice_raccomandata>685632056122</codice_raccomandata><data_esito/><tipo_esito/><motivo_inesito>03</motivo_inesito><campo_aggiuntivo/><nome/><cognome/><indirizzo/><cap/><citta/><provincia/></Raccomandata><Raccomandata><nome_file>038312700_57_514.pdf</nome_file><codice_raccomandata>685632071256</codice_raccomandata><data_esito/><tipo_esito/><motivo_inesito>03</motivo_inesito><campo_aggiuntivo/><nome/><cognome/><indirizzo/><cap/><citta/><provincia/></Raccomandata><Raccomandata><nome_file>038312700_57_517.pdf</nome_file><codice_raccomandata>685632073613</codice_raccomandata><data_esito/><tipo_esito/><motivo_inesito>03</motivo_inesito><campo_aggiuntivo/><nome/><cognome/><indirizzo/><cap/><citta/><provincia/></Raccomandata><Raccomandata><nome_file>038312700_57_520.pdf</nome_file><codice_raccomandata>685632073374</codice_raccomandata><data_esito/><tipo_esito/><motivo_inesito>03</motivo_inesito><campo_aggiuntivo/><nome/><cognome/><indirizzo/><cap/><citta/><provincia/></Raccomandata><Raccomandata><nome_file>038312700_57_523.pdf</nome_file><codice_raccomandata>685632069812</codice_raccomandata><data_esito/><tipo_esito/><motivo_inesito>03</motivo_inesito><campo_aggiuntivo/><nome/><cognome/><indirizzo/><cap/><citta/><provincia/></Raccomandata><Raccomandata><nome_file>038312700_57_526.pdf</nome_file><codice_raccomandata>685632054507</codice_raccomandata><data_esito/><tipo_esito/><motivo_inesito>03</motivo_inesito><campo_aggiuntivo/><nome/><cognome/><indirizzo/><cap/><citta/><provincia/></Raccomandata><Raccomandata><nome_file>038312700_57_529.pdf</nome_file><codice_raccomandata>685632069958</codice_raccomandata><data_esito/><tipo_esito/><motivo_inesito>03</motivo_inesito><campo_aggiuntivo/><nome/><cognome/><indirizzo/><cap/><citta/><provincia/></Raccomandata><Raccomandata><nome_file>038312700_57_532.pdf</nome_file><codice_raccomandata>685632068582</codice_raccomandata><data_esito/><tipo_esito/><motivo_inesito>03</motivo_inesito><campo_aggiuntivo/><nome/><cognome/><indirizzo/><cap/><citta/><provincia/></Raccomandata><Raccomandata><nome_file>038312700_57_535.pdf</nome_file><codice_raccomandata>685632069071</codice_raccomandata><data_esito/><tipo_esito/><motivo_inesito>03</motivo_inesito><campo_aggiuntivo/><nome/><cognome/><indirizzo/><cap/><citta/><provincia/></Raccomandata><Raccomandata><nome_file>038312700_57_538.pdf</nome_file><codice_raccomandata>685632069047</codice_raccomandata><data_esito/><tipo_esito/><motivo_inesito>03</motivo_inesito><campo_aggiuntivo/><nome/><cognome/><indirizzo/><cap/><citta/><provincia/></Raccomandata><Raccomandata><nome_file>038312700_57_541.pdf</nome_file><codice_raccomandata>685632056111</codice_raccomandata><data_esito/><tipo_esito/><motivo_inesito>03</motivo_inesito><campo_aggiuntivo/><nome/><cognome/><indirizzo/><cap/><citta/><provincia/></Raccomandata><Raccomandata><nome_file>038312700_57_544.pdf</nome_file><codice_raccomandata>685632060253</codice_raccomandata><data_esito/><tipo_esito/><motivo_inesito>03</motivo_inesito><campo_aggiuntivo/><nome/><cognome/><indirizzo/><cap/><citta/><provincia/></Raccomandata><Raccomandata><nome_file>038312700_57_547.pdf</nome_file><codice_raccomandata>685631990667</codice_raccomandata><data_esito/><tipo_esito/><motivo_inesito>03</motivo_inesito><campo_aggiuntivo/><nome/><cognome/><indirizzo/><cap/><citta/><provincia/></Raccomandata><Raccomandata><nome_file>038312700_57_550.pdf</nome_file><codice_raccomandata>685632071187</codice_raccomandata><data_esito/><tipo_esito/><motivo_inesito>03</motivo_inesito><campo_aggiuntivo/><nome/><cognome/><indirizzo/><cap/><citta/><provincia/></Raccomandata><Raccomandata><nome_file>038312700_57_553.pdf</nome_file><codice_raccomandata>685632071564</codice_raccomandata><data_esito/><tipo_esito/><motivo_inesito>03</motivo_inesito><campo_aggiuntivo/><nome/><cognome/><indirizzo/><cap/><citta/><provincia/></Raccomandata><Raccomandata><nome_file>038312700_57_556.pdf</nome_file><codice_raccomandata>685632070723</codice_raccomandata><data_esito/><tipo_esito/><motivo_inesito>03</motivo_inesito><campo_aggiuntivo/><nome/><cognome/><indirizzo/><cap/><citta/><provincia/></Raccomandata><Raccomandata><nome_file>038312700_57_559.pdf</nome_file><codice_raccomandata>685631968102</codice_raccomandata><data_esito/><tipo_esito/><motivo_inesito>03</motivo_inesito><campo_aggiuntivo/><nome/><cognome/><indirizzo/><cap/><citta/><provincia/></Raccomandata><Raccomandata><nome_file>038312700_57_562.pdf</nome_file><codice_raccomandata>685631978002</codice_raccomandata><data_esito/><tipo_esito/><motivo_inesito>03</motivo_inesito><campo_aggiuntivo/><nome/><cognome/><indirizzo/><cap/><citta/><provincia/></Raccomandata><Raccomandata><nome_file>038312700_57_565.pdf</nome_file><codice_raccomandata>685631971937</codice_raccomandata><data_esito/><tipo_esito/><motivo_inesito>03</motivo_inesito><campo_aggiuntivo/><nome/><cognome/><indirizzo/><cap/><citta/><provincia/></Raccomandata><Raccomandata><nome_file>038312700_57_568.pdf</nome_file><codice_raccomandata>685631972107</codice_raccomandata><data_esito/><tipo_esito/><motivo_inesito>03</motivo_inesito><campo_aggiuntivo/><nome/><cognome/><indirizzo/><cap/><citta/><provincia/></Raccomandata><Raccomandata><nome_file>038312700_57_571.pdf</nome_file><codice_raccomandata>685631990189</codice_raccomandata><data_esito/><tipo_esito/><motivo_inesito>03</motivo_inesito><campo_aggiuntivo/><nome/><cognome/><indirizzo/><cap/><citta/><provincia/></Raccomandata><Raccomandata><nome_file>038312700_57_574.pdf</nome_file><codice_raccomandata>685632075502</codice_raccomandata><data_esito/><tipo_esito/><motivo_inesito>03</motivo_inesito><campo_aggiuntivo/><nome/><cognome/><indirizzo/><cap/><citta/><provincia/></Raccomandata><Raccomandata><nome_file>038312700_57_577.pdf</nome_file><codice_raccomandata>685632064577</codice_raccomandata><data_esito/><tipo_esito/><motivo_inesito>03</motivo_inesito><campo_aggiuntivo/><nome/><cognome/><indirizzo/><cap/><citta/><provincia/></Raccomandata><Raccomandata><nome_file>038312700_57_580.pdf</nome_file><codice_raccomandata>685632071289</codice_raccomandata><data_esito/><tipo_esito/><motivo_inesito>03</motivo_inesito><campo_aggiuntivo/><nome/><cognome/><indirizzo/><cap/><citta/><provincia/></Raccomandata><Raccomandata><nome_file>038312700_57_583.pdf</nome_file><codice_raccomandata>685632071267</codice_raccomandata><data_esito/><tipo_esito/><motivo_inesito>03</motivo_inesito><campo_aggiuntivo/><nome/><cognome/><indirizzo/><cap/><citta/><provincia/></Raccomandata><Raccomandata><nome_file>038312700_57_586.pdf</nome_file><codice_raccomandata>685632071278</codice_raccomandata><data_esito/><tipo_esito/><motivo_inesito>03</motivo_inesito><campo_aggiuntivo/><nome/><cognome/><indirizzo/><cap/><citta/><provincia/></Raccomandata><Raccomandata><nome_file>038312700_57_589.pdf</nome_file><codice_raccomandata>685632062632</codice_raccomandata><data_esito/><tipo_esito/><motivo_inesito>03</motivo_inesito><campo_aggiuntivo/><nome/><cognome/><indirizzo/><cap/><citta/><provincia/></Raccomandata><Raccomandata><nome_file>038312700_57_592.pdf</nome_file><codice_raccomandata>685631986241</codice_raccomandata><data_esito/><tipo_esito/><motivo_inesito>03</motivo_inesito><campo_aggiuntivo/><nome/><cognome/><indirizzo/><cap/><citta/><provincia/></Raccomandata><Raccomandata><nome_file>038312700_57_595.pdf</nome_file><codice_raccomandata>685631994184</codice_raccomandata><data_esito/><tipo_esito/><motivo_inesito>03</motivo_inesito><campo_aggiuntivo/><nome/><cognome/><indirizzo/><cap/><citta/><provincia/></Raccomandata><Raccomandata><nome_file>038312700_57_598.pdf</nome_file><codice_raccomandata>685631990190</codice_raccomandata><data_esito/><tipo_esito/><motivo_inesito>03</motivo_inesito><campo_aggiuntivo/><nome/><cognome/><indirizzo/><cap/><citta/><provincia/></Raccomandata><Raccomandata><nome_file>038312700_57_601.pdf</nome_file><codice_raccomandata>685631981770</codice_raccomandata><data_esito/><tipo_esito/><motivo_inesito>03</motivo_inesito><campo_aggiuntivo/><nome/><cognome/><indirizzo/><cap/><citta/><provincia/></Raccomandata><Raccomandata><nome_file>038312700_57_604.pdf</nome_file><codice_raccomandata>685631986695</codice_raccomandata><data_esito/><tipo_esito/><motivo_inesito>03</motivo_inesito><campo_aggiuntivo/><nome/><cognome/><indirizzo/><cap/><citta/><provincia/></Raccomandata><Raccomandata><nome_file>038312700_57_607.pdf</nome_file><codice_raccomandata>685631993730</codice_raccomandata><data_esito/><tipo_esito/><motivo_inesito>03</motivo_inesito><campo_aggiuntivo/><nome/><cognome/><indirizzo/><cap/><citta/><provincia/></Raccomandata><Raccomandata><nome_file>038312700_57_610.pdf</nome_file><codice_raccomandata>685631989438</codice_raccomandata><data_esito/><tipo_esito/><motivo_inesito>03</motivo_inesito><campo_aggiuntivo/><nome/><cognome/><indirizzo/><cap/><citta/><provincia/></Raccomandata><Raccomandata><nome_file>038312700_57_613.pdf</nome_file><codice_raccomandata>685631990964</codice_raccomandata><data_esito/><tipo_esito/><motivo_inesito>03</motivo_inesito><campo_aggiuntivo/><nome/><cognome/><indirizzo/><cap/><citta/><provincia/></Raccomandata><Raccomandata><nome_file>038312700_57_616.pdf</nome_file><codice_raccomandata>685631983476</codice_raccomandata><data_esito/><tipo_esito/><motivo_inesito>03</motivo_inesito><campo_aggiuntivo/><nome/><cognome/><indirizzo/><cap/><citta/><provincia/></Raccomandata><Raccomandata><nome_file>038312700_57_619.pdf</nome_file><codice_raccomandata>685631990975</codice_raccomandata><data_esito/><tipo_esito/><motivo_inesito>03</motivo_inesito><campo_aggiuntivo/><nome/><cognome/><indirizzo/><cap/><citta/><provincia/></Raccomandata><Raccomandata><nome_file>038312700_57_622.pdf</nome_file><codice_raccomandata>685631983487</codice_raccomandata><data_esito/><tipo_esito/><motivo_inesito>03</motivo_inesito><campo_aggiuntivo/><nome/><cognome/><indirizzo/><cap/><citta/><provincia/></Raccomandata><Raccomandata><nome_file>038312700_57_625.pdf</nome_file><codice_raccomandata>685631974975</codice_raccomandata><data_esito/><tipo_esito/><motivo_inesito>03</motivo_inesito><campo_aggiuntivo/><nome/><cognome/><indirizzo/><cap/><citta/><provincia/></Raccomandata><Raccomandata><nome_file>038312700_57_628.pdf</nome_file><codice_raccomandata>685631968659</codice_raccomandata><data_esito/><tipo_esito/><motivo_inesito>03</motivo_inesito><campo_aggiuntivo/><nome/><cognome/><indirizzo/><cap/><citta/><provincia/></Raccomandata><Raccomandata><nome_file>038312700_57_634.pdf</nome_file><codice_raccomandata>685631968591</codice_raccomandata><data_esito/><tipo_esito/><motivo_inesito>03</motivo_inesito><campo_aggiuntivo/><nome/><cognome/><indirizzo/><cap/><citta/><provincia/></Raccomandata><Raccomandata><nome_file>038312700_57_637.pdf</nome_file><codice_raccomandata>685631982407</codice_raccomandata><data_esito/><tipo_esito/><motivo_inesito>03</motivo_inesito><campo_aggiuntivo/><nome/><cognome/><indirizzo/><cap/><citta/><provincia/></Raccomandata><Raccomandata><nome_file>038312700_57_640.pdf</nome_file><codice_raccomandata>685631996175</codice_raccomandata><data_esito/><tipo_esito/><motivo_inesito>03</motivo_inesito><campo_aggiuntivo/><nome/><cognome/><indirizzo/><cap/><citta/><provincia/></Raccomandata><Raccomandata><nome_file>038312700_57_643.pdf</nome_file><codice_raccomandata>685631972120</codice_raccomandata><data_esito/><tipo_esito/><motivo_inesito>03</motivo_inesito><campo_aggiuntivo/><nome/><cognome/><indirizzo/><cap/><citta/><provincia/></Raccomandata><Raccomandata><nome_file>038312700_57_646.pdf</nome_file><codice_raccomandata>685631989916</codice_raccomandata><data_esito/><tipo_esito/><motivo_inesito>03</motivo_inesito><campo_aggiuntivo/><nome/><cognome/><indirizzo/><cap/><citta/><provincia/></Raccomandata><Raccomandata><nome_file>038312700_57_649.pdf</nome_file><codice_raccomandata>685631974007</codice_raccomandata><data_esito/><tipo_esito/><motivo_inesito>03</motivo_inesito><campo_aggiuntivo/><nome/><cognome/><indirizzo/><cap/><citta/><provincia/></Raccomandata><Raccomandata><nome_file>038312700_57_652.pdf</nome_file><codice_raccomandata>685631984033</codice_raccomandata><data_esito/><tipo_esito/><motivo_inesito>03</motivo_inesito><campo_aggiuntivo/><nome/><cognome/><indirizzo/><cap/><citta/><provincia/></Raccomandata><Raccomandata><nome_file>038312700_57_655.pdf</nome_file><codice_raccomandata>685631994309</codice_raccomandata><data_esito/><tipo_esito/><motivo_inesito>03</motivo_inesito><campo_aggiuntivo/><nome/><cognome/><indirizzo/><cap/><citta/><provincia/></Raccomandata><Raccomandata><nome_file>038312700_57_658.pdf</nome_file><codice_raccomandata>685631996516</codice_raccomandata><data_esito/><tipo_esito/><motivo_inesito>04</motivo_inesito><campo_aggiuntivo/><nome/><cognome/><indirizzo/><cap/><citta/><provincia/></Raccomandata><Raccomandata><nome_file>038312700_57_661.pdf</nome_file><codice_raccomandata>685631984443</codice_raccomandata><data_esito/><tipo_esito/><motivo_inesito>03</motivo_inesito><campo_aggiuntivo/><nome/><cognome/><indirizzo/><cap/><citta/><provincia/></Raccomandata><Raccomandata><nome_file>038312700_57_664.pdf</nome_file><codice_raccomandata>685631988437</codice_raccomandata><data_esito/><tipo_esito/><motivo_inesito>03</motivo_inesito><campo_aggiuntivo/><nome/><cognome/><indirizzo/><cap/><citta/><provincia/></Raccomandata><Raccomandata><nome_file>038312700_57_667.pdf</nome_file><codice_raccomandata>685631988448</codice_raccomandata><data_esito/><tipo_esito/><motivo_inesito>03</motivo_inesito><campo_aggiuntivo/><nome/><cognome/><indirizzo/><cap/><citta/><provincia/></Raccomandata><Raccomandata><nome_file>038312700_57_670.pdf</nome_file><codice_raccomandata>685631976421</codice_raccomandata><data_esito/><tipo_esito/><motivo_inesito>03</motivo_inesito><campo_aggiuntivo/><nome/><cognome/><indirizzo/><cap/><citta/><provincia/></Raccomandata><Raccomandata><nome_file>038312700_57_673.pdf</nome_file><codice_raccomandata>685631978126</codice_raccomandata><data_esito/><tipo_esito/><motivo_inesito>03</motivo_inesito><campo_aggiuntivo/><nome/><cognome/><indirizzo/><cap/><citta/><provincia/></Raccomandata><Raccomandata><nome_file>038312700_57_676.pdf</nome_file><codice_raccomandata>685632060607</codice_raccomandata><data_esito/><tipo_esito/><motivo_inesito>03</motivo_inesito><campo_aggiuntivo/><nome/><cognome/><indirizzo/><cap/><citta/><provincia/></Raccomandata><Raccomandata><nome_file>038312700_57_679.pdf</nome_file><codice_raccomandata>685632059956</codice_raccomandata><data_esito/><tipo_esito/><motivo_inesito>03</motivo_inesito><campo_aggiuntivo/><nome/><cognome/><indirizzo/><cap/><citta/><provincia/></Raccomandata><Raccomandata><nome_file>038312700_57_682.pdf</nome_file><codice_raccomandata>685631993989</codice_raccomandata><data_esito/><tipo_esito/><motivo_inesito>03</motivo_inesito><campo_aggiuntivo/><nome/><cognome/><indirizzo/><cap/><citta/><provincia/></Raccomandata></Spedizione>
