<Spedizione Cliente="Z0088629" Archivio="IDF15090016_I.zip" Filename="IDF15090016_I.xml" NumeroRaccomandate="179"><Raccomandata><nome_file>039533100_57_7.pdf</nome_file><codice_raccomandata>685632267414</codice_raccomandata><data_esito/><tipo_esito/><motivo_inesito>09</motivo_inesito><campo_aggiuntivo/><nome/><cognome/><indirizzo/><cap/><citta/><provincia/></Raccomandata><Raccomandata><nome_file>039533100_57_10.pdf</nome_file><codice_raccomandata>685632265001</codice_raccomandata><data_esito/><tipo_esito/><motivo_inesito>09</motivo_inesito><campo_aggiuntivo/><nome/><cognome/><indirizzo/><cap/><citta/><provincia/></Raccomandata><Raccomandata><nome_file>039533100_57_13.pdf</nome_file><codice_raccomandata>685632277336</codice_raccomandata><data_esito/><tipo_esito/><motivo_inesito>09</motivo_inesito><campo_aggiuntivo/><nome/><cognome/><indirizzo/><cap/><citta/><provincia/></Raccomandata><Raccomandata><nome_file>039533100_57_16.pdf</nome_file><codice_raccomandata>685632274844</codice_raccomandata><data_esito/><tipo_esito/><motivo_inesito>09</motivo_inesito><campo_aggiuntivo/><nome/><cognome/><indirizzo/><cap/><citta/><provincia/></Raccomandata><Raccomandata><nome_file>039533100_57_19.pdf</nome_file><codice_raccomandata>685632073511</codice_raccomandata><data_esito/><tipo_esito/><motivo_inesito>09</motivo_inesito><campo_aggiuntivo/><nome/><cognome/><indirizzo/><cap/><citta/><provincia/></Raccomandata><Raccomandata><nome_file>039533100_57_22.pdf</nome_file><codice_raccomandata>685632274002</codice_raccomandata><data_esito/><tipo_esito/><motivo_inesito>09</motivo_inesito><campo_aggiuntivo/><nome/><cognome/><indirizzo/><cap/><citta/><provincia/></Raccomandata><Raccomandata><nome_file>039533100_57_25.pdf</nome_file><codice_raccomandata>685632273169</codice_raccomandata><data_esito/><tipo_esito/><motivo_inesito>09</motivo_inesito><campo_aggiuntivo/><nome/><cognome/><indirizzo/><cap/><citta/><provincia/></Raccomandata><Raccomandata><nome_file>039533100_57_28.pdf</nome_file><codice_raccomandata>685632274673</codice_raccomandata><data_esito/><tipo_esito/><motivo_inesito>09</motivo_inesito><campo_aggiuntivo/><nome/><cognome/><indirizzo/><cap/><citta/><provincia/></Raccomandata><Raccomandata><nome_file>039533100_57_31.pdf</nome_file><codice_raccomandata>685632274651</codice_raccomandata><data_esito/><tipo_esito/><motivo_inesito>09</motivo_inesito><campo_aggiuntivo/><nome/><cognome/><indirizzo/><cap/><citta/><provincia/></Raccomandata><Raccomandata><nome_file>039533100_57_34.pdf</nome_file><codice_raccomandata>685632272215</codice_raccomandata><data_esito/><tipo_esito/><motivo_inesito>09</motivo_inesito><campo_aggiuntivo/><nome/><cognome/><indirizzo/><cap/><citta/><provincia/></Raccomandata><Raccomandata><nome_file>039533100_57_37.pdf</nome_file><codice_raccomandata>685632279747</codice_raccomandata><data_esito/><tipo_esito/><motivo_inesito>09</motivo_inesito><campo_aggiuntivo/><nome/><cognome/><indirizzo/><cap/><citta/><provincia/></Raccomandata><Raccomandata><nome_file>039533100_57_40.pdf</nome_file><codice_raccomandata>685632264168</codice_raccomandata><data_esito/><tipo_esito/><motivo_inesito>09</motivo_inesito><campo_aggiuntivo/><nome/><cognome/><indirizzo/><cap/><citta/><provincia/></Raccomandata><Raccomandata><nome_file>039533100_57_43.pdf</nome_file><codice_raccomandata>685632275058</codice_raccomandata><data_esito/><tipo_esito/><motivo_inesito>09</motivo_inesito><campo_aggiuntivo/><nome/><cognome/><indirizzo/><cap/><citta/><provincia/></Raccomandata><Raccomandata><nome_file>039533100_57_46.pdf</nome_file><codice_raccomandata>685632276266</codice_raccomandata><data_esito/><tipo_esito/><motivo_inesito>09</motivo_inesito><campo_aggiuntivo/><nome/><cognome/><indirizzo/><cap/><citta/><provincia/></Raccomandata><Raccomandata><nome_file>039533100_57_49.pdf</nome_file><codice_raccomandata>685632274057</codice_raccomandata><data_esito/><tipo_esito/><motivo_inesito>09</motivo_inesito><campo_aggiuntivo/><nome/><cognome/><indirizzo/><cap/><citta/><provincia/></Raccomandata><Raccomandata><nome_file>039533100_57_52.pdf</nome_file><codice_raccomandata>685632274046</codice_raccomandata><data_esito/><tipo_esito/><motivo_inesito>09</motivo_inesito><campo_aggiuntivo/><nome/><cognome/><indirizzo/><cap/><citta/><provincia/></Raccomandata><Raccomandata><nome_file>039533100_57_55.pdf</nome_file><codice_raccomandata>685632274092</codice_raccomandata><data_esito/><tipo_esito/><motivo_inesito>09</motivo_inesito><campo_aggiuntivo/><nome/><cognome/><indirizzo/><cap/><citta/><provincia/></Raccomandata><Raccomandata><nome_file>039533100_57_58.pdf</nome_file><codice_raccomandata>685632269940</codice_raccomandata><data_esito/><tipo_esito/><motivo_inesito>09</motivo_inesito><campo_aggiuntivo/><nome/><cognome/><indirizzo/><cap/><citta/><provincia/></Raccomandata><Raccomandata><nome_file>039533100_57_61.pdf</nome_file><codice_raccomandata>685632269962</codice_raccomandata><data_esito/><tipo_esito/><motivo_inesito>09</motivo_inesito><campo_aggiuntivo/><nome/><cognome/><indirizzo/><cap/><citta/><provincia/></Raccomandata><Raccomandata><nome_file>039533100_57_64.pdf</nome_file><codice_raccomandata>685632269995</codice_raccomandata><data_esito/><tipo_esito/><motivo_inesito>09</motivo_inesito><campo_aggiuntivo/><nome/><cognome/><indirizzo/><cap/><citta/><provincia/></Raccomandata><Raccomandata><nome_file>039533100_57_67.pdf</nome_file><codice_raccomandata>685632274206</codice_raccomandata><data_esito/><tipo_esito/><motivo_inesito>09</motivo_inesito><campo_aggiuntivo/><nome/><cognome/><indirizzo/><cap/><citta/><provincia/></Raccomandata><Raccomandata><nome_file>039533100_57_70.pdf</nome_file><codice_raccomandata>685632277027</codice_raccomandata><data_esito/><tipo_esito/><motivo_inesito>09</motivo_inesito><campo_aggiuntivo/><nome/><cognome/><indirizzo/><cap/><citta/><provincia/></Raccomandata><Raccomandata><nome_file>039533100_57_73.pdf</nome_file><codice_raccomandata>685632277210</codice_raccomandata><data_esito/><tipo_esito/><motivo_inesito>09</motivo_inesito><campo_aggiuntivo/><nome/><cognome/><indirizzo/><cap/><citta/><provincia/></Raccomandata><Raccomandata><nome_file>039533100_57_76.pdf</nome_file><codice_raccomandata>685632275071</codice_raccomandata><data_esito/><tipo_esito/><motivo_inesito>09</motivo_inesito><campo_aggiuntivo/><nome/><cognome/><indirizzo/><cap/><citta/><provincia/></Raccomandata><Raccomandata><nome_file>039533100_57_79.pdf</nome_file><codice_raccomandata>685632273989</codice_raccomandata><data_esito/><tipo_esito/><motivo_inesito>09</motivo_inesito><campo_aggiuntivo/><nome/><cognome/><indirizzo/><cap/><citta/><provincia/></Raccomandata><Raccomandata><nome_file>039533100_57_82.pdf</nome_file><codice_raccomandata>685632274070</codice_raccomandata><data_esito/><tipo_esito/><motivo_inesito>09</motivo_inesito><campo_aggiuntivo/><nome/><cognome/><indirizzo/><cap/><citta/><provincia/></Raccomandata><Raccomandata><nome_file>039533100_57_85.pdf</nome_file><codice_raccomandata>685632277450</codice_raccomandata><data_esito/><tipo_esito/><motivo_inesito>09</motivo_inesito><campo_aggiuntivo/><nome/><cognome/><indirizzo/><cap/><citta/><provincia/></Raccomandata><Raccomandata><nome_file>039533100_57_88.pdf</nome_file><codice_raccomandata>685632277107</codice_raccomandata><data_esito/><tipo_esito/><motivo_inesito>09</motivo_inesito><campo_aggiuntivo/><nome/><cognome/><indirizzo/><cap/><citta/><provincia/></Raccomandata><Raccomandata><nome_file>039533100_57_91.pdf</nome_file><codice_raccomandata>685632277223</codice_raccomandata><data_esito/><tipo_esito/><motivo_inesito>09</motivo_inesito><campo_aggiuntivo/><nome/><cognome/><indirizzo/><cap/><citta/><provincia/></Raccomandata><Raccomandata><nome_file>039533100_57_94.pdf</nome_file><codice_raccomandata>685632277461</codice_raccomandata><data_esito/><tipo_esito/><motivo_inesito>09</motivo_inesito><campo_aggiuntivo/><nome/><cognome/><indirizzo/><cap/><citta/><provincia/></Raccomandata><Raccomandata><nome_file>039533100_57_97.pdf</nome_file><codice_raccomandata>685632279668</codice_raccomandata><data_esito/><tipo_esito/><motivo_inesito>09</motivo_inesito><campo_aggiuntivo/><nome/><cognome/><indirizzo/><cap/><citta/><provincia/></Raccomandata><Raccomandata><nome_file>039533100_57_100.pdf</nome_file><codice_raccomandata>685632279441</codice_raccomandata><data_esito/><tipo_esito/><motivo_inesito>09</motivo_inesito><campo_aggiuntivo/><nome/><cognome/><indirizzo/><cap/><citta/><provincia/></Raccomandata><Raccomandata><nome_file>039533100_57_103.pdf</nome_file><codice_raccomandata>685632273978</codice_raccomandata><data_esito/><tipo_esito/><motivo_inesito>09</motivo_inesito><campo_aggiuntivo/><nome/><cognome/><indirizzo/><cap/><citta/><provincia/></Raccomandata><Raccomandata><nome_file>039533100_57_106.pdf</nome_file><codice_raccomandata>685632275594</codice_raccomandata><data_esito/><tipo_esito/><motivo_inesito>09</motivo_inesito><campo_aggiuntivo/><nome/><cognome/><indirizzo/><cap/><citta/><provincia/></Raccomandata><Raccomandata><nome_file>039533100_57_109.pdf</nome_file><codice_raccomandata>685632275254</codice_raccomandata><data_esito/><tipo_esito/><motivo_inesito>09</motivo_inesito><campo_aggiuntivo/><nome/><cognome/><indirizzo/><cap/><citta/><provincia/></Raccomandata><Raccomandata><nome_file>039533100_57_112.pdf</nome_file><codice_raccomandata>685632275732</codice_raccomandata><data_esito/><tipo_esito/><motivo_inesito>09</motivo_inesito><campo_aggiuntivo/><nome/><cognome/><indirizzo/><cap/><citta/><provincia/></Raccomandata><Raccomandata><nome_file>039533100_57_115.pdf</nome_file><codice_raccomandata>685632276584</codice_raccomandata><data_esito/><tipo_esito/><motivo_inesito>09</motivo_inesito><campo_aggiuntivo/><nome/><cognome/><indirizzo/><cap/><citta/><provincia/></Raccomandata><Raccomandata><nome_file>039533100_57_118.pdf</nome_file><codice_raccomandata>685632276983</codice_raccomandata><data_esito/><tipo_esito/><motivo_inesito>09</motivo_inesito><campo_aggiuntivo/><nome/><cognome/><indirizzo/><cap/><citta/><provincia/></Raccomandata><Raccomandata><nome_file>039533100_57_121.pdf</nome_file><codice_raccomandata>685632276959</codice_raccomandata><data_esito/><tipo_esito/><motivo_inesito>09</motivo_inesito><campo_aggiuntivo/><nome/><cognome/><indirizzo/><cap/><citta/><provincia/></Raccomandata><Raccomandata><nome_file>039533100_57_124.pdf</nome_file><codice_raccomandata>685632267685</codice_raccomandata><data_esito/><tipo_esito/><motivo_inesito>09</motivo_inesito><campo_aggiuntivo/><nome/><cognome/><indirizzo/><cap/><citta/><provincia/></Raccomandata><Raccomandata><nome_file>039533100_57_127.pdf</nome_file><codice_raccomandata>685632267390</codice_raccomandata><data_esito/><tipo_esito/><motivo_inesito>09</motivo_inesito><campo_aggiuntivo/><nome/><cognome/><indirizzo/><cap/><citta/><provincia/></Raccomandata><Raccomandata><nome_file>039533100_57_130.pdf</nome_file><codice_raccomandata>685632267652</codice_raccomandata><data_esito/><tipo_esito/><motivo_inesito>09</motivo_inesito><campo_aggiuntivo/><nome/><cognome/><indirizzo/><cap/><citta/><provincia/></Raccomandata><Raccomandata><nome_file>039533100_57_133.pdf</nome_file><codice_raccomandata>685632266764</codice_raccomandata><data_esito/><tipo_esito/><motivo_inesito>09</motivo_inesito><campo_aggiuntivo/><nome/><cognome/><indirizzo/><cap/><citta/><provincia/></Raccomandata><Raccomandata><nome_file>039533100_57_136.pdf</nome_file><codice_raccomandata>685632267231</codice_raccomandata><data_esito/><tipo_esito/><motivo_inesito>09</motivo_inesito><campo_aggiuntivo/><nome/><cognome/><indirizzo/><cap/><citta/><provincia/></Raccomandata><Raccomandata><nome_file>039533100_57_139.pdf</nome_file><codice_raccomandata>685632267060</codice_raccomandata><data_esito/><tipo_esito/><motivo_inesito>09</motivo_inesito><campo_aggiuntivo/><nome/><cognome/><indirizzo/><cap/><citta/><provincia/></Raccomandata><Raccomandata><nome_file>039533100_57_142.pdf</nome_file><codice_raccomandata>685632267264</codice_raccomandata><data_esito/><tipo_esito/><motivo_inesito>09</motivo_inesito><campo_aggiuntivo/><nome/><cognome/><indirizzo/><cap/><citta/><provincia/></Raccomandata><Raccomandata><nome_file>039533100_57_145.pdf</nome_file><codice_raccomandata>685632266811</codice_raccomandata><data_esito/><tipo_esito/><motivo_inesito>09</motivo_inesito><campo_aggiuntivo/><nome/><cognome/><indirizzo/><cap/><citta/><provincia/></Raccomandata><Raccomandata><nome_file>039533100_57_148.pdf</nome_file><codice_raccomandata>685632274742</codice_raccomandata><data_esito/><tipo_esito/><motivo_inesito>09</motivo_inesito><campo_aggiuntivo/><nome/><cognome/><indirizzo/><cap/><citta/><provincia/></Raccomandata><Raccomandata><nome_file>039533100_57_151.pdf</nome_file><codice_raccomandata>685632275243</codice_raccomandata><data_esito/><tipo_esito/><motivo_inesito>09</motivo_inesito><campo_aggiuntivo/><nome/><cognome/><indirizzo/><cap/><citta/><provincia/></Raccomandata><Raccomandata><nome_file>039533100_57_154.pdf</nome_file><codice_raccomandata>685632264328</codice_raccomandata><data_esito/><tipo_esito/><motivo_inesito>09</motivo_inesito><campo_aggiuntivo/><nome/><cognome/><indirizzo/><cap/><citta/><provincia/></Raccomandata><Raccomandata><nome_file>039533100_57_157.pdf</nome_file><codice_raccomandata>685632267286</codice_raccomandata><data_esito/><tipo_esito/><motivo_inesito>09</motivo_inesito><campo_aggiuntivo/><nome/><cognome/><indirizzo/><cap/><citta/><provincia/></Raccomandata><Raccomandata><nome_file>039533100_57_160.pdf</nome_file><codice_raccomandata>685632276540</codice_raccomandata><data_esito/><tipo_esito/><motivo_inesito>09</motivo_inesito><campo_aggiuntivo/><nome/><cognome/><indirizzo/><cap/><citta/><provincia/></Raccomandata><Raccomandata><nome_file>039533100_57_163.pdf</nome_file><codice_raccomandata>685632266992</codice_raccomandata><data_esito/><tipo_esito/><motivo_inesito>09</motivo_inesito><campo_aggiuntivo/><nome/><cognome/><indirizzo/><cap/><citta/><provincia/></Raccomandata><Raccomandata><nome_file>039533100_57_166.pdf</nome_file><codice_raccomandata>685632266957</codice_raccomandata><data_esito/><tipo_esito/><motivo_inesito>09</motivo_inesito><campo_aggiuntivo/><nome/><cognome/><indirizzo/><cap/><citta/><provincia/></Raccomandata><Raccomandata><nome_file>039533100_57_169.pdf</nome_file><codice_raccomandata>685632267036</codice_raccomandata><data_esito/><tipo_esito/><motivo_inesito>09</motivo_inesito><campo_aggiuntivo/><nome/><cognome/><indirizzo/><cap/><citta/><provincia/></Raccomandata><Raccomandata><nome_file>039533100_57_172.pdf</nome_file><codice_raccomandata>685632266719</codice_raccomandata><data_esito/><tipo_esito/><motivo_inesito>09</motivo_inesito><campo_aggiuntivo/><nome/><cognome/><indirizzo/><cap/><citta/><provincia/></Raccomandata><Raccomandata><nome_file>039533100_57_175.pdf</nome_file><codice_raccomandata>685632267093</codice_raccomandata><data_esito/><tipo_esito/><motivo_inesito>09</motivo_inesito><campo_aggiuntivo/><nome/><cognome/><indirizzo/><cap/><citta/><provincia/></Raccomandata><Raccomandata><nome_file>039533100_57_178.pdf</nome_file><codice_raccomandata>685632277314</codice_raccomandata><data_esito/><tipo_esito/><motivo_inesito>09</motivo_inesito><campo_aggiuntivo/><nome/><cognome/><indirizzo/><cap/><citta/><provincia/></Raccomandata><Raccomandata><nome_file>039533100_57_181.pdf</nome_file><codice_raccomandata>685632276196</codice_raccomandata><data_esito/><tipo_esito/><motivo_inesito>07</motivo_inesito><campo_aggiuntivo/><nome/><cognome/><indirizzo/><cap/><citta/><provincia/></Raccomandata><Raccomandata><nome_file>039533100_57_184.pdf</nome_file><codice_raccomandata>685632070405</codice_raccomandata><data_esito/><tipo_esito/><motivo_inesito>10</motivo_inesito><campo_aggiuntivo/><nome/><cognome/><indirizzo/><cap/><citta/><provincia/></Raccomandata><Raccomandata><nome_file>039533100_57_187.pdf</nome_file><codice_raccomandata>685632264944</codice_raccomandata><data_esito/><tipo_esito/><motivo_inesito>07</motivo_inesito><campo_aggiuntivo/><nome/><cognome/><indirizzo/><cap/><citta/><provincia/></Raccomandata><Raccomandata><nome_file>039533100_57_190.pdf</nome_file><codice_raccomandata>685632279075</codice_raccomandata><data_esito/><tipo_esito/><motivo_inesito>07</motivo_inesito><campo_aggiuntivo/><nome/><cognome/><indirizzo/><cap/><citta/><provincia/></Raccomandata><Raccomandata><nome_file>039533100_57_193.pdf</nome_file><codice_raccomandata>685632273136</codice_raccomandata><data_esito/><tipo_esito/><motivo_inesito>07</motivo_inesito><campo_aggiuntivo/><nome/><cognome/><indirizzo/><cap/><citta/><provincia/></Raccomandata><Raccomandata><nome_file>039533100_57_196.pdf</nome_file><codice_raccomandata>685632271896</codice_raccomandata><data_esito/><tipo_esito/><motivo_inesito>07</motivo_inesito><campo_aggiuntivo/><nome/><cognome/><indirizzo/><cap/><citta/><provincia/></Raccomandata><Raccomandata><nome_file>039533100_57_199.pdf</nome_file><codice_raccomandata>685632273400</codice_raccomandata><data_esito/><tipo_esito/><motivo_inesito>07</motivo_inesito><campo_aggiuntivo/><nome/><cognome/><indirizzo/><cap/><citta/><provincia/></Raccomandata><Raccomandata><nome_file>039533100_57_202.pdf</nome_file><codice_raccomandata>685632273592</codice_raccomandata><data_esito/><tipo_esito/><motivo_inesito>07</motivo_inesito><campo_aggiuntivo/><nome/><cognome/><indirizzo/><cap/><citta/><provincia/></Raccomandata><Raccomandata><nome_file>039533100_57_205.pdf</nome_file><codice_raccomandata>685632279680</codice_raccomandata><data_esito/><tipo_esito/><motivo_inesito>07</motivo_inesito><campo_aggiuntivo/><nome/><cognome/><indirizzo/><cap/><citta/><provincia/></Raccomandata><Raccomandata><nome_file>039533100_57_208.pdf</nome_file><codice_raccomandata>685632281194</codice_raccomandata><data_esito/><tipo_esito/><motivo_inesito>07</motivo_inesito><campo_aggiuntivo/><nome/><cognome/><indirizzo/><cap/><citta/><provincia/></Raccomandata><Raccomandata><nome_file>039533100_57_211.pdf</nome_file><codice_raccomandata>685632279361</codice_raccomandata><data_esito/><tipo_esito/><motivo_inesito>07</motivo_inesito><campo_aggiuntivo/><nome/><cognome/><indirizzo/><cap/><citta/><provincia/></Raccomandata><Raccomandata><nome_file>039533100_57_214.pdf</nome_file><codice_raccomandata>685632278337</codice_raccomandata><data_esito/><tipo_esito/><motivo_inesito>07</motivo_inesito><campo_aggiuntivo/><nome/><cognome/><indirizzo/><cap/><citta/><provincia/></Raccomandata><Raccomandata><nome_file>039533100_57_217.pdf</nome_file><codice_raccomandata>685632278315</codice_raccomandata><data_esito/><tipo_esito/><motivo_inesito>07</motivo_inesito><campo_aggiuntivo/><nome/><cognome/><indirizzo/><cap/><citta/><provincia/></Raccomandata><Raccomandata><nome_file>039533100_57_220.pdf</nome_file><codice_raccomandata>685632278531</codice_raccomandata><data_esito/><tipo_esito/><motivo_inesito>07</motivo_inesito><campo_aggiuntivo/><nome/><cognome/><indirizzo/><cap/><citta/><provincia/></Raccomandata><Raccomandata><nome_file>039533100_57_223.pdf</nome_file><codice_raccomandata>685632281365</codice_raccomandata><data_esito/><tipo_esito/><motivo_inesito>07</motivo_inesito><campo_aggiuntivo/><nome/><cognome/><indirizzo/><cap/><citta/><provincia/></Raccomandata><Raccomandata><nome_file>039533100_57_226.pdf</nome_file><codice_raccomandata>685632278224</codice_raccomandata><data_esito/><tipo_esito/><motivo_inesito>07</motivo_inesito><campo_aggiuntivo/><nome/><cognome/><indirizzo/><cap/><citta/><provincia/></Raccomandata><Raccomandata><nome_file>039533100_57_229.pdf</nome_file><codice_raccomandata>685632273729</codice_raccomandata><data_esito/><tipo_esito/><motivo_inesito>07</motivo_inesito><campo_aggiuntivo/><nome/><cognome/><indirizzo/><cap/><citta/><provincia/></Raccomandata><Raccomandata><nome_file>039533100_57_232.pdf</nome_file><codice_raccomandata>685632266081</codice_raccomandata><data_esito/><tipo_esito/><motivo_inesito>07</motivo_inesito><campo_aggiuntivo/><nome/><cognome/><indirizzo/><cap/><citta/><provincia/></Raccomandata><Raccomandata><nome_file>039533100_57_235.pdf</nome_file><codice_raccomandata>685632266092</codice_raccomandata><data_esito/><tipo_esito/><motivo_inesito>07</motivo_inesito><campo_aggiuntivo/><nome/><cognome/><indirizzo/><cap/><citta/><provincia/></Raccomandata><Raccomandata><nome_file>039533100_57_238.pdf</nome_file><codice_raccomandata>685632266662</codice_raccomandata><data_esito/><tipo_esito/><motivo_inesito>07</motivo_inesito><campo_aggiuntivo/><nome/><cognome/><indirizzo/><cap/><citta/><provincia/></Raccomandata><Raccomandata><nome_file>039533100_57_241.pdf</nome_file><codice_raccomandata>685632276686</codice_raccomandata><data_esito/><tipo_esito/><motivo_inesito>07</motivo_inesito><campo_aggiuntivo/><nome/><cognome/><indirizzo/><cap/><citta/><provincia/></Raccomandata><Raccomandata><nome_file>039533100_57_244.pdf</nome_file><codice_raccomandata>685632266206</codice_raccomandata><data_esito/><tipo_esito/><motivo_inesito>07</motivo_inesito><campo_aggiuntivo/><nome/><cognome/><indirizzo/><cap/><citta/><provincia/></Raccomandata><Raccomandata><nome_file>039533100_57_247.pdf</nome_file><codice_raccomandata>685632266263</codice_raccomandata><data_esito/><tipo_esito/><motivo_inesito>07</motivo_inesito><campo_aggiuntivo/><nome/><cognome/><indirizzo/><cap/><citta/><provincia/></Raccomandata><Raccomandata><nome_file>039533100_57_250.pdf</nome_file><codice_raccomandata>685632264966</codice_raccomandata><data_esito/><tipo_esito/><motivo_inesito>07</motivo_inesito><campo_aggiuntivo/><nome/><cognome/><indirizzo/><cap/><citta/><provincia/></Raccomandata><Raccomandata><nome_file>039533100_57_253.pdf</nome_file><codice_raccomandata>685632270177</codice_raccomandata><data_esito/><tipo_esito/><motivo_inesito>07</motivo_inesito><campo_aggiuntivo/><nome/><cognome/><indirizzo/><cap/><citta/><provincia/></Raccomandata><Raccomandata><nome_file>039533100_57_256.pdf</nome_file><codice_raccomandata>685632269654</codice_raccomandata><data_esito/><tipo_esito/><motivo_inesito>07</motivo_inesito><campo_aggiuntivo/><nome/><cognome/><indirizzo/><cap/><citta/><provincia/></Raccomandata><Raccomandata><nome_file>039533100_57_259.pdf</nome_file><codice_raccomandata>685632265411</codice_raccomandata><data_esito/><tipo_esito/><motivo_inesito>07</motivo_inesito><campo_aggiuntivo/><nome/><cognome/><indirizzo/><cap/><citta/><provincia/></Raccomandata><Raccomandata><nome_file>039533100_57_262.pdf</nome_file><codice_raccomandata>685632272819</codice_raccomandata><data_esito/><tipo_esito/><motivo_inesito>07</motivo_inesito><campo_aggiuntivo/><nome/><cognome/><indirizzo/><cap/><citta/><provincia/></Raccomandata><Raccomandata><nome_file>039533100_57_265.pdf</nome_file><codice_raccomandata>685632272820</codice_raccomandata><data_esito/><tipo_esito/><motivo_inesito>07</motivo_inesito><campo_aggiuntivo/><nome/><cognome/><indirizzo/><cap/><citta/><provincia/></Raccomandata><Raccomandata><nome_file>039533100_57_268.pdf</nome_file><codice_raccomandata>685632273012</codice_raccomandata><data_esito/><tipo_esito/><motivo_inesito>07</motivo_inesito><campo_aggiuntivo/><nome/><cognome/><indirizzo/><cap/><citta/><provincia/></Raccomandata><Raccomandata><nome_file>039533100_57_271.pdf</nome_file><codice_raccomandata>685632269255</codice_raccomandata><data_esito/><tipo_esito/><motivo_inesito>07</motivo_inesito><campo_aggiuntivo/><nome/><cognome/><indirizzo/><cap/><citta/><provincia/></Raccomandata><Raccomandata><nome_file>039533100_57_274.pdf</nome_file><codice_raccomandata>685632277153</codice_raccomandata><data_esito/><tipo_esito/><motivo_inesito>07</motivo_inesito><campo_aggiuntivo/><nome/><cognome/><indirizzo/><cap/><citta/><provincia/></Raccomandata><Raccomandata><nome_file>039533100_57_277.pdf</nome_file><codice_raccomandata>685632276937</codice_raccomandata><data_esito/><tipo_esito/><motivo_inesito>07</motivo_inesito><campo_aggiuntivo/><nome/><cognome/><indirizzo/><cap/><citta/><provincia/></Raccomandata><Raccomandata><nome_file>039533100_57_280.pdf</nome_file><codice_raccomandata>685632269120</codice_raccomandata><data_esito/><tipo_esito/><motivo_inesito>07</motivo_inesito><campo_aggiuntivo/><nome/><cognome/><indirizzo/><cap/><citta/><provincia/></Raccomandata><Raccomandata><nome_file>039533100_57_283.pdf</nome_file><codice_raccomandata>685632277370</codice_raccomandata><data_esito/><tipo_esito/><motivo_inesito>07</motivo_inesito><campo_aggiuntivo/><nome/><cognome/><indirizzo/><cap/><citta/><provincia/></Raccomandata><Raccomandata><nome_file>039533100_57_286.pdf</nome_file><codice_raccomandata>685632277381</codice_raccomandata><data_esito/><tipo_esito/><motivo_inesito>07</motivo_inesito><campo_aggiuntivo/><nome/><cognome/><indirizzo/><cap/><citta/><provincia/></Raccomandata><Raccomandata><nome_file>039533100_57_289.pdf</nome_file><codice_raccomandata>685632283481</codice_raccomandata><data_esito/><tipo_esito/><motivo_inesito>07</motivo_inesito><campo_aggiuntivo/><nome/><cognome/><indirizzo/><cap/><citta/><provincia/></Raccomandata><Raccomandata><nome_file>039533100_57_292.pdf</nome_file><codice_raccomandata>685632276083</codice_raccomandata><data_esito/><tipo_esito/><motivo_inesito>07</motivo_inesito><campo_aggiuntivo/><nome/><cognome/><indirizzo/><cap/><citta/><provincia/></Raccomandata><Raccomandata><nome_file>039533100_57_295.pdf</nome_file><codice_raccomandata>685632275287</codice_raccomandata><data_esito/><tipo_esito/><motivo_inesito>07</motivo_inesito><campo_aggiuntivo/><nome/><cognome/><indirizzo/><cap/><citta/><provincia/></Raccomandata><Raccomandata><nome_file>039533100_57_298.pdf</nome_file><codice_raccomandata>685632274081</codice_raccomandata><data_esito/><tipo_esito/><motivo_inesito>07</motivo_inesito><campo_aggiuntivo/><nome/><cognome/><indirizzo/><cap/><citta/><provincia/></Raccomandata><Raccomandata><nome_file>039533100_57_301.pdf</nome_file><codice_raccomandata>685632281547</codice_raccomandata><data_esito/><tipo_esito/><motivo_inesito>07</motivo_inesito><campo_aggiuntivo/><nome/><cognome/><indirizzo/><cap/><citta/><provincia/></Raccomandata><Raccomandata><nome_file>039533100_57_304.pdf</nome_file><codice_raccomandata>685632277494</codice_raccomandata><data_esito/><tipo_esito/><motivo_inesito>07</motivo_inesito><campo_aggiuntivo/><nome/><cognome/><indirizzo/><cap/><citta/><provincia/></Raccomandata><Raccomandata><nome_file>039533100_57_307.pdf</nome_file><codice_raccomandata>685632279144</codice_raccomandata><data_esito/><tipo_esito/><motivo_inesito>07</motivo_inesito><campo_aggiuntivo/><nome/><cognome/><indirizzo/><cap/><citta/><provincia/></Raccomandata><Raccomandata><nome_file>039533100_57_310.pdf</nome_file><codice_raccomandata>685632279679</codice_raccomandata><data_esito/><tipo_esito/><motivo_inesito>07</motivo_inesito><campo_aggiuntivo/><nome/><cognome/><indirizzo/><cap/><citta/><provincia/></Raccomandata><Raccomandata><nome_file>039533100_57_313.pdf</nome_file><codice_raccomandata>685632279873</codice_raccomandata><data_esito/><tipo_esito/><motivo_inesito>07</motivo_inesito><campo_aggiuntivo/><nome/><cognome/><indirizzo/><cap/><citta/><provincia/></Raccomandata><Raccomandata><nome_file>039533100_57_316.pdf</nome_file><codice_raccomandata>685632279225</codice_raccomandata><data_esito/><tipo_esito/><motivo_inesito>07</motivo_inesito><campo_aggiuntivo/><nome/><cognome/><indirizzo/><cap/><citta/><provincia/></Raccomandata><Raccomandata><nome_file>039533100_57_319.pdf</nome_file><codice_raccomandata>685632281444</codice_raccomandata><data_esito/><tipo_esito/><motivo_inesito>07</motivo_inesito><campo_aggiuntivo/><nome/><cognome/><indirizzo/><cap/><citta/><provincia/></Raccomandata><Raccomandata><nome_file>039533100_57_322.pdf</nome_file><codice_raccomandata>685632281285</codice_raccomandata><data_esito/><tipo_esito/><motivo_inesito>07</motivo_inesito><campo_aggiuntivo/><nome/><cognome/><indirizzo/><cap/><citta/><provincia/></Raccomandata><Raccomandata><nome_file>039533100_57_325.pdf</nome_file><codice_raccomandata>685632278996</codice_raccomandata><data_esito/><tipo_esito/><motivo_inesito>07</motivo_inesito><campo_aggiuntivo/><nome/><cognome/><indirizzo/><cap/><citta/><provincia/></Raccomandata><Raccomandata><nome_file>039533100_57_328.pdf</nome_file><codice_raccomandata>685632274355</codice_raccomandata><data_esito/><tipo_esito/><motivo_inesito>07</motivo_inesito><campo_aggiuntivo/><nome/><cognome/><indirizzo/><cap/><citta/><provincia/></Raccomandata><Raccomandata><nome_file>039533100_57_331.pdf</nome_file><codice_raccomandata>685632265796</codice_raccomandata><data_esito/><tipo_esito/><motivo_inesito>07</motivo_inesito><campo_aggiuntivo/><nome/><cognome/><indirizzo/><cap/><citta/><provincia/></Raccomandata><Raccomandata><nome_file>039533100_57_334.pdf</nome_file><codice_raccomandata>685632264339</codice_raccomandata><data_esito/><tipo_esito/><motivo_inesito>07</motivo_inesito><campo_aggiuntivo/><nome/><cognome/><indirizzo/><cap/><citta/><provincia/></Raccomandata><Raccomandata><nome_file>039533100_57_337.pdf</nome_file><codice_raccomandata>685632281570</codice_raccomandata><data_esito/><tipo_esito/><motivo_inesito>07</motivo_inesito><campo_aggiuntivo/><nome/><cognome/><indirizzo/><cap/><citta/><provincia/></Raccomandata><Raccomandata><nome_file>039533100_57_340.pdf</nome_file><codice_raccomandata>685632283436</codice_raccomandata><data_esito/><tipo_esito/><motivo_inesito>07</motivo_inesito><campo_aggiuntivo/><nome/><cognome/><indirizzo/><cap/><citta/><provincia/></Raccomandata><Raccomandata><nome_file>039533100_57_343.pdf</nome_file><codice_raccomandata>685632265901</codice_raccomandata><data_esito/><tipo_esito/><motivo_inesito>07</motivo_inesito><campo_aggiuntivo/><nome/><cognome/><indirizzo/><cap/><citta/><provincia/></Raccomandata><Raccomandata><nome_file>039533100_57_346.pdf</nome_file><codice_raccomandata>685632266239</codice_raccomandata><data_esito/><tipo_esito/><motivo_inesito>07</motivo_inesito><campo_aggiuntivo/><nome/><cognome/><indirizzo/><cap/><citta/><provincia/></Raccomandata><Raccomandata><nome_file>039533100_57_349.pdf</nome_file><codice_raccomandata>685632266320</codice_raccomandata><data_esito/><tipo_esito/><motivo_inesito>07</motivo_inesito><campo_aggiuntivo/><nome/><cognome/><indirizzo/><cap/><citta/><provincia/></Raccomandata><Raccomandata><nome_file>039533100_57_352.pdf</nome_file><codice_raccomandata>685632276562</codice_raccomandata><data_esito/><tipo_esito/><motivo_inesito>07</motivo_inesito><campo_aggiuntivo/><nome/><cognome/><indirizzo/><cap/><citta/><provincia/></Raccomandata><Raccomandata><nome_file>039533100_57_355.pdf</nome_file><codice_raccomandata>685632265821</codice_raccomandata><data_esito/><tipo_esito/><motivo_inesito>07</motivo_inesito><campo_aggiuntivo/><nome/><cognome/><indirizzo/><cap/><citta/><provincia/></Raccomandata><Raccomandata><nome_file>039533100_57_358.pdf</nome_file><codice_raccomandata>685632265967</codice_raccomandata><data_esito/><tipo_esito/><motivo_inesito>07</motivo_inesito><campo_aggiuntivo/><nome/><cognome/><indirizzo/><cap/><citta/><provincia/></Raccomandata><Raccomandata><nome_file>039533100_57_361.pdf</nome_file><codice_raccomandata>685632266137</codice_raccomandata><data_esito/><tipo_esito/><motivo_inesito>07</motivo_inesito><campo_aggiuntivo/><nome/><cognome/><indirizzo/><cap/><citta/><provincia/></Raccomandata><Raccomandata><nome_file>039533100_57_364.pdf</nome_file><codice_raccomandata>685632267765</codice_raccomandata><data_esito/><tipo_esito/><motivo_inesito>07</motivo_inesito><campo_aggiuntivo/><nome/><cognome/><indirizzo/><cap/><citta/><provincia/></Raccomandata><Raccomandata><nome_file>039533100_57_367.pdf</nome_file><codice_raccomandata>685632267549</codice_raccomandata><data_esito/><tipo_esito/><motivo_inesito>07</motivo_inesito><campo_aggiuntivo/><nome/><cognome/><indirizzo/><cap/><citta/><provincia/></Raccomandata><Raccomandata><nome_file>039533100_57_370.pdf</nome_file><codice_raccomandata>685632265638</codice_raccomandata><data_esito/><tipo_esito/><motivo_inesito>07</motivo_inesito><campo_aggiuntivo/><nome/><cognome/><indirizzo/><cap/><citta/><provincia/></Raccomandata><Raccomandata><nome_file>039533100_57_373.pdf</nome_file><codice_raccomandata>685632264671</codice_raccomandata><data_esito/><tipo_esito/><motivo_inesito>07</motivo_inesito><campo_aggiuntivo/><nome/><cognome/><indirizzo/><cap/><citta/><provincia/></Raccomandata><Raccomandata><nome_file>039533100_57_376.pdf</nome_file><codice_raccomandata>685632278770</codice_raccomandata><data_esito/><tipo_esito/><motivo_inesito>07</motivo_inesito><campo_aggiuntivo/><nome/><cognome/><indirizzo/><cap/><citta/><provincia/></Raccomandata><Raccomandata><nome_file>039533100_57_379.pdf</nome_file><codice_raccomandata>685632278826</codice_raccomandata><data_esito/><tipo_esito/><motivo_inesito>07</motivo_inesito><campo_aggiuntivo/><nome/><cognome/><indirizzo/><cap/><citta/><provincia/></Raccomandata><Raccomandata><nome_file>039533100_57_382.pdf</nome_file><codice_raccomandata>685632278804</codice_raccomandata><data_esito/><tipo_esito/><motivo_inesito>07</motivo_inesito><campo_aggiuntivo/><nome/><cognome/><indirizzo/><cap/><citta/><provincia/></Raccomandata><Raccomandata><nome_file>039533100_57_385.pdf</nome_file><codice_raccomandata>685632277951</codice_raccomandata><data_esito/><tipo_esito/><motivo_inesito>07</motivo_inesito><campo_aggiuntivo/><nome/><cognome/><indirizzo/><cap/><citta/><provincia/></Raccomandata><Raccomandata><nome_file>039533100_57_388.pdf</nome_file><codice_raccomandata>685632279407</codice_raccomandata><data_esito/><tipo_esito/><motivo_inesito>07</motivo_inesito><campo_aggiuntivo/><nome/><cognome/><indirizzo/><cap/><citta/><provincia/></Raccomandata><Raccomandata><nome_file>039533100_57_391.pdf</nome_file><codice_raccomandata>685632283969</codice_raccomandata><data_esito/><tipo_esito/><motivo_inesito>01</motivo_inesito><campo_aggiuntivo/><nome/><cognome/><indirizzo/><cap/><citta/><provincia/></Raccomandata><Raccomandata><nome_file>039533100_57_394.pdf</nome_file><codice_raccomandata>685632273045</codice_raccomandata><data_esito/><tipo_esito/><motivo_inesito>01</motivo_inesito><campo_aggiuntivo/><nome/><cognome/><indirizzo/><cap/><citta/><provincia/></Raccomandata><Raccomandata><nome_file>039533100_57_397.pdf</nome_file><codice_raccomandata>685632274401</codice_raccomandata><data_esito/><tipo_esito/><motivo_inesito>01</motivo_inesito><campo_aggiuntivo/><nome/><cognome/><indirizzo/><cap/><citta/><provincia/></Raccomandata><Raccomandata><nome_file>039533100_57_400.pdf</nome_file><codice_raccomandata>685632274159</codice_raccomandata><data_esito/><tipo_esito/><motivo_inesito>01</motivo_inesito><campo_aggiuntivo/><nome/><cognome/><indirizzo/><cap/><citta/><provincia/></Raccomandata><Raccomandata><nome_file>039533100_57_403.pdf</nome_file><codice_raccomandata>685632274514</codice_raccomandata><data_esito/><tipo_esito/><motivo_inesito>01</motivo_inesito><campo_aggiuntivo/><nome/><cognome/><indirizzo/><cap/><citta/><provincia/></Raccomandata><Raccomandata><nome_file>039533100_57_406.pdf</nome_file><codice_raccomandata>685632279203</codice_raccomandata><data_esito/><tipo_esito/><motivo_inesito>01</motivo_inesito><campo_aggiuntivo/><nome/><cognome/><indirizzo/><cap/><citta/><provincia/></Raccomandata><Raccomandata><nome_file>039533100_57_409.pdf</nome_file><codice_raccomandata>685632284288</codice_raccomandata><data_esito/><tipo_esito/><motivo_inesito>01</motivo_inesito><campo_aggiuntivo/><nome/><cognome/><indirizzo/><cap/><citta/><provincia/></Raccomandata><Raccomandata><nome_file>039533100_57_412.pdf</nome_file><codice_raccomandata>685632281467</codice_raccomandata><data_esito/><tipo_esito/><motivo_inesito>01</motivo_inesito><campo_aggiuntivo/><nome/><cognome/><indirizzo/><cap/><citta/><provincia/></Raccomandata><Raccomandata><nome_file>039533100_57_415.pdf</nome_file><codice_raccomandata>685632272237</codice_raccomandata><data_esito/><tipo_esito/><motivo_inesito>01</motivo_inesito><campo_aggiuntivo/><nome/><cognome/><indirizzo/><cap/><citta/><provincia/></Raccomandata><Raccomandata><nome_file>039533100_57_418.pdf</nome_file><codice_raccomandata>685632275367</codice_raccomandata><data_esito/><tipo_esito/><motivo_inesito>01</motivo_inesito><campo_aggiuntivo/><nome/><cognome/><indirizzo/><cap/><citta/><provincia/></Raccomandata><Raccomandata><nome_file>039533100_57_421.pdf</nome_file><codice_raccomandata>685632266057</codice_raccomandata><data_esito/><tipo_esito/><motivo_inesito>01</motivo_inesito><campo_aggiuntivo/><nome/><cognome/><indirizzo/><cap/><citta/><provincia/></Raccomandata><Raccomandata><nome_file>039533100_57_424.pdf</nome_file><codice_raccomandata>685632277040</codice_raccomandata><data_esito/><tipo_esito/><motivo_inesito>01</motivo_inesito><campo_aggiuntivo/><nome/><cognome/><indirizzo/><cap/><citta/><provincia/></Raccomandata><Raccomandata><nome_file>039533100_57_427.pdf</nome_file><codice_raccomandata>685632266126</codice_raccomandata><data_esito/><tipo_esito/><motivo_inesito>01</motivo_inesito><campo_aggiuntivo/><nome/><cognome/><indirizzo/><cap/><citta/><provincia/></Raccomandata><Raccomandata><nome_file>039533100_57_430.pdf</nome_file><codice_raccomandata>685632266913</codice_raccomandata><data_esito/><tipo_esito/><motivo_inesito>01</motivo_inesito><campo_aggiuntivo/><nome/><cognome/><indirizzo/><cap/><citta/><provincia/></Raccomandata><Raccomandata><nome_file>039533100_57_433.pdf</nome_file><codice_raccomandata>685632272168</codice_raccomandata><data_esito/><tipo_esito/><motivo_inesito>01</motivo_inesito><campo_aggiuntivo/><nome/><cognome/><indirizzo/><cap/><citta/><provincia/></Raccomandata><Raccomandata><nome_file>039533100_57_436.pdf</nome_file><codice_raccomandata>685632276346</codice_raccomandata><data_esito/><tipo_esito/><motivo_inesito>04</motivo_inesito><campo_aggiuntivo/><nome/><cognome/><indirizzo/><cap/><citta/><provincia/></Raccomandata><Raccomandata><nome_file>039533100_57_439.pdf</nome_file><codice_raccomandata>685632272443</codice_raccomandata><data_esito/><tipo_esito/><motivo_inesito>04</motivo_inesito><campo_aggiuntivo/><nome/><cognome/><indirizzo/><cap/><citta/><provincia/></Raccomandata><Raccomandata><nome_file>039533100_57_442.pdf</nome_file><codice_raccomandata>685632272386</codice_raccomandata><data_esito/><tipo_esito/><motivo_inesito>04</motivo_inesito><campo_aggiuntivo/><nome/><cognome/><indirizzo/><cap/><citta/><provincia/></Raccomandata><Raccomandata><nome_file>039533100_57_445.pdf</nome_file><codice_raccomandata>685632272375</codice_raccomandata><data_esito/><tipo_esito/><motivo_inesito>04</motivo_inesito><campo_aggiuntivo/><nome/><cognome/><indirizzo/><cap/><citta/><provincia/></Raccomandata><Raccomandata><nome_file>039533100_57_448.pdf</nome_file><codice_raccomandata>685632274617</codice_raccomandata><data_esito/><tipo_esito/><motivo_inesito>04</motivo_inesito><campo_aggiuntivo/><nome/><cognome/><indirizzo/><cap/><citta/><provincia/></Raccomandata><Raccomandata><nome_file>039533100_57_451.pdf</nome_file><codice_raccomandata>685632279497</codice_raccomandata><data_esito/><tipo_esito/><motivo_inesito>04</motivo_inesito><campo_aggiuntivo/><nome/><cognome/><indirizzo/><cap/><citta/><provincia/></Raccomandata><Raccomandata><nome_file>039533100_57_454.pdf</nome_file><codice_raccomandata>685632264248</codice_raccomandata><data_esito/><tipo_esito/><motivo_inesito>04</motivo_inesito><campo_aggiuntivo/><nome/><cognome/><indirizzo/><cap/><citta/><provincia/></Raccomandata><Raccomandata><nome_file>039533100_57_457.pdf</nome_file><codice_raccomandata>685632277541</codice_raccomandata><data_esito/><tipo_esito/><motivo_inesito>04</motivo_inesito><campo_aggiuntivo/><nome/><cognome/><indirizzo/><cap/><citta/><provincia/></Raccomandata><Raccomandata><nome_file>039533100_57_460.pdf</nome_file><codice_raccomandata>685632276857</codice_raccomandata><data_esito/><tipo_esito/><motivo_inesito>04</motivo_inesito><campo_aggiuntivo/><nome/><cognome/><indirizzo/><cap/><citta/><provincia/></Raccomandata><Raccomandata><nome_file>039533100_57_463.pdf</nome_file><codice_raccomandata>685632283845</codice_raccomandata><data_esito/><tipo_esito/><motivo_inesito>04</motivo_inesito><campo_aggiuntivo/><nome/><cognome/><indirizzo/><cap/><citta/><provincia/></Raccomandata><Raccomandata><nome_file>039533100_57_466.pdf</nome_file><codice_raccomandata>685632276368</codice_raccomandata><data_esito/><tipo_esito/><motivo_inesito>04</motivo_inesito><campo_aggiuntivo/><nome/><cognome/><indirizzo/><cap/><citta/><provincia/></Raccomandata><Raccomandata><nome_file>039533100_57_469.pdf</nome_file><codice_raccomandata>685632276357</codice_raccomandata><data_esito/><tipo_esito/><motivo_inesito>04</motivo_inesito><campo_aggiuntivo/><nome/><cognome/><indirizzo/><cap/><citta/><provincia/></Raccomandata><Raccomandata><nome_file>039533100_57_472.pdf</nome_file><codice_raccomandata>685632274013</codice_raccomandata><data_esito/><tipo_esito/><motivo_inesito>04</motivo_inesito><campo_aggiuntivo/><nome/><cognome/><indirizzo/><cap/><citta/><provincia/></Raccomandata><Raccomandata><nome_file>039533100_57_475.pdf</nome_file><codice_raccomandata>685632273923</codice_raccomandata><data_esito/><tipo_esito/><motivo_inesito>04</motivo_inesito><campo_aggiuntivo/><nome/><cognome/><indirizzo/><cap/><citta/><provincia/></Raccomandata><Raccomandata><nome_file>039533100_57_478.pdf</nome_file><codice_raccomandata>685632273934</codice_raccomandata><data_esito/><tipo_esito/><motivo_inesito>04</motivo_inesito><campo_aggiuntivo/><nome/><cognome/><indirizzo/><cap/><citta/><provincia/></Raccomandata><Raccomandata><nome_file>039533100_57_481.pdf</nome_file><codice_raccomandata>685632275969</codice_raccomandata><data_esito/><tipo_esito/><motivo_inesito>04</motivo_inesito><campo_aggiuntivo/><nome/><cognome/><indirizzo/><cap/><citta/><provincia/></Raccomandata><Raccomandata><nome_file>039533100_57_484.pdf</nome_file><codice_raccomandata>685632276004</codice_raccomandata><data_esito/><tipo_esito/><motivo_inesito>04</motivo_inesito><campo_aggiuntivo/><nome/><cognome/><indirizzo/><cap/><citta/><provincia/></Raccomandata><Raccomandata><nome_file>039533100_57_487.pdf</nome_file><codice_raccomandata>685632273887</codice_raccomandata><data_esito/><tipo_esito/><motivo_inesito>04</motivo_inesito><campo_aggiuntivo/><nome/><cognome/><indirizzo/><cap/><citta/><provincia/></Raccomandata><Raccomandata><nome_file>039533100_57_490.pdf</nome_file><codice_raccomandata>685632273876</codice_raccomandata><data_esito/><tipo_esito/><motivo_inesito>04</motivo_inesito><campo_aggiuntivo/><nome/><cognome/><indirizzo/><cap/><citta/><provincia/></Raccomandata><Raccomandata><nome_file>039533100_57_493.pdf</nome_file><codice_raccomandata>685632273898</codice_raccomandata><data_esito/><tipo_esito/><motivo_inesito>04</motivo_inesito><campo_aggiuntivo/><nome/><cognome/><indirizzo/><cap/><citta/><provincia/></Raccomandata><Raccomandata><nome_file>039533100_57_496.pdf</nome_file><codice_raccomandata>685632274264</codice_raccomandata><data_esito/><tipo_esito/><motivo_inesito>04</motivo_inesito><campo_aggiuntivo/><nome/><cognome/><indirizzo/><cap/><citta/><provincia/></Raccomandata><Raccomandata><nome_file>039533100_57_499.pdf</nome_file><codice_raccomandata>685632264648</codice_raccomandata><data_esito/><tipo_esito/><motivo_inesito>04</motivo_inesito><campo_aggiuntivo/><nome/><cognome/><indirizzo/><cap/><citta/><provincia/></Raccomandata><Raccomandata><nome_file>039533100_57_502.pdf</nome_file><codice_raccomandata>685632279236</codice_raccomandata><data_esito/><tipo_esito/><motivo_inesito>04</motivo_inesito><campo_aggiuntivo/><nome/><cognome/><indirizzo/><cap/><citta/><provincia/></Raccomandata><Raccomandata><nome_file>039533100_57_505.pdf</nome_file><codice_raccomandata>685632279509</codice_raccomandata><data_esito/><tipo_esito/><motivo_inesito>04</motivo_inesito><campo_aggiuntivo/><nome/><cognome/><indirizzo/><cap/><citta/><provincia/></Raccomandata><Raccomandata><nome_file>039533100_57_508.pdf</nome_file><codice_raccomandata>685632273956</codice_raccomandata><data_esito/><tipo_esito/><motivo_inesito>04</motivo_inesito><campo_aggiuntivo/><nome/><cognome/><indirizzo/><cap/><citta/><provincia/></Raccomandata><Raccomandata><nome_file>039533100_57_511.pdf</nome_file><codice_raccomandata>685632264317</codice_raccomandata><data_esito/><tipo_esito/><motivo_inesito>04</motivo_inesito><campo_aggiuntivo/><nome/><cognome/><indirizzo/><cap/><citta/><provincia/></Raccomandata><Raccomandata><nome_file>039533100_57_514.pdf</nome_file><codice_raccomandata>685632274890</codice_raccomandata><data_esito/><tipo_esito/><motivo_inesito>04</motivo_inesito><campo_aggiuntivo/><nome/><cognome/><indirizzo/><cap/><citta/><provincia/></Raccomandata><Raccomandata><nome_file>039533100_57_517.pdf</nome_file><codice_raccomandata>685632266890</codice_raccomandata><data_esito/><tipo_esito/><motivo_inesito>04</motivo_inesito><campo_aggiuntivo/><nome/><cognome/><indirizzo/><cap/><citta/><provincia/></Raccomandata><Raccomandata><nome_file>039533100_57_520.pdf</nome_file><codice_raccomandata>685632266069</codice_raccomandata><data_esito/><tipo_esito/><motivo_inesito>04</motivo_inesito><campo_aggiuntivo/><nome/><cognome/><indirizzo/><cap/><citta/><provincia/></Raccomandata><Raccomandata><nome_file>039533100_57_523.pdf</nome_file><codice_raccomandata>685632276653</codice_raccomandata><data_esito/><tipo_esito/><motivo_inesito>04</motivo_inesito><campo_aggiuntivo/><nome/><cognome/><indirizzo/><cap/><citta/><provincia/></Raccomandata><Raccomandata><nome_file>039533100_57_526.pdf</nome_file><codice_raccomandata>685632273638</codice_raccomandata><data_esito/><tipo_esito/><motivo_inesito>04</motivo_inesito><campo_aggiuntivo/><nome/><cognome/><indirizzo/><cap/><citta/><provincia/></Raccomandata><Raccomandata><nome_file>039533100_57_529.pdf</nome_file><codice_raccomandata>685632275127</codice_raccomandata><data_esito/><tipo_esito/><motivo_inesito>04</motivo_inesito><campo_aggiuntivo/><nome/><cognome/><indirizzo/><cap/><citta/><provincia/></Raccomandata><Raccomandata><nome_file>039533100_57_532.pdf</nome_file><codice_raccomandata>685632267140</codice_raccomandata><data_esito/><tipo_esito/><motivo_inesito>04</motivo_inesito><campo_aggiuntivo/><nome/><cognome/><indirizzo/><cap/><citta/><provincia/></Raccomandata><Raccomandata><nome_file>039533100_57_535.pdf</nome_file><codice_raccomandata>685632266639</codice_raccomandata><data_esito/><tipo_esito/><motivo_inesito>04</motivo_inesito><campo_aggiuntivo/><nome/><cognome/><indirizzo/><cap/><citta/><provincia/></Raccomandata><Raccomandata><nome_file>039533100_57_538.pdf</nome_file><codice_raccomandata>685632267641</codice_raccomandata><data_esito/><tipo_esito/><motivo_inesito>03</motivo_inesito><campo_aggiuntivo/><nome/><cognome/><indirizzo/><cap/><citta/><provincia/></Raccomandata><Raccomandata><nome_file>039533100_57_541.pdf</nome_file><codice_raccomandata>685632267538</codice_raccomandata><data_esito/><tipo_esito/><motivo_inesito>03</motivo_inesito><campo_aggiuntivo/><nome/><cognome/><indirizzo/><cap/><citta/><provincia/></Raccomandata></Spedizione>
