<Spedizione Cliente="Z0088629" Archivio="IDF1508000E_E.zip" Filename="IDF1508000E_E.xml" NumeroRaccomandate="239"><Raccomandata><nome_file>039897100_57_7.pdf</nome_file><codice_raccomandata>685632267880</codice_raccomandata><data_esito>08/11/2021</data_esito><tipo_esito/><motivo_inesito/><campo_aggiuntivo/><nome/><cognome/><indirizzo/><cap/><citta/><provincia/></Raccomandata><Raccomandata><nome_file>039897100_57_10.pdf</nome_file><codice_raccomandata>685632275710</codice_raccomandata><data_esito>04/11/2021</data_esito><tipo_esito/><motivo_inesito/><campo_aggiuntivo/><nome/><cognome/><indirizzo/><cap/><citta/><provincia/></Raccomandata><Raccomandata><nome_file>039897100_57_13.pdf</nome_file><codice_raccomandata>685632277289</codice_raccomandata><data_esito>05/11/2021</data_esito><tipo_esito/><motivo_inesito/><campo_aggiuntivo/><nome/><cognome/><indirizzo/><cap/><citta/><provincia/></Raccomandata><Raccomandata><nome_file>039897100_57_16.pdf</nome_file><codice_raccomandata>685632279588</codice_raccomandata><data_esito>08/11/2021</data_esito><tipo_esito/><motivo_inesito/><campo_aggiuntivo/><nome/><cognome/><indirizzo/><cap/><citta/><provincia/></Raccomandata><Raccomandata><nome_file>039897100_57_19.pdf</nome_file><codice_raccomandata>685632279133</codice_raccomandata><data_esito>08/11/2021</data_esito><tipo_esito/><motivo_inesito/><campo_aggiuntivo/><nome/><cognome/><indirizzo/><cap/><citta/><provincia/></Raccomandata><Raccomandata><nome_file>039897100_57_22.pdf</nome_file><codice_raccomandata>685632387692</codice_raccomandata><data_esito>16/11/2021</data_esito><tipo_esito/><motivo_inesito/><campo_aggiuntivo/><nome/><cognome/><indirizzo/><cap/><citta/><provincia/></Raccomandata><Raccomandata><nome_file>039897100_57_25.pdf</nome_file><codice_raccomandata>685632382105</codice_raccomandata><data_esito>16/11/2021</data_esito><tipo_esito/><motivo_inesito/><campo_aggiuntivo/><nome/><cognome/><indirizzo/><cap/><citta/><provincia/></Raccomandata><Raccomandata><nome_file>039897100_57_28.pdf</nome_file><codice_raccomandata>685632266924</codice_raccomandata><data_esito>05/11/2021</data_esito><tipo_esito/><motivo_inesito/><campo_aggiuntivo/><nome/><cognome/><indirizzo/><cap/><citta/><provincia/></Raccomandata><Raccomandata><nome_file>039897100_57_31.pdf</nome_file><codice_raccomandata>685632390300</codice_raccomandata><data_esito>15/11/2021</data_esito><tipo_esito/><motivo_inesito/><campo_aggiuntivo/><nome/><cognome/><indirizzo/><cap/><citta/><provincia/></Raccomandata><Raccomandata><nome_file>039897100_57_34.pdf</nome_file><codice_raccomandata>685632398753</codice_raccomandata><data_esito>15/11/2021</data_esito><tipo_esito/><motivo_inesito/><campo_aggiuntivo/><nome/><cognome/><indirizzo/><cap/><citta/><provincia/></Raccomandata><Raccomandata><nome_file>039897100_57_37.pdf</nome_file><codice_raccomandata>685632383357</codice_raccomandata><data_esito>16/11/2021</data_esito><tipo_esito/><motivo_inesito/><campo_aggiuntivo/><nome/><cognome/><indirizzo/><cap/><citta/><provincia/></Raccomandata><Raccomandata><nome_file>039897100_57_40.pdf</nome_file><codice_raccomandata>685632387351</codice_raccomandata><data_esito>16/11/2021</data_esito><tipo_esito/><motivo_inesito/><campo_aggiuntivo/><nome/><cognome/><indirizzo/><cap/><citta/><provincia/></Raccomandata><Raccomandata><nome_file>039897100_57_43.pdf</nome_file><codice_raccomandata>685632382389</codice_raccomandata><data_esito>16/11/2021</data_esito><tipo_esito/><motivo_inesito/><campo_aggiuntivo/><nome/><cognome/><indirizzo/><cap/><citta/><provincia/></Raccomandata><Raccomandata><nome_file>039897100_57_46.pdf</nome_file><codice_raccomandata>685632386656</codice_raccomandata><data_esito>17/11/2021</data_esito><tipo_esito/><motivo_inesito/><campo_aggiuntivo/><nome/><cognome/><indirizzo/><cap/><citta/><provincia/></Raccomandata><Raccomandata><nome_file>039897100_57_49.pdf</nome_file><codice_raccomandata>685632384950</codice_raccomandata><data_esito>16/11/2021</data_esito><tipo_esito/><motivo_inesito/><campo_aggiuntivo/><nome/><cognome/><indirizzo/><cap/><citta/><provincia/></Raccomandata><Raccomandata><nome_file>039897100_57_52.pdf</nome_file><codice_raccomandata>685632363044</codice_raccomandata><data_esito>19/11/2021</data_esito><tipo_esito/><motivo_inesito/><campo_aggiuntivo/><nome/><cognome/><indirizzo/><cap/><citta/><provincia/></Raccomandata><Raccomandata><nome_file>039897100_57_55.pdf</nome_file><codice_raccomandata>685632399128</codice_raccomandata><data_esito>17/11/2021</data_esito><tipo_esito/><motivo_inesito/><campo_aggiuntivo/><nome/><cognome/><indirizzo/><cap/><citta/><provincia/></Raccomandata><Raccomandata><nome_file>039897100_57_58.pdf</nome_file><codice_raccomandata>685632276790</codice_raccomandata><data_esito>19/11/2021</data_esito><tipo_esito/><motivo_inesito/><campo_aggiuntivo/><nome/><cognome/><indirizzo/><cap/><citta/><provincia/></Raccomandata><Raccomandata><nome_file>039897100_57_61.pdf</nome_file><codice_raccomandata>685632367117</codice_raccomandata><data_esito>16/11/2021</data_esito><tipo_esito/><motivo_inesito/><campo_aggiuntivo/><nome/><cognome/><indirizzo/><cap/><citta/><provincia/></Raccomandata><Raccomandata><nome_file>039897100_57_64.pdf</nome_file><codice_raccomandata>685632366993</codice_raccomandata><data_esito>16/11/2021</data_esito><tipo_esito/><motivo_inesito/><campo_aggiuntivo/><nome/><cognome/><indirizzo/><cap/><citta/><provincia/></Raccomandata><Raccomandata><nome_file>039897100_57_67.pdf</nome_file><codice_raccomandata>685632387919</codice_raccomandata><data_esito>16/11/2021</data_esito><tipo_esito/><motivo_inesito/><campo_aggiuntivo/><nome/><cognome/><indirizzo/><cap/><citta/><provincia/></Raccomandata><Raccomandata><nome_file>039897100_57_70.pdf</nome_file><codice_raccomandata>685632381377</codice_raccomandata><data_esito>18/11/2021</data_esito><tipo_esito/><motivo_inesito/><campo_aggiuntivo/><nome/><cognome/><indirizzo/><cap/><citta/><provincia/></Raccomandata><Raccomandata><nome_file>039897100_57_73.pdf</nome_file><codice_raccomandata>685632267879</codice_raccomandata><data_esito>04/11/2021</data_esito><tipo_esito/><motivo_inesito/><campo_aggiuntivo/><nome/><cognome/><indirizzo/><cap/><citta/><provincia/></Raccomandata><Raccomandata><nome_file>039897100_57_76.pdf</nome_file><codice_raccomandata>685632267310</codice_raccomandata><data_esito>04/11/2021</data_esito><tipo_esito/><motivo_inesito/><campo_aggiuntivo/><nome/><cognome/><indirizzo/><cap/><citta/><provincia/></Raccomandata><Raccomandata><nome_file>039897100_57_79.pdf</nome_file><codice_raccomandata>685632278304</codice_raccomandata><data_esito>19/11/2021</data_esito><tipo_esito/><motivo_inesito/><campo_aggiuntivo/><nome/><cognome/><indirizzo/><cap/><citta/><provincia/></Raccomandata><Raccomandata><nome_file>039897100_57_82.pdf</nome_file><codice_raccomandata>685632384984</codice_raccomandata><data_esito>15/11/2021</data_esito><tipo_esito/><motivo_inesito/><campo_aggiuntivo/><nome/><cognome/><indirizzo/><cap/><citta/><provincia/></Raccomandata><Raccomandata><nome_file>039897100_57_85.pdf</nome_file><codice_raccomandata>685632383255</codice_raccomandata><data_esito>15/11/2021</data_esito><tipo_esito/><motivo_inesito/><campo_aggiuntivo/><nome/><cognome/><indirizzo/><cap/><citta/><provincia/></Raccomandata><Raccomandata><nome_file>039897100_57_88.pdf</nome_file><codice_raccomandata>685632383868</codice_raccomandata><data_esito>15/11/2021</data_esito><tipo_esito/><motivo_inesito/><campo_aggiuntivo/><nome/><cognome/><indirizzo/><cap/><citta/><provincia/></Raccomandata><Raccomandata><nome_file>039897100_57_91.pdf</nome_file><codice_raccomandata>685632397991</codice_raccomandata><data_esito>15/11/2021</data_esito><tipo_esito/><motivo_inesito/><campo_aggiuntivo/><nome/><cognome/><indirizzo/><cap/><citta/><provincia/></Raccomandata><Raccomandata><nome_file>039897100_57_94.pdf</nome_file><codice_raccomandata>685632388556</codice_raccomandata><data_esito>15/11/2021</data_esito><tipo_esito/><motivo_inesito/><campo_aggiuntivo/><nome/><cognome/><indirizzo/><cap/><citta/><provincia/></Raccomandata><Raccomandata><nome_file>039897100_57_97.pdf</nome_file><codice_raccomandata>685632267550</codice_raccomandata><data_esito>05/11/2021</data_esito><tipo_esito/><motivo_inesito/><campo_aggiuntivo/><nome/><cognome/><indirizzo/><cap/><citta/><provincia/></Raccomandata><Raccomandata><nome_file>039897100_57_100.pdf</nome_file><codice_raccomandata>685632273296</codice_raccomandata><data_esito>06/11/2021</data_esito><tipo_esito/><motivo_inesito/><campo_aggiuntivo/><nome/><cognome/><indirizzo/><cap/><citta/><provincia/></Raccomandata><Raccomandata><nome_file>039897100_57_103.pdf</nome_file><codice_raccomandata>685632267253</codice_raccomandata><data_esito>05/11/2021</data_esito><tipo_esito/><motivo_inesito/><campo_aggiuntivo/><nome/><cognome/><indirizzo/><cap/><citta/><provincia/></Raccomandata><Raccomandata><nome_file>039897100_57_106.pdf</nome_file><codice_raccomandata>685632275903</codice_raccomandata><data_esito>05/11/2021</data_esito><tipo_esito/><motivo_inesito/><campo_aggiuntivo/><nome/><cognome/><indirizzo/><cap/><citta/><provincia/></Raccomandata><Raccomandata><nome_file>039897100_57_109.pdf</nome_file><codice_raccomandata>685632271589</codice_raccomandata><data_esito>09/11/2021</data_esito><tipo_esito/><motivo_inesito/><campo_aggiuntivo/><nome/><cognome/><indirizzo/><cap/><citta/><provincia/></Raccomandata><Raccomandata><nome_file>039897100_57_112.pdf</nome_file><codice_raccomandata>685632388147</codice_raccomandata><data_esito>18/11/2021</data_esito><tipo_esito/><motivo_inesito/><campo_aggiuntivo/><nome/><cognome/><indirizzo/><cap/><citta/><provincia/></Raccomandata><Raccomandata><nome_file>039897100_57_115.pdf</nome_file><codice_raccomandata>685632275003</codice_raccomandata><data_esito>19/11/2021</data_esito><tipo_esito/><motivo_inesito/><campo_aggiuntivo/><nome/><cognome/><indirizzo/><cap/><citta/><provincia/></Raccomandata><Raccomandata><nome_file>039897100_57_118.pdf</nome_file><codice_raccomandata>685632367620</codice_raccomandata><data_esito>19/11/2021</data_esito><tipo_esito/><motivo_inesito/><campo_aggiuntivo/><nome/><cognome/><indirizzo/><cap/><citta/><provincia/></Raccomandata><Raccomandata><nome_file>039897100_57_121.pdf</nome_file><codice_raccomandata>685632380649</codice_raccomandata><data_esito>18/11/2021</data_esito><tipo_esito/><motivo_inesito/><campo_aggiuntivo/><nome/><cognome/><indirizzo/><cap/><citta/><provincia/></Raccomandata><Raccomandata><nome_file>039897100_57_124.pdf</nome_file><codice_raccomandata>685632367208</codice_raccomandata><data_esito>18/11/2021</data_esito><tipo_esito/><motivo_inesito/><campo_aggiuntivo/><nome/><cognome/><indirizzo/><cap/><citta/><provincia/></Raccomandata><Raccomandata><nome_file>039897100_57_127.pdf</nome_file><codice_raccomandata>685632392289</codice_raccomandata><data_esito>18/11/2021</data_esito><tipo_esito/><motivo_inesito/><campo_aggiuntivo/><nome/><cognome/><indirizzo/><cap/><citta/><provincia/></Raccomandata><Raccomandata><nome_file>039897100_57_130.pdf</nome_file><codice_raccomandata>685632268335</codice_raccomandata><data_esito>19/11/2021</data_esito><tipo_esito/><motivo_inesito/><campo_aggiuntivo/><nome/><cognome/><indirizzo/><cap/><citta/><provincia/></Raccomandata><Raccomandata><nome_file>039897100_57_133.pdf</nome_file><codice_raccomandata>685632389308</codice_raccomandata><data_esito>19/11/2021</data_esito><tipo_esito/><motivo_inesito/><campo_aggiuntivo/><nome/><cognome/><indirizzo/><cap/><citta/><provincia/></Raccomandata><Raccomandata><nome_file>039897100_57_136.pdf</nome_file><codice_raccomandata>685632387340</codice_raccomandata><data_esito>16/11/2021</data_esito><tipo_esito/><motivo_inesito/><campo_aggiuntivo/><nome/><cognome/><indirizzo/><cap/><citta/><provincia/></Raccomandata><Raccomandata><nome_file>039897100_57_139.pdf</nome_file><codice_raccomandata>685632387420</codice_raccomandata><data_esito>15/11/2021</data_esito><tipo_esito/><motivo_inesito/><campo_aggiuntivo/><nome/><cognome/><indirizzo/><cap/><citta/><provincia/></Raccomandata><Raccomandata><nome_file>039897100_57_142.pdf</nome_file><codice_raccomandata>685632377655</codice_raccomandata><data_esito>15/11/2021</data_esito><tipo_esito/><motivo_inesito/><campo_aggiuntivo/><nome/><cognome/><indirizzo/><cap/><citta/><provincia/></Raccomandata><Raccomandata><nome_file>039897100_57_145.pdf</nome_file><codice_raccomandata>685632363170</codice_raccomandata><data_esito>16/11/2021</data_esito><tipo_esito/><motivo_inesito/><campo_aggiuntivo/><nome/><cognome/><indirizzo/><cap/><citta/><provincia/></Raccomandata><Raccomandata><nome_file>039897100_57_148.pdf</nome_file><codice_raccomandata>685632386782</codice_raccomandata><data_esito>16/11/2021</data_esito><tipo_esito/><motivo_inesito/><campo_aggiuntivo/><nome/><cognome/><indirizzo/><cap/><citta/><provincia/></Raccomandata><Raccomandata><nome_file>039897100_57_151.pdf</nome_file><codice_raccomandata>685632386827</codice_raccomandata><data_esito>16/11/2021</data_esito><tipo_esito/><motivo_inesito/><campo_aggiuntivo/><nome/><cognome/><indirizzo/><cap/><citta/><provincia/></Raccomandata><Raccomandata><nome_file>039897100_57_154.pdf</nome_file><codice_raccomandata>685632383459</codice_raccomandata><data_esito>17/11/2021</data_esito><tipo_esito/><motivo_inesito/><campo_aggiuntivo/><nome/><cognome/><indirizzo/><cap/><citta/><provincia/></Raccomandata><Raccomandata><nome_file>039897100_57_157.pdf</nome_file><codice_raccomandata>685632383960</codice_raccomandata><data_esito>16/11/2021</data_esito><tipo_esito/><motivo_inesito/><campo_aggiuntivo/><nome/><cognome/><indirizzo/><cap/><citta/><provincia/></Raccomandata><Raccomandata><nome_file>039897100_57_160.pdf</nome_file><codice_raccomandata>685632395533</codice_raccomandata><data_esito>16/11/2021</data_esito><tipo_esito/><motivo_inesito/><campo_aggiuntivo/><nome/><cognome/><indirizzo/><cap/><citta/><provincia/></Raccomandata><Raccomandata><nome_file>039897100_57_163.pdf</nome_file><codice_raccomandata>685632394247</codice_raccomandata><data_esito>16/11/2021</data_esito><tipo_esito/><motivo_inesito/><campo_aggiuntivo/><nome/><cognome/><indirizzo/><cap/><citta/><provincia/></Raccomandata><Raccomandata><nome_file>039897100_57_166.pdf</nome_file><codice_raccomandata>685632366982</codice_raccomandata><data_esito>16/11/2021</data_esito><tipo_esito/><motivo_inesito/><campo_aggiuntivo/><nome/><cognome/><indirizzo/><cap/><citta/><provincia/></Raccomandata><Raccomandata><nome_file>039897100_57_169.pdf</nome_file><codice_raccomandata>685632394634</codice_raccomandata><data_esito>16/11/2021</data_esito><tipo_esito/><motivo_inesito/><campo_aggiuntivo/><nome/><cognome/><indirizzo/><cap/><citta/><provincia/></Raccomandata><Raccomandata><nome_file>039897100_57_172.pdf</nome_file><codice_raccomandata>685632392847</codice_raccomandata><data_esito>18/11/2021</data_esito><tipo_esito/><motivo_inesito/><campo_aggiuntivo/><nome/><cognome/><indirizzo/><cap/><citta/><provincia/></Raccomandata><Raccomandata><nome_file>039897100_57_175.pdf</nome_file><codice_raccomandata>685632383983</codice_raccomandata><data_esito>17/11/2021</data_esito><tipo_esito/><motivo_inesito/><campo_aggiuntivo/><nome/><cognome/><indirizzo/><cap/><citta/><provincia/></Raccomandata><Raccomandata><nome_file>039897100_57_178.pdf</nome_file><codice_raccomandata>685632395794</codice_raccomandata><data_esito>16/11/2021</data_esito><tipo_esito/><motivo_inesito/><campo_aggiuntivo/><nome/><cognome/><indirizzo/><cap/><citta/><provincia/></Raccomandata><Raccomandata><nome_file>039897100_57_181.pdf</nome_file><codice_raccomandata>685632387748</codice_raccomandata><data_esito>16/11/2021</data_esito><tipo_esito/><motivo_inesito/><campo_aggiuntivo/><nome/><cognome/><indirizzo/><cap/><citta/><provincia/></Raccomandata><Raccomandata><nome_file>039897100_57_184.pdf</nome_file><codice_raccomandata>685632386485</codice_raccomandata><data_esito>16/11/2021</data_esito><tipo_esito/><motivo_inesito/><campo_aggiuntivo/><nome/><cognome/><indirizzo/><cap/><citta/><provincia/></Raccomandata><Raccomandata><nome_file>039897100_57_187.pdf</nome_file><codice_raccomandata>685632381719</codice_raccomandata><data_esito>15/11/2021</data_esito><tipo_esito/><motivo_inesito/><campo_aggiuntivo/><nome/><cognome/><indirizzo/><cap/><citta/><provincia/></Raccomandata><Raccomandata><nome_file>039897100_57_190.pdf</nome_file><codice_raccomandata>685632399641</codice_raccomandata><data_esito>15/11/2021</data_esito><tipo_esito/><motivo_inesito/><campo_aggiuntivo/><nome/><cognome/><indirizzo/><cap/><citta/><provincia/></Raccomandata><Raccomandata><nome_file>039897100_57_193.pdf</nome_file><codice_raccomandata>685632396114</codice_raccomandata><data_esito>15/11/2021</data_esito><tipo_esito/><motivo_inesito/><campo_aggiuntivo/><nome/><cognome/><indirizzo/><cap/><citta/><provincia/></Raccomandata><Raccomandata><nome_file>039897100_57_196.pdf</nome_file><codice_raccomandata>685632395761</codice_raccomandata><data_esito>15/11/2021</data_esito><tipo_esito/><motivo_inesito/><campo_aggiuntivo/><nome/><cognome/><indirizzo/><cap/><citta/><provincia/></Raccomandata><Raccomandata><nome_file>039897100_57_199.pdf</nome_file><codice_raccomandata>685632397774</codice_raccomandata><data_esito>15/11/2021</data_esito><tipo_esito/><motivo_inesito/><campo_aggiuntivo/><nome/><cognome/><indirizzo/><cap/><citta/><provincia/></Raccomandata><Raccomandata><nome_file>039897100_57_202.pdf</nome_file><codice_raccomandata>685632371011</codice_raccomandata><data_esito>15/11/2021</data_esito><tipo_esito/><motivo_inesito/><campo_aggiuntivo/><nome/><cognome/><indirizzo/><cap/><citta/><provincia/></Raccomandata><Raccomandata><nome_file>039897100_57_205.pdf</nome_file><codice_raccomandata>685632384073</codice_raccomandata><data_esito>15/11/2021</data_esito><tipo_esito/><motivo_inesito/><campo_aggiuntivo/><nome/><cognome/><indirizzo/><cap/><citta/><provincia/></Raccomandata><Raccomandata><nome_file>039897100_57_208.pdf</nome_file><codice_raccomandata>685632267323</codice_raccomandata><data_esito>04/11/2021</data_esito><tipo_esito/><motivo_inesito/><campo_aggiuntivo/><nome/><cognome/><indirizzo/><cap/><citta/><provincia/></Raccomandata><Raccomandata><nome_file>039897100_57_211.pdf</nome_file><codice_raccomandata>685632269392</codice_raccomandata><data_esito>08/11/2021</data_esito><tipo_esito/><motivo_inesito/><campo_aggiuntivo/><nome/><cognome/><indirizzo/><cap/><citta/><provincia/></Raccomandata><Raccomandata><nome_file>039897100_57_214.pdf</nome_file><codice_raccomandata>685632387511</codice_raccomandata><data_esito>15/11/2021</data_esito><tipo_esito/><motivo_inesito/><campo_aggiuntivo/><nome/><cognome/><indirizzo/><cap/><citta/><provincia/></Raccomandata><Raccomandata><nome_file>039897100_57_217.pdf</nome_file><codice_raccomandata>685632388022</codice_raccomandata><data_esito>15/11/2021</data_esito><tipo_esito/><motivo_inesito/><campo_aggiuntivo/><nome/><cognome/><indirizzo/><cap/><citta/><provincia/></Raccomandata><Raccomandata><nome_file>039897100_57_220.pdf</nome_file><codice_raccomandata>685632367426</codice_raccomandata><data_esito>18/11/2021</data_esito><tipo_esito/><motivo_inesito/><campo_aggiuntivo/><nome/><cognome/><indirizzo/><cap/><citta/><provincia/></Raccomandata><Raccomandata><nome_file>039897100_57_223.pdf</nome_file><codice_raccomandata>685632397080</codice_raccomandata><data_esito>15/11/2021</data_esito><tipo_esito/><motivo_inesito/><campo_aggiuntivo/><nome/><cognome/><indirizzo/><cap/><citta/><provincia/></Raccomandata><Raccomandata><nome_file>039897100_57_226.pdf</nome_file><codice_raccomandata>685632394270</codice_raccomandata><data_esito>15/11/2021</data_esito><tipo_esito/><motivo_inesito/><campo_aggiuntivo/><nome/><cognome/><indirizzo/><cap/><citta/><provincia/></Raccomandata><Raccomandata><nome_file>039897100_57_229.pdf</nome_file><codice_raccomandata>685632389376</codice_raccomandata><data_esito>15/11/2021</data_esito><tipo_esito/><motivo_inesito/><campo_aggiuntivo/><nome/><cognome/><indirizzo/><cap/><citta/><provincia/></Raccomandata><Raccomandata><nome_file>039897100_57_232.pdf</nome_file><codice_raccomandata>685632263500</codice_raccomandata><data_esito>02/11/2021</data_esito><tipo_esito/><motivo_inesito/><campo_aggiuntivo/><nome/><cognome/><indirizzo/><cap/><citta/><provincia/></Raccomandata><Raccomandata><nome_file>039897100_57_235.pdf</nome_file><codice_raccomandata>685632387498</codice_raccomandata><data_esito>15/11/2021</data_esito><tipo_esito/><motivo_inesito/><campo_aggiuntivo/><nome/><cognome/><indirizzo/><cap/><citta/><provincia/></Raccomandata><Raccomandata><nome_file>039897100_57_238.pdf</nome_file><codice_raccomandata>685632385108</codice_raccomandata><data_esito>15/11/2021</data_esito><tipo_esito/><motivo_inesito/><campo_aggiuntivo/><nome/><cognome/><indirizzo/><cap/><citta/><provincia/></Raccomandata><Raccomandata><nome_file>039897100_57_241.pdf</nome_file><codice_raccomandata>685632388011</codice_raccomandata><data_esito>15/11/2021</data_esito><tipo_esito/><motivo_inesito/><campo_aggiuntivo/><nome/><cognome/><indirizzo/><cap/><citta/><provincia/></Raccomandata><Raccomandata><nome_file>039897100_57_244.pdf</nome_file><codice_raccomandata>685632388272</codice_raccomandata><data_esito>15/11/2021</data_esito><tipo_esito/><motivo_inesito/><campo_aggiuntivo/><nome/><cognome/><indirizzo/><cap/><citta/><provincia/></Raccomandata><Raccomandata><nome_file>039897100_57_247.pdf</nome_file><codice_raccomandata>685632388671</codice_raccomandata><data_esito>15/11/2021</data_esito><tipo_esito/><motivo_inesito/><campo_aggiuntivo/><nome/><cognome/><indirizzo/><cap/><citta/><provincia/></Raccomandata><Raccomandata><nome_file>039897100_57_250.pdf</nome_file><codice_raccomandata>685632390069</codice_raccomandata><data_esito>15/11/2021</data_esito><tipo_esito/><motivo_inesito/><campo_aggiuntivo/><nome/><cognome/><indirizzo/><cap/><citta/><provincia/></Raccomandata><Raccomandata><nome_file>039897100_57_253.pdf</nome_file><codice_raccomandata>685632399526</codice_raccomandata><data_esito>15/11/2021</data_esito><tipo_esito/><motivo_inesito/><campo_aggiuntivo/><nome/><cognome/><indirizzo/><cap/><citta/><provincia/></Raccomandata><Raccomandata><nome_file>039897100_57_256.pdf</nome_file><codice_raccomandata>685632377121</codice_raccomandata><data_esito>15/11/2021</data_esito><tipo_esito/><motivo_inesito/><campo_aggiuntivo/><nome/><cognome/><indirizzo/><cap/><citta/><provincia/></Raccomandata><Raccomandata><nome_file>039897100_57_259.pdf</nome_file><codice_raccomandata>685632398310</codice_raccomandata><data_esito>16/11/2021</data_esito><tipo_esito/><motivo_inesito/><campo_aggiuntivo/><nome/><cognome/><indirizzo/><cap/><citta/><provincia/></Raccomandata><Raccomandata><nome_file>039897100_57_262.pdf</nome_file><codice_raccomandata>685632389400</codice_raccomandata><data_esito>16/11/2021</data_esito><tipo_esito/><motivo_inesito/><campo_aggiuntivo/><nome/><cognome/><indirizzo/><cap/><citta/><provincia/></Raccomandata><Raccomandata><nome_file>039897100_57_265.pdf</nome_file><codice_raccomandata>685632392676</codice_raccomandata><data_esito>17/11/2021</data_esito><tipo_esito/><motivo_inesito/><campo_aggiuntivo/><nome/><cognome/><indirizzo/><cap/><citta/><provincia/></Raccomandata><Raccomandata><nome_file>039897100_57_268.pdf</nome_file><codice_raccomandata>685632387215</codice_raccomandata><data_esito>16/11/2021</data_esito><tipo_esito/><motivo_inesito/><campo_aggiuntivo/><nome/><cognome/><indirizzo/><cap/><citta/><provincia/></Raccomandata><Raccomandata><nome_file>039897100_57_271.pdf</nome_file><codice_raccomandata>685632384165</codice_raccomandata><data_esito>16/11/2021</data_esito><tipo_esito/><motivo_inesito/><campo_aggiuntivo/><nome/><cognome/><indirizzo/><cap/><citta/><provincia/></Raccomandata><Raccomandata><nome_file>039897100_57_274.pdf</nome_file><codice_raccomandata>685632383471</codice_raccomandata><data_esito>18/11/2021</data_esito><tipo_esito/><motivo_inesito/><campo_aggiuntivo/><nome/><cognome/><indirizzo/><cap/><citta/><provincia/></Raccomandata><Raccomandata><nome_file>039897100_57_277.pdf</nome_file><codice_raccomandata>685632395852</codice_raccomandata><data_esito>17/11/2021</data_esito><tipo_esito/><motivo_inesito/><campo_aggiuntivo/><nome/><cognome/><indirizzo/><cap/><citta/><provincia/></Raccomandata><Raccomandata><nome_file>039897100_57_280.pdf</nome_file><codice_raccomandata>685632384927</codice_raccomandata><data_esito>17/11/2021</data_esito><tipo_esito/><motivo_inesito/><campo_aggiuntivo/><nome/><cognome/><indirizzo/><cap/><citta/><provincia/></Raccomandata><Raccomandata><nome_file>039897100_57_283.pdf</nome_file><codice_raccomandata>685632398161</codice_raccomandata><data_esito>17/11/2021</data_esito><tipo_esito/><motivo_inesito/><campo_aggiuntivo/><nome/><cognome/><indirizzo/><cap/><citta/><provincia/></Raccomandata><Raccomandata><nome_file>039897100_57_286.pdf</nome_file><codice_raccomandata>685632382003</codice_raccomandata><data_esito>17/11/2021</data_esito><tipo_esito/><motivo_inesito/><campo_aggiuntivo/><nome/><cognome/><indirizzo/><cap/><citta/><provincia/></Raccomandata><Raccomandata><nome_file>039897100_57_289.pdf</nome_file><codice_raccomandata>685632381797</codice_raccomandata><data_esito>15/11/2021</data_esito><tipo_esito/><motivo_inesito/><campo_aggiuntivo/><nome/><cognome/><indirizzo/><cap/><citta/><provincia/></Raccomandata><Raccomandata><nome_file>039897100_57_292.pdf</nome_file><codice_raccomandata>685632381946</codice_raccomandata><data_esito>15/11/2021</data_esito><tipo_esito/><motivo_inesito/><campo_aggiuntivo/><nome/><cognome/><indirizzo/><cap/><citta/><provincia/></Raccomandata><Raccomandata><nome_file>039897100_57_295.pdf</nome_file><codice_raccomandata>685632386838</codice_raccomandata><data_esito>15/11/2021</data_esito><tipo_esito/><motivo_inesito/><campo_aggiuntivo/><nome/><cognome/><indirizzo/><cap/><citta/><provincia/></Raccomandata><Raccomandata><nome_file>039897100_57_298.pdf</nome_file><codice_raccomandata>685632381980</codice_raccomandata><data_esito>15/11/2021</data_esito><tipo_esito/><motivo_inesito/><campo_aggiuntivo/><nome/><cognome/><indirizzo/><cap/><citta/><provincia/></Raccomandata><Raccomandata><nome_file>039897100_57_301.pdf</nome_file><codice_raccomandata>685632392974</codice_raccomandata><data_esito>16/11/2021</data_esito><tipo_esito/><motivo_inesito/><campo_aggiuntivo/><nome/><cognome/><indirizzo/><cap/><citta/><provincia/></Raccomandata><Raccomandata><nome_file>039897100_57_304.pdf</nome_file><codice_raccomandata>685632400037</codice_raccomandata><data_esito>16/11/2021</data_esito><tipo_esito/><motivo_inesito/><campo_aggiuntivo/><nome/><cognome/><indirizzo/><cap/><citta/><provincia/></Raccomandata><Raccomandata><nome_file>039897100_57_307.pdf</nome_file><codice_raccomandata>685632276664</codice_raccomandata><data_esito>09/11/2021</data_esito><tipo_esito/><motivo_inesito/><campo_aggiuntivo/><nome/><cognome/><indirizzo/><cap/><citta/><provincia/></Raccomandata><Raccomandata><nome_file>039897100_57_310.pdf</nome_file><codice_raccomandata>685632400118</codice_raccomandata><data_esito>16/11/2021</data_esito><tipo_esito/><motivo_inesito/><campo_aggiuntivo/><nome/><cognome/><indirizzo/><cap/><citta/><provincia/></Raccomandata><Raccomandata><nome_file>039897100_57_313.pdf</nome_file><codice_raccomandata>685632392687</codice_raccomandata><data_esito>18/11/2021</data_esito><tipo_esito/><motivo_inesito/><campo_aggiuntivo/><nome/><cognome/><indirizzo/><cap/><citta/><provincia/></Raccomandata><Raccomandata><nome_file>039897100_57_316.pdf</nome_file><codice_raccomandata>685632278564</codice_raccomandata><data_esito>17/11/2021</data_esito><tipo_esito/><motivo_inesito/><campo_aggiuntivo/><nome/><cognome/><indirizzo/><cap/><citta/><provincia/></Raccomandata><Raccomandata><nome_file>039897100_57_319.pdf</nome_file><codice_raccomandata>685632382014</codice_raccomandata><data_esito>17/11/2021</data_esito><tipo_esito/><motivo_inesito/><campo_aggiuntivo/><nome/><cognome/><indirizzo/><cap/><citta/><provincia/></Raccomandata><Raccomandata><nome_file>039897100_57_322.pdf</nome_file><codice_raccomandata>685632388933</codice_raccomandata><data_esito>16/11/2021</data_esito><tipo_esito/><motivo_inesito/><campo_aggiuntivo/><nome/><cognome/><indirizzo/><cap/><citta/><provincia/></Raccomandata><Raccomandata><nome_file>039897100_57_325.pdf</nome_file><codice_raccomandata>685632383562</codice_raccomandata><data_esito>16/11/2021</data_esito><tipo_esito/><motivo_inesito/><campo_aggiuntivo/><nome/><cognome/><indirizzo/><cap/><citta/><provincia/></Raccomandata><Raccomandata><nome_file>039897100_57_328.pdf</nome_file><codice_raccomandata>685632387965</codice_raccomandata><data_esito>16/11/2021</data_esito><tipo_esito/><motivo_inesito/><campo_aggiuntivo/><nome/><cognome/><indirizzo/><cap/><citta/><provincia/></Raccomandata><Raccomandata><nome_file>039897100_57_331.pdf</nome_file><codice_raccomandata>685632397661</codice_raccomandata><data_esito>16/11/2021</data_esito><tipo_esito/><motivo_inesito/><campo_aggiuntivo/><nome/><cognome/><indirizzo/><cap/><citta/><provincia/></Raccomandata><Raccomandata><nome_file>039897100_57_334.pdf</nome_file><codice_raccomandata>685632399606</codice_raccomandata><data_esito>15/11/2021</data_esito><tipo_esito/><motivo_inesito/><campo_aggiuntivo/><nome/><cognome/><indirizzo/><cap/><citta/><provincia/></Raccomandata><Raccomandata><nome_file>039897100_57_337.pdf</nome_file><codice_raccomandata>685632397728</codice_raccomandata><data_esito>15/11/2021</data_esito><tipo_esito/><motivo_inesito/><campo_aggiuntivo/><nome/><cognome/><indirizzo/><cap/><citta/><provincia/></Raccomandata><Raccomandata><nome_file>039897100_57_340.pdf</nome_file><codice_raccomandata>685632384176</codice_raccomandata><data_esito>18/11/2021</data_esito><tipo_esito/><motivo_inesito/><campo_aggiuntivo/><nome/><cognome/><indirizzo/><cap/><citta/><provincia/></Raccomandata><Raccomandata><nome_file>039897100_57_343.pdf</nome_file><codice_raccomandata>685632386953</codice_raccomandata><data_esito>17/11/2021</data_esito><tipo_esito/><motivo_inesito/><campo_aggiuntivo/><nome/><cognome/><indirizzo/><cap/><citta/><provincia/></Raccomandata><Raccomandata><nome_file>039897100_57_346.pdf</nome_file><codice_raccomandata>685632391653</codice_raccomandata><data_esito>16/11/2021</data_esito><tipo_esito/><motivo_inesito/><campo_aggiuntivo/><nome/><cognome/><indirizzo/><cap/><citta/><provincia/></Raccomandata><Raccomandata><nome_file>039897100_57_349.pdf</nome_file><codice_raccomandata>685632385439</codice_raccomandata><data_esito>15/11/2021</data_esito><tipo_esito/><motivo_inesito/><campo_aggiuntivo/><nome/><cognome/><indirizzo/><cap/><citta/><provincia/></Raccomandata><Raccomandata><nome_file>039897100_57_352.pdf</nome_file><codice_raccomandata>685632384129</codice_raccomandata><data_esito>15/11/2021</data_esito><tipo_esito/><motivo_inesito/><campo_aggiuntivo/><nome/><cognome/><indirizzo/><cap/><citta/><provincia/></Raccomandata><Raccomandata><nome_file>039897100_57_355.pdf</nome_file><codice_raccomandata>685632267436</codice_raccomandata><data_esito>22/11/2021</data_esito><tipo_esito/><motivo_inesito/><campo_aggiuntivo/><nome/><cognome/><indirizzo/><cap/><citta/><provincia/></Raccomandata><Raccomandata><nome_file>039897100_57_358.pdf</nome_file><codice_raccomandata>685632386771</codice_raccomandata><data_esito>20/11/2021</data_esito><tipo_esito/><motivo_inesito/><campo_aggiuntivo/><nome/><cognome/><indirizzo/><cap/><citta/><provincia/></Raccomandata><Raccomandata><nome_file>039897100_57_361.pdf</nome_file><codice_raccomandata>685632367596</codice_raccomandata><data_esito>18/11/2021</data_esito><tipo_esito/><motivo_inesito/><campo_aggiuntivo/><nome/><cognome/><indirizzo/><cap/><citta/><provincia/></Raccomandata><Raccomandata><nome_file>039897100_57_364.pdf</nome_file><codice_raccomandata>685632388409</codice_raccomandata><data_esito>18/11/2021</data_esito><tipo_esito/><motivo_inesito/><campo_aggiuntivo/><nome/><cognome/><indirizzo/><cap/><citta/><provincia/></Raccomandata><Raccomandata><nome_file>039897100_57_367.pdf</nome_file><codice_raccomandata>685632368266</codice_raccomandata><data_esito>18/11/2021</data_esito><tipo_esito/><motivo_inesito/><campo_aggiuntivo/><nome/><cognome/><indirizzo/><cap/><citta/><provincia/></Raccomandata><Raccomandata><nome_file>039897100_57_370.pdf</nome_file><codice_raccomandata>685632388523</codice_raccomandata><data_esito>15/11/2021</data_esito><tipo_esito/><motivo_inesito/><campo_aggiuntivo/><nome/><cognome/><indirizzo/><cap/><citta/><provincia/></Raccomandata><Raccomandata><nome_file>039897100_57_373.pdf</nome_file><codice_raccomandata>685632395919</codice_raccomandata><data_esito>19/11/2021</data_esito><tipo_esito/><motivo_inesito/><campo_aggiuntivo/><nome/><cognome/><indirizzo/><cap/><citta/><provincia/></Raccomandata><Raccomandata><nome_file>039897100_57_376.pdf</nome_file><codice_raccomandata>685632278359</codice_raccomandata><data_esito>19/11/2021</data_esito><tipo_esito/><motivo_inesito/><campo_aggiuntivo/><nome/><cognome/><indirizzo/><cap/><citta/><provincia/></Raccomandata><Raccomandata><nome_file>039897100_57_379.pdf</nome_file><codice_raccomandata>685632395885</codice_raccomandata><data_esito>16/11/2021</data_esito><tipo_esito/><motivo_inesito/><campo_aggiuntivo/><nome/><cognome/><indirizzo/><cap/><citta/><provincia/></Raccomandata><Raccomandata><nome_file>039897100_57_382.pdf</nome_file><codice_raccomandata>685632266479</codice_raccomandata><data_esito>17/11/2021</data_esito><tipo_esito/><motivo_inesito/><campo_aggiuntivo/><nome/><cognome/><indirizzo/><cap/><citta/><provincia/></Raccomandata><Raccomandata><nome_file>039897100_57_385.pdf</nome_file><codice_raccomandata>685632362932</codice_raccomandata><data_esito>19/11/2021</data_esito><tipo_esito/><motivo_inesito/><campo_aggiuntivo/><nome/><cognome/><indirizzo/><cap/><citta/><provincia/></Raccomandata><Raccomandata><nome_file>039897100_57_388.pdf</nome_file><codice_raccomandata>685632381388</codice_raccomandata><data_esito>17/11/2021</data_esito><tipo_esito/><motivo_inesito/><campo_aggiuntivo/><nome/><cognome/><indirizzo/><cap/><citta/><provincia/></Raccomandata><Raccomandata><nome_file>039897100_57_391.pdf</nome_file><codice_raccomandata>685632381412</codice_raccomandata><data_esito>19/11/2021</data_esito><tipo_esito/><motivo_inesito/><campo_aggiuntivo/><nome/><cognome/><indirizzo/><cap/><citta/><provincia/></Raccomandata><Raccomandata><nome_file>039897100_57_394.pdf</nome_file><codice_raccomandata>685632385940</codice_raccomandata><data_esito>19/11/2021</data_esito><tipo_esito/><motivo_inesito/><campo_aggiuntivo/><nome/><cognome/><indirizzo/><cap/><citta/><provincia/></Raccomandata><Raccomandata><nome_file>039897100_57_397.pdf</nome_file><codice_raccomandata>685632278176</codice_raccomandata><data_esito>19/11/2021</data_esito><tipo_esito/><motivo_inesito/><campo_aggiuntivo/><nome/><cognome/><indirizzo/><cap/><citta/><provincia/></Raccomandata><Raccomandata><nome_file>039897100_57_400.pdf</nome_file><codice_raccomandata>685632392529</codice_raccomandata><data_esito>16/11/2021</data_esito><tipo_esito/><motivo_inesito/><campo_aggiuntivo/><nome/><cognome/><indirizzo/><cap/><citta/><provincia/></Raccomandata><Raccomandata><nome_file>039897100_57_403.pdf</nome_file><codice_raccomandata>685632385337</codice_raccomandata><data_esito>17/11/2021</data_esito><tipo_esito/><motivo_inesito/><campo_aggiuntivo/><nome/><cognome/><indirizzo/><cap/><citta/><provincia/></Raccomandata><Raccomandata><nome_file>039897100_57_406.pdf</nome_file><codice_raccomandata>685632367664</codice_raccomandata><data_esito>18/11/2021</data_esito><tipo_esito/><motivo_inesito/><campo_aggiuntivo/><nome/><cognome/><indirizzo/><cap/><citta/><provincia/></Raccomandata><Raccomandata><nome_file>039897100_57_409.pdf</nome_file><codice_raccomandata>685632388740</codice_raccomandata><data_esito>18/11/2021</data_esito><tipo_esito/><motivo_inesito/><campo_aggiuntivo/><nome/><cognome/><indirizzo/><cap/><citta/><provincia/></Raccomandata><Raccomandata><nome_file>039897100_57_412.pdf</nome_file><codice_raccomandata>685632398105</codice_raccomandata><data_esito>17/11/2021</data_esito><tipo_esito/><motivo_inesito/><campo_aggiuntivo/><nome/><cognome/><indirizzo/><cap/><citta/><provincia/></Raccomandata><Raccomandata><nome_file>039897100_57_415.pdf</nome_file><codice_raccomandata>685632367778</codice_raccomandata><data_esito>15/11/2021</data_esito><tipo_esito/><motivo_inesito/><campo_aggiuntivo/><nome/><cognome/><indirizzo/><cap/><citta/><provincia/></Raccomandata><Raccomandata><nome_file>039897100_57_418.pdf</nome_file><codice_raccomandata>685632387487</codice_raccomandata><data_esito>15/11/2021</data_esito><tipo_esito/><motivo_inesito/><campo_aggiuntivo/><nome/><cognome/><indirizzo/><cap/><citta/><provincia/></Raccomandata><Raccomandata><nome_file>039897100_57_421.pdf</nome_file><codice_raccomandata>685632380854</codice_raccomandata><data_esito>15/11/2021</data_esito><tipo_esito/><motivo_inesito/><campo_aggiuntivo/><nome/><cognome/><indirizzo/><cap/><citta/><provincia/></Raccomandata><Raccomandata><nome_file>039897100_57_424.pdf</nome_file><codice_raccomandata>685632380752</codice_raccomandata><data_esito>15/11/2021</data_esito><tipo_esito/><motivo_inesito/><campo_aggiuntivo/><nome/><cognome/><indirizzo/><cap/><citta/><provincia/></Raccomandata><Raccomandata><nome_file>039897100_57_427.pdf</nome_file><codice_raccomandata>685632383915</codice_raccomandata><data_esito>15/11/2021</data_esito><tipo_esito/><motivo_inesito/><campo_aggiuntivo/><nome/><cognome/><indirizzo/><cap/><citta/><provincia/></Raccomandata><Raccomandata><nome_file>039897100_57_430.pdf</nome_file><codice_raccomandata>685632380876</codice_raccomandata><data_esito>15/11/2021</data_esito><tipo_esito/><motivo_inesito/><campo_aggiuntivo/><nome/><cognome/><indirizzo/><cap/><citta/><provincia/></Raccomandata><Raccomandata><nome_file>039897100_57_433.pdf</nome_file><codice_raccomandata>685632380706</codice_raccomandata><data_esito>15/11/2021</data_esito><tipo_esito/><motivo_inesito/><campo_aggiuntivo/><nome/><cognome/><indirizzo/><cap/><citta/><provincia/></Raccomandata><Raccomandata><nome_file>039897100_57_436.pdf</nome_file><codice_raccomandata>685632383994</codice_raccomandata><data_esito>15/11/2021</data_esito><tipo_esito/><motivo_inesito/><campo_aggiuntivo/><nome/><cognome/><indirizzo/><cap/><citta/><provincia/></Raccomandata><Raccomandata><nome_file>039897100_57_439.pdf</nome_file><codice_raccomandata>685632394907</codice_raccomandata><data_esito>15/11/2021</data_esito><tipo_esito/><motivo_inesito/><campo_aggiuntivo/><nome/><cognome/><indirizzo/><cap/><citta/><provincia/></Raccomandata><Raccomandata><nome_file>039897100_57_442.pdf</nome_file><codice_raccomandata>685632391813</codice_raccomandata><data_esito>16/11/2021</data_esito><tipo_esito/><motivo_inesito/><campo_aggiuntivo/><nome/><cognome/><indirizzo/><cap/><citta/><provincia/></Raccomandata><Raccomandata><nome_file>039897100_57_445.pdf</nome_file><codice_raccomandata>685632383802</codice_raccomandata><data_esito>16/11/2021</data_esito><tipo_esito/><motivo_inesito/><campo_aggiuntivo/><nome/><cognome/><indirizzo/><cap/><citta/><provincia/></Raccomandata><Raccomandata><nome_file>039897100_57_448.pdf</nome_file><codice_raccomandata>685632397820</codice_raccomandata><data_esito>22/11/2021</data_esito><tipo_esito/><motivo_inesito/><campo_aggiuntivo/><nome/><cognome/><indirizzo/><cap/><citta/><provincia/></Raccomandata><Raccomandata><nome_file>039897100_57_451.pdf</nome_file><codice_raccomandata>685632387021</codice_raccomandata><data_esito>16/11/2021</data_esito><tipo_esito/><motivo_inesito/><campo_aggiuntivo/><nome/><cognome/><indirizzo/><cap/><citta/><provincia/></Raccomandata><Raccomandata><nome_file>039897100_57_454.pdf</nome_file><codice_raccomandata>685632391460</codice_raccomandata><data_esito>17/11/2021</data_esito><tipo_esito/><motivo_inesito/><campo_aggiuntivo/><nome/><cognome/><indirizzo/><cap/><citta/><provincia/></Raccomandata><Raccomandata><nome_file>039897100_57_457.pdf</nome_file><codice_raccomandata>685632385508</codice_raccomandata><data_esito>15/11/2021</data_esito><tipo_esito/><motivo_inesito/><campo_aggiuntivo/><nome/><cognome/><indirizzo/><cap/><citta/><provincia/></Raccomandata><Raccomandata><nome_file>039897100_57_460.pdf</nome_file><codice_raccomandata>685632385144</codice_raccomandata><data_esito>15/11/2021</data_esito><tipo_esito/><motivo_inesito/><campo_aggiuntivo/><nome/><cognome/><indirizzo/><cap/><citta/><provincia/></Raccomandata><Raccomandata><nome_file>039897100_57_463.pdf</nome_file><codice_raccomandata>685632380672</codice_raccomandata><data_esito>15/11/2021</data_esito><tipo_esito/><motivo_inesito/><campo_aggiuntivo/><nome/><cognome/><indirizzo/><cap/><citta/><provincia/></Raccomandata><Raccomandata><nome_file>039897100_57_466.pdf</nome_file><codice_raccomandata>685632362738</codice_raccomandata><data_esito>15/11/2021</data_esito><tipo_esito/><motivo_inesito/><campo_aggiuntivo/><nome/><cognome/><indirizzo/><cap/><citta/><provincia/></Raccomandata><Raccomandata><nome_file>039897100_57_469.pdf</nome_file><codice_raccomandata>685632385451</codice_raccomandata><data_esito>15/11/2021</data_esito><tipo_esito/><motivo_inesito/><campo_aggiuntivo/><nome/><cognome/><indirizzo/><cap/><citta/><provincia/></Raccomandata><Raccomandata><nome_file>039897100_57_472.pdf</nome_file><codice_raccomandata>685632388738</codice_raccomandata><data_esito>15/11/2021</data_esito><tipo_esito/><motivo_inesito/><campo_aggiuntivo/><nome/><cognome/><indirizzo/><cap/><citta/><provincia/></Raccomandata><Raccomandata><nome_file>039897100_57_475.pdf</nome_file><codice_raccomandata>685632368062</codice_raccomandata><data_esito>15/11/2021</data_esito><tipo_esito/><motivo_inesito/><campo_aggiuntivo/><nome/><cognome/><indirizzo/><cap/><citta/><provincia/></Raccomandata><Raccomandata><nome_file>039897100_57_478.pdf</nome_file><codice_raccomandata>685632383948</codice_raccomandata><data_esito>15/11/2021</data_esito><tipo_esito/><motivo_inesito/><campo_aggiuntivo/><nome/><cognome/><indirizzo/><cap/><citta/><provincia/></Raccomandata><Raccomandata><nome_file>039897100_57_481.pdf</nome_file><codice_raccomandata>685632382458</codice_raccomandata><data_esito>16/11/2021</data_esito><tipo_esito/><motivo_inesito/><campo_aggiuntivo/><nome/><cognome/><indirizzo/><cap/><citta/><provincia/></Raccomandata><Raccomandata><nome_file>039897100_57_484.pdf</nome_file><codice_raccomandata>685632399458</codice_raccomandata><data_esito>18/11/2021</data_esito><tipo_esito/><motivo_inesito/><campo_aggiuntivo/><nome/><cognome/><indirizzo/><cap/><citta/><provincia/></Raccomandata><Raccomandata><nome_file>039897100_57_487.pdf</nome_file><codice_raccomandata>685632395635</codice_raccomandata><data_esito>18/11/2021</data_esito><tipo_esito/><motivo_inesito/><campo_aggiuntivo/><nome/><cognome/><indirizzo/><cap/><citta/><provincia/></Raccomandata><Raccomandata><nome_file>039897100_57_490.pdf</nome_file><codice_raccomandata>685632267516</codice_raccomandata><data_esito>15/11/2021</data_esito><tipo_esito/><motivo_inesito/><campo_aggiuntivo/><nome/><cognome/><indirizzo/><cap/><citta/><provincia/></Raccomandata><Raccomandata><nome_file>039897100_57_493.pdf</nome_file><codice_raccomandata>685632388682</codice_raccomandata><data_esito>15/11/2021</data_esito><tipo_esito/><motivo_inesito/><campo_aggiuntivo/><nome/><cognome/><indirizzo/><cap/><citta/><provincia/></Raccomandata><Raccomandata><nome_file>039897100_57_496.pdf</nome_file><codice_raccomandata>685632394565</codice_raccomandata><data_esito>15/11/2021</data_esito><tipo_esito/><motivo_inesito/><campo_aggiuntivo/><nome/><cognome/><indirizzo/><cap/><citta/><provincia/></Raccomandata><Raccomandata><nome_file>039897100_57_499.pdf</nome_file><codice_raccomandata>685632380217</codice_raccomandata><data_esito>15/11/2021</data_esito><tipo_esito/><motivo_inesito/><campo_aggiuntivo/><nome/><cognome/><indirizzo/><cap/><citta/><provincia/></Raccomandata><Raccomandata><nome_file>039897100_57_502.pdf</nome_file><codice_raccomandata>685632380089</codice_raccomandata><data_esito>15/11/2021</data_esito><tipo_esito/><motivo_inesito/><campo_aggiuntivo/><nome/><cognome/><indirizzo/><cap/><citta/><provincia/></Raccomandata><Raccomandata><nome_file>039897100_57_505.pdf</nome_file><codice_raccomandata>685632275300</codice_raccomandata><data_esito>21/10/2021</data_esito><tipo_esito/><motivo_inesito/><campo_aggiuntivo/><nome/><cognome/><indirizzo/><cap/><citta/><provincia/></Raccomandata><Raccomandata><nome_file>039897100_57_508.pdf</nome_file><codice_raccomandata>685632274468</codice_raccomandata><data_esito>28/10/2021</data_esito><tipo_esito/><motivo_inesito/><campo_aggiuntivo/><nome/><cognome/><indirizzo/><cap/><citta/><provincia/></Raccomandata><Raccomandata><nome_file>039897100_57_511.pdf</nome_file><codice_raccomandata>685632274800</codice_raccomandata><data_esito>28/10/2021</data_esito><tipo_esito/><motivo_inesito/><campo_aggiuntivo/><nome/><cognome/><indirizzo/><cap/><citta/><provincia/></Raccomandata><Raccomandata><nome_file>039897100_57_514.pdf</nome_file><codice_raccomandata>685632279953</codice_raccomandata><data_esito>19/10/2021</data_esito><tipo_esito/><motivo_inesito/><campo_aggiuntivo/><nome/><cognome/><indirizzo/><cap/><citta/><provincia/></Raccomandata><Raccomandata><nome_file>039897100_57_517.pdf</nome_file><codice_raccomandata>685632281901</codice_raccomandata><data_esito>26/10/2021</data_esito><tipo_esito/><motivo_inesito/><campo_aggiuntivo/><nome/><cognome/><indirizzo/><cap/><citta/><provincia/></Raccomandata><Raccomandata><nome_file>039897100_57_520.pdf</nome_file><codice_raccomandata>685632384313</codice_raccomandata><data_esito>16/11/2021</data_esito><tipo_esito/><motivo_inesito/><campo_aggiuntivo/><nome/><cognome/><indirizzo/><cap/><citta/><provincia/></Raccomandata><Raccomandata><nome_file>039897100_57_523.pdf</nome_file><codice_raccomandata>685632377508</codice_raccomandata><data_esito>15/11/2021</data_esito><tipo_esito/><motivo_inesito/><campo_aggiuntivo/><nome/><cognome/><indirizzo/><cap/><citta/><provincia/></Raccomandata><Raccomandata><nome_file>039897100_57_526.pdf</nome_file><codice_raccomandata>685632394532</codice_raccomandata><data_esito>15/11/2021</data_esito><tipo_esito/><motivo_inesito/><campo_aggiuntivo/><nome/><cognome/><indirizzo/><cap/><citta/><provincia/></Raccomandata><Raccomandata><nome_file>039897100_57_529.pdf</nome_file><codice_raccomandata>685632380067</codice_raccomandata><data_esito>15/11/2021</data_esito><tipo_esito/><motivo_inesito/><campo_aggiuntivo/><nome/><cognome/><indirizzo/><cap/><citta/><provincia/></Raccomandata><Raccomandata><nome_file>039897100_57_532.pdf</nome_file><codice_raccomandata>685632385360</codice_raccomandata><data_esito>15/11/2021</data_esito><tipo_esito/><motivo_inesito/><campo_aggiuntivo/><nome/><cognome/><indirizzo/><cap/><citta/><provincia/></Raccomandata><Raccomandata><nome_file>039897100_57_535.pdf</nome_file><codice_raccomandata>685632372296</codice_raccomandata><data_esito>16/11/2021</data_esito><tipo_esito/><motivo_inesito/><campo_aggiuntivo/><nome/><cognome/><indirizzo/><cap/><citta/><provincia/></Raccomandata><Raccomandata><nome_file>039897100_57_538.pdf</nome_file><codice_raccomandata>685632398936</codice_raccomandata><data_esito>15/11/2021</data_esito><tipo_esito/><motivo_inesito/><campo_aggiuntivo/><nome/><cognome/><indirizzo/><cap/><citta/><provincia/></Raccomandata><Raccomandata><nome_file>039897100_57_541.pdf</nome_file><codice_raccomandata>685632398536</codice_raccomandata><data_esito>16/11/2021</data_esito><tipo_esito/><motivo_inesito/><campo_aggiuntivo/><nome/><cognome/><indirizzo/><cap/><citta/><provincia/></Raccomandata><Raccomandata><nome_file>039897100_57_544.pdf</nome_file><codice_raccomandata>685632382058</codice_raccomandata><data_esito>19/11/2021</data_esito><tipo_esito/><motivo_inesito/><campo_aggiuntivo/><nome/><cognome/><indirizzo/><cap/><citta/><provincia/></Raccomandata><Raccomandata><nome_file>039897100_57_547.pdf</nome_file><codice_raccomandata>685632399311</codice_raccomandata><data_esito>20/11/2021</data_esito><tipo_esito/><motivo_inesito/><campo_aggiuntivo/><nome/><cognome/><indirizzo/><cap/><citta/><provincia/></Raccomandata><Raccomandata><nome_file>039897100_57_550.pdf</nome_file><codice_raccomandata>685632377213</codice_raccomandata><data_esito>16/11/2021</data_esito><tipo_esito/><motivo_inesito/><campo_aggiuntivo/><nome/><cognome/><indirizzo/><cap/><citta/><provincia/></Raccomandata><Raccomandata><nome_file>039897100_57_553.pdf</nome_file><codice_raccomandata>685632386612</codice_raccomandata><data_esito>16/11/2021</data_esito><tipo_esito/><motivo_inesito/><campo_aggiuntivo/><nome/><cognome/><indirizzo/><cap/><citta/><provincia/></Raccomandata><Raccomandata><nome_file>039897100_57_556.pdf</nome_file><codice_raccomandata>685632367744</codice_raccomandata><data_esito>16/11/2021</data_esito><tipo_esito/><motivo_inesito/><campo_aggiuntivo/><nome/><cognome/><indirizzo/><cap/><citta/><provincia/></Raccomandata><Raccomandata><nome_file>039897100_57_559.pdf</nome_file><codice_raccomandata>685632277186</codice_raccomandata><data_esito>22/10/2021</data_esito><tipo_esito/><motivo_inesito/><campo_aggiuntivo/><nome/><cognome/><indirizzo/><cap/><citta/><provincia/></Raccomandata><Raccomandata><nome_file>039897100_57_562.pdf</nome_file><codice_raccomandata>685632377702</codice_raccomandata><data_esito>15/11/2021</data_esito><tipo_esito/><motivo_inesito/><campo_aggiuntivo/><nome/><cognome/><indirizzo/><cap/><citta/><provincia/></Raccomandata><Raccomandata><nome_file>039897100_57_565.pdf</nome_file><codice_raccomandata>685632391733</codice_raccomandata><data_esito>15/11/2021</data_esito><tipo_esito/><motivo_inesito/><campo_aggiuntivo/><nome/><cognome/><indirizzo/><cap/><citta/><provincia/></Raccomandata><Raccomandata><nome_file>039897100_57_568.pdf</nome_file><codice_raccomandata>685632392665</codice_raccomandata><data_esito>16/11/2021</data_esito><tipo_esito/><motivo_inesito/><campo_aggiuntivo/><nome/><cognome/><indirizzo/><cap/><citta/><provincia/></Raccomandata><Raccomandata><nome_file>039897100_57_571.pdf</nome_file><codice_raccomandata>685632395726</codice_raccomandata><data_esito>16/11/2021</data_esito><tipo_esito/><motivo_inesito/><campo_aggiuntivo/><nome/><cognome/><indirizzo/><cap/><citta/><provincia/></Raccomandata><Raccomandata><nome_file>039897100_57_574.pdf</nome_file><codice_raccomandata>685632394213</codice_raccomandata><data_esito>15/11/2021</data_esito><tipo_esito/><motivo_inesito/><campo_aggiuntivo/><nome/><cognome/><indirizzo/><cap/><citta/><provincia/></Raccomandata><Raccomandata><nome_file>039897100_57_577.pdf</nome_file><codice_raccomandata>685632392392</codice_raccomandata><data_esito>15/11/2021</data_esito><tipo_esito/><motivo_inesito/><campo_aggiuntivo/><nome/><cognome/><indirizzo/><cap/><citta/><provincia/></Raccomandata><Raccomandata><nome_file>039897100_57_580.pdf</nome_file><codice_raccomandata>685632399470</codice_raccomandata><data_esito>15/11/2021</data_esito><tipo_esito/><motivo_inesito/><campo_aggiuntivo/><nome/><cognome/><indirizzo/><cap/><citta/><provincia/></Raccomandata><Raccomandata><nome_file>039897100_57_583.pdf</nome_file><codice_raccomandata>685632384107</codice_raccomandata><data_esito>15/11/2021</data_esito><tipo_esito/><motivo_inesito/><campo_aggiuntivo/><nome/><cognome/><indirizzo/><cap/><citta/><provincia/></Raccomandata><Raccomandata><nome_file>039897100_57_586.pdf</nome_file><codice_raccomandata>685632397013</codice_raccomandata><data_esito>17/11/2021</data_esito><tipo_esito/><motivo_inesito/><campo_aggiuntivo/><nome/><cognome/><indirizzo/><cap/><citta/><provincia/></Raccomandata><Raccomandata><nome_file>039897100_57_589.pdf</nome_file><codice_raccomandata>685632267207</codice_raccomandata><data_esito>06/11/2021</data_esito><tipo_esito/><motivo_inesito/><campo_aggiuntivo/><nome/><cognome/><indirizzo/><cap/><citta/><provincia/></Raccomandata><Raccomandata><nome_file>039897100_57_592.pdf</nome_file><codice_raccomandata>685632396454</codice_raccomandata><data_esito>16/11/2021</data_esito><tipo_esito/><motivo_inesito/><campo_aggiuntivo/><nome/><cognome/><indirizzo/><cap/><citta/><provincia/></Raccomandata><Raccomandata><nome_file>039897100_57_595.pdf</nome_file><codice_raccomandata>685632397876</codice_raccomandata><data_esito>15/11/2021</data_esito><tipo_esito/><motivo_inesito/><campo_aggiuntivo/><nome/><cognome/><indirizzo/><cap/><citta/><provincia/></Raccomandata><Raccomandata><nome_file>039897100_57_598.pdf</nome_file><codice_raccomandata>685632398297</codice_raccomandata><data_esito>15/11/2021</data_esito><tipo_esito/><motivo_inesito/><campo_aggiuntivo/><nome/><cognome/><indirizzo/><cap/><citta/><provincia/></Raccomandata><Raccomandata><nome_file>039897100_57_601.pdf</nome_file><codice_raccomandata>685632394156</codice_raccomandata><data_esito>15/11/2021</data_esito><tipo_esito/><motivo_inesito/><campo_aggiuntivo/><nome/><cognome/><indirizzo/><cap/><citta/><provincia/></Raccomandata><Raccomandata><nome_file>039897100_57_604.pdf</nome_file><codice_raccomandata>685632395772</codice_raccomandata><data_esito>15/11/2021</data_esito><tipo_esito/><motivo_inesito/><campo_aggiuntivo/><nome/><cognome/><indirizzo/><cap/><citta/><provincia/></Raccomandata><Raccomandata><nome_file>039897100_57_607.pdf</nome_file><codice_raccomandata>685632397785</codice_raccomandata><data_esito>15/11/2021</data_esito><tipo_esito/><motivo_inesito/><campo_aggiuntivo/><nome/><cognome/><indirizzo/><cap/><citta/><provincia/></Raccomandata><Raccomandata><nome_file>039897100_57_610.pdf</nome_file><codice_raccomandata>685632391528</codice_raccomandata><data_esito>15/11/2021</data_esito><tipo_esito/><motivo_inesito/><campo_aggiuntivo/><nome/><cognome/><indirizzo/><cap/><citta/><provincia/></Raccomandata><Raccomandata><nome_file>039897100_57_613.pdf</nome_file><codice_raccomandata>685632363784</codice_raccomandata><data_esito>15/11/2021</data_esito><tipo_esito/><motivo_inesito/><campo_aggiuntivo/><nome/><cognome/><indirizzo/><cap/><citta/><provincia/></Raccomandata><Raccomandata><nome_file>039897100_57_616.pdf</nome_file><codice_raccomandata>685632397752</codice_raccomandata><data_esito>15/11/2021</data_esito><tipo_esito/><motivo_inesito/><campo_aggiuntivo/><nome/><cognome/><indirizzo/><cap/><citta/><provincia/></Raccomandata><Raccomandata><nome_file>039897100_57_619.pdf</nome_file><codice_raccomandata>685632397887</codice_raccomandata><data_esito>15/11/2021</data_esito><tipo_esito/><motivo_inesito/><campo_aggiuntivo/><nome/><cognome/><indirizzo/><cap/><citta/><provincia/></Raccomandata><Raccomandata><nome_file>039897100_57_622.pdf</nome_file><codice_raccomandata>685632397251</codice_raccomandata><data_esito>15/11/2021</data_esito><tipo_esito/><motivo_inesito/><campo_aggiuntivo/><nome/><cognome/><indirizzo/><cap/><citta/><provincia/></Raccomandata><Raccomandata><nome_file>039897100_57_625.pdf</nome_file><codice_raccomandata>685632396010</codice_raccomandata><data_esito>14/11/2021</data_esito><tipo_esito/><motivo_inesito/><campo_aggiuntivo/><nome/><cognome/><indirizzo/><cap/><citta/><provincia/></Raccomandata><Raccomandata><nome_file>039897100_57_628.pdf</nome_file><codice_raccomandata>685632397068</codice_raccomandata><data_esito>17/11/2021</data_esito><tipo_esito/><motivo_inesito/><campo_aggiuntivo/><nome/><cognome/><indirizzo/><cap/><citta/><provincia/></Raccomandata><Raccomandata><nome_file>039897100_57_631.pdf</nome_file><codice_raccomandata>685632399185</codice_raccomandata><data_esito>24/11/2021</data_esito><tipo_esito/><motivo_inesito/><campo_aggiuntivo/><nome/><cognome/><indirizzo/><cap/><citta/><provincia/></Raccomandata><Raccomandata><nome_file>039897100_57_634.pdf</nome_file><codice_raccomandata>685632388307</codice_raccomandata><data_esito>19/11/2021</data_esito><tipo_esito/><motivo_inesito/><campo_aggiuntivo/><nome/><cognome/><indirizzo/><cap/><citta/><provincia/></Raccomandata><Raccomandata><nome_file>039897100_57_637.pdf</nome_file><codice_raccomandata>685632367653</codice_raccomandata><data_esito>19/11/2021</data_esito><tipo_esito/><motivo_inesito/><campo_aggiuntivo/><nome/><cognome/><indirizzo/><cap/><citta/><provincia/></Raccomandata><Raccomandata><nome_file>039897100_57_640.pdf</nome_file><codice_raccomandata>685632380239</codice_raccomandata><data_esito>15/11/2021</data_esito><tipo_esito/><motivo_inesito/><campo_aggiuntivo/><nome/><cognome/><indirizzo/><cap/><citta/><provincia/></Raccomandata><Raccomandata><nome_file>039897100_57_643.pdf</nome_file><codice_raccomandata>685632367185</codice_raccomandata><data_esito>16/11/2021</data_esito><tipo_esito/><motivo_inesito/><campo_aggiuntivo/><nome/><cognome/><indirizzo/><cap/><citta/><provincia/></Raccomandata><Raccomandata><nome_file>039897100_57_646.pdf</nome_file><codice_raccomandata>685632384814</codice_raccomandata><data_esito>15/11/2021</data_esito><tipo_esito/><motivo_inesito/><campo_aggiuntivo/><nome/><cognome/><indirizzo/><cap/><citta/><provincia/></Raccomandata><Raccomandata><nome_file>039897100_57_649.pdf</nome_file><codice_raccomandata>685632266844</codice_raccomandata><data_esito>10/11/2021</data_esito><tipo_esito/><motivo_inesito/><campo_aggiuntivo/><nome/><cognome/><indirizzo/><cap/><citta/><provincia/></Raccomandata><Raccomandata><nome_file>039897100_57_652.pdf</nome_file><codice_raccomandata>685632389865</codice_raccomandata><data_esito>24/10/2020</data_esito><tipo_esito/><motivo_inesito/><campo_aggiuntivo/><nome/><cognome/><indirizzo/><cap/><citta/><provincia/></Raccomandata><Raccomandata><nome_file>039897100_57_655.pdf</nome_file><codice_raccomandata>685632382069</codice_raccomandata><data_esito>29/11/2021</data_esito><tipo_esito/><motivo_inesito/><campo_aggiuntivo/><nome/><cognome/><indirizzo/><cap/><citta/><provincia/></Raccomandata><Raccomandata><nome_file>039897100_57_658.pdf</nome_file><codice_raccomandata>685632397137</codice_raccomandata><data_esito>15/11/2021</data_esito><tipo_esito/><motivo_inesito/><campo_aggiuntivo/><nome/><cognome/><indirizzo/><cap/><citta/><provincia/></Raccomandata><Raccomandata><nome_file>039897100_57_661.pdf</nome_file><codice_raccomandata>685632384392</codice_raccomandata><data_esito>16/11/2021</data_esito><tipo_esito/><motivo_inesito/><campo_aggiuntivo/><nome/><cognome/><indirizzo/><cap/><citta/><provincia/></Raccomandata><Raccomandata><nome_file>039897100_57_664.pdf</nome_file><codice_raccomandata>685632395373</codice_raccomandata><data_esito>19/11/2021</data_esito><tipo_esito/><motivo_inesito/><campo_aggiuntivo/><nome/><cognome/><indirizzo/><cap/><citta/><provincia/></Raccomandata><Raccomandata><nome_file>039897100_57_667.pdf</nome_file><codice_raccomandata>685632394543</codice_raccomandata><data_esito>15/11/2021</data_esito><tipo_esito/><motivo_inesito/><campo_aggiuntivo/><nome/><cognome/><indirizzo/><cap/><citta/><provincia/></Raccomandata><Raccomandata><nome_file>039897100_57_670.pdf</nome_file><codice_raccomandata>685632398456</codice_raccomandata><data_esito>16/11/2021</data_esito><tipo_esito/><motivo_inesito/><campo_aggiuntivo/><nome/><cognome/><indirizzo/><cap/><citta/><provincia/></Raccomandata><Raccomandata><nome_file>039897100_57_673.pdf</nome_file><codice_raccomandata>685632399515</codice_raccomandata><data_esito>15/11/2021</data_esito><tipo_esito/><motivo_inesito/><campo_aggiuntivo/><nome/><cognome/><indirizzo/><cap/><citta/><provincia/></Raccomandata><Raccomandata><nome_file>039897100_57_676.pdf</nome_file><codice_raccomandata>685632400130</codice_raccomandata><data_esito>15/11/2021</data_esito><tipo_esito/><motivo_inesito/><campo_aggiuntivo/><nome/><cognome/><indirizzo/><cap/><citta/><provincia/></Raccomandata><Raccomandata><nome_file>039897100_57_679.pdf</nome_file><codice_raccomandata>685632367950</codice_raccomandata><data_esito>15/11/2021</data_esito><tipo_esito/><motivo_inesito/><campo_aggiuntivo/><nome/><cognome/><indirizzo/><cap/><citta/><provincia/></Raccomandata><Raccomandata><nome_file>039897100_57_682.pdf</nome_file><codice_raccomandata>685632380158</codice_raccomandata><data_esito>15/11/2021</data_esito><tipo_esito/><motivo_inesito/><campo_aggiuntivo/><nome/><cognome/><indirizzo/><cap/><citta/><provincia/></Raccomandata><Raccomandata><nome_file>039897100_57_685.pdf</nome_file><codice_raccomandata>685632363317</codice_raccomandata><data_esito>15/11/2021</data_esito><tipo_esito/><motivo_inesito/><campo_aggiuntivo/><nome/><cognome/><indirizzo/><cap/><citta/><provincia/></Raccomandata><Raccomandata><nome_file>039897100_57_688.pdf</nome_file><codice_raccomandata>685632393132</codice_raccomandata><data_esito>15/11/2021</data_esito><tipo_esito/><motivo_inesito/><campo_aggiuntivo/><nome/><cognome/><indirizzo/><cap/><citta/><provincia/></Raccomandata><Raccomandata><nome_file>039897100_57_691.pdf</nome_file><codice_raccomandata>685632385473</codice_raccomandata><data_esito>15/11/2021</data_esito><tipo_esito/><motivo_inesito/><campo_aggiuntivo/><nome/><cognome/><indirizzo/><cap/><citta/><provincia/></Raccomandata><Raccomandata><nome_file>039897100_57_694.pdf</nome_file><codice_raccomandata>685632388727</codice_raccomandata><data_esito>15/11/2021</data_esito><tipo_esito/><motivo_inesito/><campo_aggiuntivo/><nome/><cognome/><indirizzo/><cap/><citta/><provincia/></Raccomandata><Raccomandata><nome_file>039897100_57_697.pdf</nome_file><codice_raccomandata>685632383335</codice_raccomandata><data_esito>15/11/2021</data_esito><tipo_esito/><motivo_inesito/><campo_aggiuntivo/><nome/><cognome/><indirizzo/><cap/><citta/><provincia/></Raccomandata><Raccomandata><nome_file>039897100_57_700.pdf</nome_file><codice_raccomandata>685632389956</codice_raccomandata><data_esito>15/11/2021</data_esito><tipo_esito/><motivo_inesito/><campo_aggiuntivo/><nome/><cognome/><indirizzo/><cap/><citta/><provincia/></Raccomandata><Raccomandata><nome_file>039897100_57_703.pdf</nome_file><codice_raccomandata>685632380604</codice_raccomandata><data_esito>15/11/2021</data_esito><tipo_esito/><motivo_inesito/><campo_aggiuntivo/><nome/><cognome/><indirizzo/><cap/><citta/><provincia/></Raccomandata><Raccomandata><nome_file>039897100_57_706.pdf</nome_file><codice_raccomandata>685632384302</codice_raccomandata><data_esito>16/11/2021</data_esito><tipo_esito/><motivo_inesito/><campo_aggiuntivo/><nome/><cognome/><indirizzo/><cap/><citta/><provincia/></Raccomandata><Raccomandata><nome_file>039897100_57_709.pdf</nome_file><codice_raccomandata>685632377280</codice_raccomandata><data_esito>16/11/2021</data_esito><tipo_esito/><motivo_inesito/><campo_aggiuntivo/><nome/><cognome/><indirizzo/><cap/><citta/><provincia/></Raccomandata><Raccomandata><nome_file>039897100_57_712.pdf</nome_file><codice_raccomandata>685632395646</codice_raccomandata><data_esito>15/11/2021</data_esito><tipo_esito/><motivo_inesito/><campo_aggiuntivo/><nome/><cognome/><indirizzo/><cap/><citta/><provincia/></Raccomandata><Raccomandata><nome_file>039897100_57_715.pdf</nome_file><codice_raccomandata>685632398514</codice_raccomandata><data_esito>15/11/2021</data_esito><tipo_esito/><motivo_inesito/><campo_aggiuntivo/><nome/><cognome/><indirizzo/><cap/><citta/><provincia/></Raccomandata><Raccomandata><nome_file>039897100_57_718.pdf</nome_file><codice_raccomandata>685632396432</codice_raccomandata><data_esito>15/11/2021</data_esito><tipo_esito/><motivo_inesito/><campo_aggiuntivo/><nome/><cognome/><indirizzo/><cap/><citta/><provincia/></Raccomandata><Raccomandata><nome_file>039897100_57_721.pdf</nome_file><codice_raccomandata>685632383277</codice_raccomandata><data_esito>15/11/2021</data_esito><tipo_esito/><motivo_inesito/><campo_aggiuntivo/><nome/><cognome/><indirizzo/><cap/><citta/><provincia/></Raccomandata></Spedizione>
