<Spedizione Cliente="Z0088629" Archivio="IDF15080004_E.zip" Filename="IDF15080004_E.xml" NumeroRaccomandate="227"><Raccomandata><nome_file>038302600_57_7.pdf</nome_file><codice_raccomandata>685631993400</codice_raccomandata><data_esito>10/09/2021</data_esito><tipo_esito/><motivo_inesito/><campo_aggiuntivo/><nome/><cognome/><indirizzo/><cap/><citta/><provincia/></Raccomandata><Raccomandata><nome_file>038302600_57_10.pdf</nome_file><codice_raccomandata>685631969422</codice_raccomandata><data_esito>08/09/2021</data_esito><tipo_esito/><motivo_inesito/><campo_aggiuntivo/><nome/><cognome/><indirizzo/><cap/><citta/><provincia/></Raccomandata><Raccomandata><nome_file>038302600_57_13.pdf</nome_file><codice_raccomandata>685631969434</codice_raccomandata><data_esito>09/09/2021</data_esito><tipo_esito/><motivo_inesito/><campo_aggiuntivo/><nome/><cognome/><indirizzo/><cap/><citta/><provincia/></Raccomandata><Raccomandata><nome_file>038302600_57_16.pdf</nome_file><codice_raccomandata>685631993626</codice_raccomandata><data_esito>10/09/2021</data_esito><tipo_esito/><motivo_inesito/><campo_aggiuntivo/><nome/><cognome/><indirizzo/><cap/><citta/><provincia/></Raccomandata><Raccomandata><nome_file>038302600_57_19.pdf</nome_file><codice_raccomandata>685631993637</codice_raccomandata><data_esito>09/09/2021</data_esito><tipo_esito/><motivo_inesito/><campo_aggiuntivo/><nome/><cognome/><indirizzo/><cap/><citta/><provincia/></Raccomandata><Raccomandata><nome_file>038302600_57_22.pdf</nome_file><codice_raccomandata>685631993683</codice_raccomandata><data_esito>09/09/2021</data_esito><tipo_esito/><motivo_inesito/><campo_aggiuntivo/><nome/><cognome/><indirizzo/><cap/><citta/><provincia/></Raccomandata><Raccomandata><nome_file>038302600_57_25.pdf</nome_file><codice_raccomandata>685631993717</codice_raccomandata><data_esito>15/09/2021</data_esito><tipo_esito/><motivo_inesito/><campo_aggiuntivo/><nome/><cognome/><indirizzo/><cap/><citta/><provincia/></Raccomandata><Raccomandata><nome_file>038302600_57_28.pdf</nome_file><codice_raccomandata>685631978628</codice_raccomandata><data_esito>10/09/2021</data_esito><tipo_esito/><motivo_inesito/><campo_aggiuntivo/><nome/><cognome/><indirizzo/><cap/><citta/><provincia/></Raccomandata><Raccomandata><nome_file>038302600_57_31.pdf</nome_file><codice_raccomandata>685631978640</codice_raccomandata><data_esito>09/09/2021</data_esito><tipo_esito/><motivo_inesito/><campo_aggiuntivo/><nome/><cognome/><indirizzo/><cap/><citta/><provincia/></Raccomandata><Raccomandata><nome_file>038302600_57_34.pdf</nome_file><codice_raccomandata>685631978651</codice_raccomandata><data_esito>09/09/2021</data_esito><tipo_esito/><motivo_inesito/><campo_aggiuntivo/><nome/><cognome/><indirizzo/><cap/><citta/><provincia/></Raccomandata><Raccomandata><nome_file>038302600_57_37.pdf</nome_file><codice_raccomandata>685631978695</codice_raccomandata><data_esito>09/09/2021</data_esito><tipo_esito/><motivo_inesito/><campo_aggiuntivo/><nome/><cognome/><indirizzo/><cap/><citta/><provincia/></Raccomandata><Raccomandata><nome_file>038302600_57_40.pdf</nome_file><codice_raccomandata>685631967590</codice_raccomandata><data_esito>06/09/2021</data_esito><tipo_esito/><motivo_inesito/><campo_aggiuntivo/><nome/><cognome/><indirizzo/><cap/><citta/><provincia/></Raccomandata><Raccomandata><nome_file>038302600_57_43.pdf</nome_file><codice_raccomandata>685631978708</codice_raccomandata><data_esito>09/09/2021</data_esito><tipo_esito/><motivo_inesito/><campo_aggiuntivo/><nome/><cognome/><indirizzo/><cap/><citta/><provincia/></Raccomandata><Raccomandata><nome_file>038302600_57_46.pdf</nome_file><codice_raccomandata>685631978775</codice_raccomandata><data_esito>10/09/2021</data_esito><tipo_esito/><motivo_inesito/><campo_aggiuntivo/><nome/><cognome/><indirizzo/><cap/><citta/><provincia/></Raccomandata><Raccomandata><nome_file>038302600_57_49.pdf</nome_file><codice_raccomandata>685631978786</codice_raccomandata><data_esito>10/09/2021</data_esito><tipo_esito/><motivo_inesito/><campo_aggiuntivo/><nome/><cognome/><indirizzo/><cap/><citta/><provincia/></Raccomandata><Raccomandata><nome_file>038302600_57_52.pdf</nome_file><codice_raccomandata>685631978811</codice_raccomandata><data_esito>09/09/2021</data_esito><tipo_esito/><motivo_inesito/><campo_aggiuntivo/><nome/><cognome/><indirizzo/><cap/><citta/><provincia/></Raccomandata><Raccomandata><nome_file>038302600_57_55.pdf</nome_file><codice_raccomandata>685631978866</codice_raccomandata><data_esito>09/09/2021</data_esito><tipo_esito/><motivo_inesito/><campo_aggiuntivo/><nome/><cognome/><indirizzo/><cap/><citta/><provincia/></Raccomandata><Raccomandata><nome_file>038302600_57_58.pdf</nome_file><codice_raccomandata>685631967613</codice_raccomandata><data_esito>07/09/2021</data_esito><tipo_esito/><motivo_inesito/><campo_aggiuntivo/><nome/><cognome/><indirizzo/><cap/><citta/><provincia/></Raccomandata><Raccomandata><nome_file>038302600_57_61.pdf</nome_file><codice_raccomandata>685631971380</codice_raccomandata><data_esito>09/09/2021</data_esito><tipo_esito/><motivo_inesito/><campo_aggiuntivo/><nome/><cognome/><indirizzo/><cap/><citta/><provincia/></Raccomandata><Raccomandata><nome_file>038302600_57_64.pdf</nome_file><codice_raccomandata>685631978979</codice_raccomandata><data_esito>09/09/2021</data_esito><tipo_esito/><motivo_inesito/><campo_aggiuntivo/><nome/><cognome/><indirizzo/><cap/><citta/><provincia/></Raccomandata><Raccomandata><nome_file>038302600_57_67.pdf</nome_file><codice_raccomandata>685631967647</codice_raccomandata><data_esito>06/09/2021</data_esito><tipo_esito/><motivo_inesito/><campo_aggiuntivo/><nome/><cognome/><indirizzo/><cap/><citta/><provincia/></Raccomandata><Raccomandata><nome_file>038302600_57_70.pdf</nome_file><codice_raccomandata>685631979036</codice_raccomandata><data_esito>09/09/2021</data_esito><tipo_esito/><motivo_inesito/><campo_aggiuntivo/><nome/><cognome/><indirizzo/><cap/><citta/><provincia/></Raccomandata><Raccomandata><nome_file>038302600_57_73.pdf</nome_file><codice_raccomandata>685631979058</codice_raccomandata><data_esito>09/09/2021</data_esito><tipo_esito/><motivo_inesito/><campo_aggiuntivo/><nome/><cognome/><indirizzo/><cap/><citta/><provincia/></Raccomandata><Raccomandata><nome_file>038302600_57_76.pdf</nome_file><codice_raccomandata>685631979116</codice_raccomandata><data_esito>09/09/2021</data_esito><tipo_esito/><motivo_inesito/><campo_aggiuntivo/><nome/><cognome/><indirizzo/><cap/><citta/><provincia/></Raccomandata><Raccomandata><nome_file>038302600_57_79.pdf</nome_file><codice_raccomandata>685631979127</codice_raccomandata><data_esito>09/09/2021</data_esito><tipo_esito/><motivo_inesito/><campo_aggiuntivo/><nome/><cognome/><indirizzo/><cap/><citta/><provincia/></Raccomandata><Raccomandata><nome_file>038302600_57_82.pdf</nome_file><codice_raccomandata>685631991885</codice_raccomandata><data_esito>16/09/2021</data_esito><tipo_esito/><motivo_inesito/><campo_aggiuntivo/><nome/><cognome/><indirizzo/><cap/><citta/><provincia/></Raccomandata><Raccomandata><nome_file>038302600_57_85.pdf</nome_file><codice_raccomandata>685631991896</codice_raccomandata><data_esito>11/09/2021</data_esito><tipo_esito/><motivo_inesito/><campo_aggiuntivo/><nome/><cognome/><indirizzo/><cap/><citta/><provincia/></Raccomandata><Raccomandata><nome_file>038302600_57_88.pdf</nome_file><codice_raccomandata>685631992022</codice_raccomandata><data_esito>15/09/2021</data_esito><tipo_esito/><motivo_inesito/><campo_aggiuntivo/><nome/><cognome/><indirizzo/><cap/><citta/><provincia/></Raccomandata><Raccomandata><nome_file>038302600_57_91.pdf</nome_file><codice_raccomandata>685631992066</codice_raccomandata><data_esito>09/09/2021</data_esito><tipo_esito/><motivo_inesito/><campo_aggiuntivo/><nome/><cognome/><indirizzo/><cap/><citta/><provincia/></Raccomandata><Raccomandata><nome_file>038302600_57_94.pdf</nome_file><codice_raccomandata>685631969262</codice_raccomandata><data_esito>16/09/2021</data_esito><tipo_esito/><motivo_inesito/><campo_aggiuntivo/><nome/><cognome/><indirizzo/><cap/><citta/><provincia/></Raccomandata><Raccomandata><nome_file>038302600_57_97.pdf</nome_file><codice_raccomandata>685631992249</codice_raccomandata><data_esito>11/09/2021</data_esito><tipo_esito/><motivo_inesito/><campo_aggiuntivo/><nome/><cognome/><indirizzo/><cap/><citta/><provincia/></Raccomandata><Raccomandata><nome_file>038302600_57_100.pdf</nome_file><codice_raccomandata>685631992261</codice_raccomandata><data_esito>11/09/2021</data_esito><tipo_esito/><motivo_inesito/><campo_aggiuntivo/><nome/><cognome/><indirizzo/><cap/><citta/><provincia/></Raccomandata><Raccomandata><nome_file>038302600_57_103.pdf</nome_file><codice_raccomandata>685631992283</codice_raccomandata><data_esito>11/09/2021</data_esito><tipo_esito/><motivo_inesito/><campo_aggiuntivo/><nome/><cognome/><indirizzo/><cap/><citta/><provincia/></Raccomandata><Raccomandata><nome_file>038302600_57_106.pdf</nome_file><codice_raccomandata>685631969273</codice_raccomandata><data_esito>09/09/2021</data_esito><tipo_esito/><motivo_inesito/><campo_aggiuntivo/><nome/><cognome/><indirizzo/><cap/><citta/><provincia/></Raccomandata><Raccomandata><nome_file>038302600_57_109.pdf</nome_file><codice_raccomandata>685631992374</codice_raccomandata><data_esito>15/09/2021</data_esito><tipo_esito/><motivo_inesito/><campo_aggiuntivo/><nome/><cognome/><indirizzo/><cap/><citta/><provincia/></Raccomandata><Raccomandata><nome_file>038302600_57_112.pdf</nome_file><codice_raccomandata>685631992386</codice_raccomandata><data_esito>15/09/2021</data_esito><tipo_esito/><motivo_inesito/><campo_aggiuntivo/><nome/><cognome/><indirizzo/><cap/><citta/><provincia/></Raccomandata><Raccomandata><nome_file>038302600_57_115.pdf</nome_file><codice_raccomandata>685631992454</codice_raccomandata><data_esito>15/09/2021</data_esito><tipo_esito/><motivo_inesito/><campo_aggiuntivo/><nome/><cognome/><indirizzo/><cap/><citta/><provincia/></Raccomandata><Raccomandata><nome_file>038302600_57_118.pdf</nome_file><codice_raccomandata>685631992501</codice_raccomandata><data_esito>15/09/2021</data_esito><tipo_esito/><motivo_inesito/><campo_aggiuntivo/><nome/><cognome/><indirizzo/><cap/><citta/><provincia/></Raccomandata><Raccomandata><nome_file>038302600_57_121.pdf</nome_file><codice_raccomandata>685631992523</codice_raccomandata><data_esito>14/09/2021</data_esito><tipo_esito/><motivo_inesito/><campo_aggiuntivo/><nome/><cognome/><indirizzo/><cap/><citta/><provincia/></Raccomandata><Raccomandata><nome_file>038302600_57_124.pdf</nome_file><codice_raccomandata>685631992534</codice_raccomandata><data_esito>13/09/2021</data_esito><tipo_esito/><motivo_inesito/><campo_aggiuntivo/><nome/><cognome/><indirizzo/><cap/><citta/><provincia/></Raccomandata><Raccomandata><nome_file>038302600_57_127.pdf</nome_file><codice_raccomandata>685631992556</codice_raccomandata><data_esito>09/09/2021</data_esito><tipo_esito/><motivo_inesito/><campo_aggiuntivo/><nome/><cognome/><indirizzo/><cap/><citta/><provincia/></Raccomandata><Raccomandata><nome_file>038302600_57_130.pdf</nome_file><codice_raccomandata>685631992579</codice_raccomandata><data_esito>16/09/2021</data_esito><tipo_esito/><motivo_inesito/><campo_aggiuntivo/><nome/><cognome/><indirizzo/><cap/><citta/><provincia/></Raccomandata><Raccomandata><nome_file>038302600_57_133.pdf</nome_file><codice_raccomandata>685631969330</codice_raccomandata><data_esito>10/09/2021</data_esito><tipo_esito/><motivo_inesito/><campo_aggiuntivo/><nome/><cognome/><indirizzo/><cap/><citta/><provincia/></Raccomandata><Raccomandata><nome_file>038302600_57_136.pdf</nome_file><codice_raccomandata>685631989381</codice_raccomandata><data_esito>19/09/2021</data_esito><tipo_esito/><motivo_inesito/><campo_aggiuntivo/><nome/><cognome/><indirizzo/><cap/><citta/><provincia/></Raccomandata><Raccomandata><nome_file>038302600_57_139.pdf</nome_file><codice_raccomandata>685631989404</codice_raccomandata><data_esito>09/09/2021</data_esito><tipo_esito/><motivo_inesito/><campo_aggiuntivo/><nome/><cognome/><indirizzo/><cap/><citta/><provincia/></Raccomandata><Raccomandata><nome_file>038302600_57_142.pdf</nome_file><codice_raccomandata>685631989427</codice_raccomandata><data_esito>16/09/2021</data_esito><tipo_esito/><motivo_inesito/><campo_aggiuntivo/><nome/><cognome/><indirizzo/><cap/><citta/><provincia/></Raccomandata><Raccomandata><nome_file>038302600_57_145.pdf</nome_file><codice_raccomandata>685631989518</codice_raccomandata><data_esito>10/09/2021</data_esito><tipo_esito/><motivo_inesito/><campo_aggiuntivo/><nome/><cognome/><indirizzo/><cap/><citta/><provincia/></Raccomandata><Raccomandata><nome_file>038302600_57_148.pdf</nome_file><codice_raccomandata>685631989541</codice_raccomandata><data_esito>09/09/2021</data_esito><tipo_esito/><motivo_inesito/><campo_aggiuntivo/><nome/><cognome/><indirizzo/><cap/><citta/><provincia/></Raccomandata><Raccomandata><nome_file>038302600_57_151.pdf</nome_file><codice_raccomandata>685631989825</codice_raccomandata><data_esito>09/09/2021</data_esito><tipo_esito/><motivo_inesito/><campo_aggiuntivo/><nome/><cognome/><indirizzo/><cap/><citta/><provincia/></Raccomandata><Raccomandata><nome_file>038302600_57_154.pdf</nome_file><codice_raccomandata>685631989869</codice_raccomandata><data_esito>15/09/2021</data_esito><tipo_esito/><motivo_inesito/><campo_aggiuntivo/><nome/><cognome/><indirizzo/><cap/><citta/><provincia/></Raccomandata><Raccomandata><nome_file>038302600_57_157.pdf</nome_file><codice_raccomandata>685631989893</codice_raccomandata><data_esito>11/09/2021</data_esito><tipo_esito/><motivo_inesito/><campo_aggiuntivo/><nome/><cognome/><indirizzo/><cap/><citta/><provincia/></Raccomandata><Raccomandata><nome_file>038302600_57_160.pdf</nome_file><codice_raccomandata>685631989995</codice_raccomandata><data_esito>09/09/2021</data_esito><tipo_esito/><motivo_inesito/><campo_aggiuntivo/><nome/><cognome/><indirizzo/><cap/><citta/><provincia/></Raccomandata><Raccomandata><nome_file>038302600_57_163.pdf</nome_file><codice_raccomandata>685631990053</codice_raccomandata><data_esito>15/09/2021</data_esito><tipo_esito/><motivo_inesito/><campo_aggiuntivo/><nome/><cognome/><indirizzo/><cap/><citta/><provincia/></Raccomandata><Raccomandata><nome_file>038302600_57_166.pdf</nome_file><codice_raccomandata>685631990075</codice_raccomandata><data_esito>09/09/2021</data_esito><tipo_esito/><motivo_inesito/><campo_aggiuntivo/><nome/><cognome/><indirizzo/><cap/><citta/><provincia/></Raccomandata><Raccomandata><nome_file>038302600_57_169.pdf</nome_file><codice_raccomandata>685631990134</codice_raccomandata><data_esito>14/09/2021</data_esito><tipo_esito/><motivo_inesito/><campo_aggiuntivo/><nome/><cognome/><indirizzo/><cap/><citta/><provincia/></Raccomandata><Raccomandata><nome_file>038302600_57_172.pdf</nome_file><codice_raccomandata>685631968897</codice_raccomandata><data_esito>09/09/2021</data_esito><tipo_esito/><motivo_inesito/><campo_aggiuntivo/><nome/><cognome/><indirizzo/><cap/><citta/><provincia/></Raccomandata><Raccomandata><nome_file>038302600_57_175.pdf</nome_file><codice_raccomandata>685631990349</codice_raccomandata><data_esito>14/09/2021</data_esito><tipo_esito/><motivo_inesito/><campo_aggiuntivo/><nome/><cognome/><indirizzo/><cap/><citta/><provincia/></Raccomandata><Raccomandata><nome_file>038302600_57_178.pdf</nome_file><codice_raccomandata>685631990361</codice_raccomandata><data_esito>15/09/2021</data_esito><tipo_esito/><motivo_inesito/><campo_aggiuntivo/><nome/><cognome/><indirizzo/><cap/><citta/><provincia/></Raccomandata><Raccomandata><nome_file>038302600_57_181.pdf</nome_file><codice_raccomandata>685631990441</codice_raccomandata><data_esito>21/09/2021</data_esito><tipo_esito/><motivo_inesito/><campo_aggiuntivo/><nome/><cognome/><indirizzo/><cap/><citta/><provincia/></Raccomandata><Raccomandata><nome_file>038302600_57_184.pdf</nome_file><codice_raccomandata>685631990510</codice_raccomandata><data_esito>15/09/2021</data_esito><tipo_esito/><motivo_inesito/><campo_aggiuntivo/><nome/><cognome/><indirizzo/><cap/><citta/><provincia/></Raccomandata><Raccomandata><nome_file>038302600_57_187.pdf</nome_file><codice_raccomandata>685631990612</codice_raccomandata><data_esito>14/09/2021</data_esito><tipo_esito/><motivo_inesito/><campo_aggiuntivo/><nome/><cognome/><indirizzo/><cap/><citta/><provincia/></Raccomandata><Raccomandata><nome_file>038302600_57_190.pdf</nome_file><codice_raccomandata>685631990793</codice_raccomandata><data_esito>14/09/2021</data_esito><tipo_esito/><motivo_inesito/><campo_aggiuntivo/><nome/><cognome/><indirizzo/><cap/><citta/><provincia/></Raccomandata><Raccomandata><nome_file>038302600_57_193.pdf</nome_file><codice_raccomandata>685631990816</codice_raccomandata><data_esito>14/09/2021</data_esito><tipo_esito/><motivo_inesito/><campo_aggiuntivo/><nome/><cognome/><indirizzo/><cap/><citta/><provincia/></Raccomandata><Raccomandata><nome_file>038302600_57_196.pdf</nome_file><codice_raccomandata>685631990997</codice_raccomandata><data_esito>14/09/2021</data_esito><tipo_esito/><motivo_inesito/><campo_aggiuntivo/><nome/><cognome/><indirizzo/><cap/><citta/><provincia/></Raccomandata><Raccomandata><nome_file>038302600_57_199.pdf</nome_file><codice_raccomandata>685631968933</codice_raccomandata><data_esito>08/09/2021</data_esito><tipo_esito/><motivo_inesito/><campo_aggiuntivo/><nome/><cognome/><indirizzo/><cap/><citta/><provincia/></Raccomandata><Raccomandata><nome_file>038302600_57_202.pdf</nome_file><codice_raccomandata>685631969171</codice_raccomandata><data_esito>08/09/2021</data_esito><tipo_esito/><motivo_inesito/><campo_aggiuntivo/><nome/><cognome/><indirizzo/><cap/><citta/><provincia/></Raccomandata><Raccomandata><nome_file>038302600_57_205.pdf</nome_file><codice_raccomandata>685631991124</codice_raccomandata><data_esito>17/09/2021</data_esito><tipo_esito/><motivo_inesito/><campo_aggiuntivo/><nome/><cognome/><indirizzo/><cap/><citta/><provincia/></Raccomandata><Raccomandata><nome_file>038302600_57_208.pdf</nome_file><codice_raccomandata>685631991179</codice_raccomandata><data_esito>16/09/2021</data_esito><tipo_esito/><motivo_inesito/><campo_aggiuntivo/><nome/><cognome/><indirizzo/><cap/><citta/><provincia/></Raccomandata><Raccomandata><nome_file>038302600_57_211.pdf</nome_file><codice_raccomandata>685631991204</codice_raccomandata><data_esito>15/09/2021</data_esito><tipo_esito/><motivo_inesito/><campo_aggiuntivo/><nome/><cognome/><indirizzo/><cap/><citta/><provincia/></Raccomandata><Raccomandata><nome_file>038302600_57_214.pdf</nome_file><codice_raccomandata>685631991215</codice_raccomandata><data_esito>14/09/2021</data_esito><tipo_esito/><motivo_inesito/><campo_aggiuntivo/><nome/><cognome/><indirizzo/><cap/><citta/><provincia/></Raccomandata><Raccomandata><nome_file>038302600_57_217.pdf</nome_file><codice_raccomandata>685631991226</codice_raccomandata><data_esito>14/09/2021</data_esito><tipo_esito/><motivo_inesito/><campo_aggiuntivo/><nome/><cognome/><indirizzo/><cap/><citta/><provincia/></Raccomandata><Raccomandata><nome_file>038302600_57_220.pdf</nome_file><codice_raccomandata>685631991271</codice_raccomandata><data_esito>09/09/2021</data_esito><tipo_esito/><motivo_inesito/><campo_aggiuntivo/><nome/><cognome/><indirizzo/><cap/><citta/><provincia/></Raccomandata><Raccomandata><nome_file>038302600_57_223.pdf</nome_file><codice_raccomandata>685631991635</codice_raccomandata><data_esito>11/09/2021</data_esito><tipo_esito/><motivo_inesito/><campo_aggiuntivo/><nome/><cognome/><indirizzo/><cap/><citta/><provincia/></Raccomandata><Raccomandata><nome_file>038302600_57_226.pdf</nome_file><codice_raccomandata>685631991794</codice_raccomandata><data_esito>14/09/2021</data_esito><tipo_esito/><motivo_inesito/><campo_aggiuntivo/><nome/><cognome/><indirizzo/><cap/><citta/><provincia/></Raccomandata><Raccomandata><nome_file>038302600_57_229.pdf</nome_file><codice_raccomandata>685631991839</codice_raccomandata><data_esito>15/09/2021</data_esito><tipo_esito/><motivo_inesito/><campo_aggiuntivo/><nome/><cognome/><indirizzo/><cap/><citta/><provincia/></Raccomandata><Raccomandata><nome_file>038302600_57_232.pdf</nome_file><codice_raccomandata>685631977125</codice_raccomandata><data_esito>10/09/2021</data_esito><tipo_esito/><motivo_inesito/><campo_aggiuntivo/><nome/><cognome/><indirizzo/><cap/><citta/><provincia/></Raccomandata><Raccomandata><nome_file>038302600_57_235.pdf</nome_file><codice_raccomandata>685631977078</codice_raccomandata><data_esito>10/09/2021</data_esito><tipo_esito/><motivo_inesito/><campo_aggiuntivo/><nome/><cognome/><indirizzo/><cap/><citta/><provincia/></Raccomandata><Raccomandata><nome_file>038302600_57_238.pdf</nome_file><codice_raccomandata>685631976988</codice_raccomandata><data_esito>17/09/2021</data_esito><tipo_esito/><motivo_inesito/><campo_aggiuntivo/><nome/><cognome/><indirizzo/><cap/><citta/><provincia/></Raccomandata><Raccomandata><nome_file>038302600_57_241.pdf</nome_file><codice_raccomandata>685631976977</codice_raccomandata><data_esito>17/09/2021</data_esito><tipo_esito/><motivo_inesito/><campo_aggiuntivo/><nome/><cognome/><indirizzo/><cap/><citta/><provincia/></Raccomandata><Raccomandata><nome_file>038302600_57_244.pdf</nome_file><codice_raccomandata>685631976966</codice_raccomandata><data_esito>15/09/2021</data_esito><tipo_esito/><motivo_inesito/><campo_aggiuntivo/><nome/><cognome/><indirizzo/><cap/><citta/><provincia/></Raccomandata><Raccomandata><nome_file>038302600_57_247.pdf</nome_file><codice_raccomandata>685631967420</codice_raccomandata><data_esito>06/09/2021</data_esito><tipo_esito/><motivo_inesito/><campo_aggiuntivo/><nome/><cognome/><indirizzo/><cap/><citta/><provincia/></Raccomandata><Raccomandata><nome_file>038302600_57_250.pdf</nome_file><codice_raccomandata>685631976933</codice_raccomandata><data_esito>13/09/2021</data_esito><tipo_esito/><motivo_inesito/><campo_aggiuntivo/><nome/><cognome/><indirizzo/><cap/><citta/><provincia/></Raccomandata><Raccomandata><nome_file>038302600_57_253.pdf</nome_file><codice_raccomandata>685631976886</codice_raccomandata><data_esito>14/09/2021</data_esito><tipo_esito/><motivo_inesito/><campo_aggiuntivo/><nome/><cognome/><indirizzo/><cap/><citta/><provincia/></Raccomandata><Raccomandata><nome_file>038302600_57_256.pdf</nome_file><codice_raccomandata>685631976842</codice_raccomandata><data_esito>10/09/2021</data_esito><tipo_esito/><motivo_inesito/><campo_aggiuntivo/><nome/><cognome/><indirizzo/><cap/><citta/><provincia/></Raccomandata><Raccomandata><nome_file>038302600_57_259.pdf</nome_file><codice_raccomandata>685631967419</codice_raccomandata><data_esito>06/09/2021</data_esito><tipo_esito/><motivo_inesito/><campo_aggiuntivo/><nome/><cognome/><indirizzo/><cap/><citta/><provincia/></Raccomandata><Raccomandata><nome_file>038302600_57_262.pdf</nome_file><codice_raccomandata>685631976739</codice_raccomandata><data_esito>10/09/2021</data_esito><tipo_esito/><motivo_inesito/><campo_aggiuntivo/><nome/><cognome/><indirizzo/><cap/><citta/><provincia/></Raccomandata><Raccomandata><nome_file>038302600_57_265.pdf</nome_file><codice_raccomandata>685631967408</codice_raccomandata><data_esito>06/09/2021</data_esito><tipo_esito/><motivo_inesito/><campo_aggiuntivo/><nome/><cognome/><indirizzo/><cap/><citta/><provincia/></Raccomandata><Raccomandata><nome_file>038302600_57_268.pdf</nome_file><codice_raccomandata>685631976659</codice_raccomandata><data_esito>10/09/2021</data_esito><tipo_esito/><motivo_inesito/><campo_aggiuntivo/><nome/><cognome/><indirizzo/><cap/><citta/><provincia/></Raccomandata><Raccomandata><nome_file>038302600_57_271.pdf</nome_file><codice_raccomandata>685631976568</codice_raccomandata><data_esito>09/09/2021</data_esito><tipo_esito/><motivo_inesito/><campo_aggiuntivo/><nome/><cognome/><indirizzo/><cap/><citta/><provincia/></Raccomandata><Raccomandata><nome_file>038302600_57_274.pdf</nome_file><codice_raccomandata>685631967396</codice_raccomandata><data_esito>07/09/2021</data_esito><tipo_esito/><motivo_inesito/><campo_aggiuntivo/><nome/><cognome/><indirizzo/><cap/><citta/><provincia/></Raccomandata><Raccomandata><nome_file>038302600_57_277.pdf</nome_file><codice_raccomandata>685631977810</codice_raccomandata><data_esito>09/09/2021</data_esito><tipo_esito/><motivo_inesito/><campo_aggiuntivo/><nome/><cognome/><indirizzo/><cap/><citta/><provincia/></Raccomandata><Raccomandata><nome_file>038302600_57_280.pdf</nome_file><codice_raccomandata>685631977809</codice_raccomandata><data_esito>09/09/2021</data_esito><tipo_esito/><motivo_inesito/><campo_aggiuntivo/><nome/><cognome/><indirizzo/><cap/><citta/><provincia/></Raccomandata><Raccomandata><nome_file>038302600_57_283.pdf</nome_file><codice_raccomandata>685631977785</codice_raccomandata><data_esito>09/09/2021</data_esito><tipo_esito/><motivo_inesito/><campo_aggiuntivo/><nome/><cognome/><indirizzo/><cap/><citta/><provincia/></Raccomandata><Raccomandata><nome_file>038302600_57_286.pdf</nome_file><codice_raccomandata>685631977774</codice_raccomandata><data_esito>10/09/2021</data_esito><tipo_esito/><motivo_inesito/><campo_aggiuntivo/><nome/><cognome/><indirizzo/><cap/><citta/><provincia/></Raccomandata><Raccomandata><nome_file>038302600_57_289.pdf</nome_file><codice_raccomandata>685631977752</codice_raccomandata><data_esito>10/09/2021</data_esito><tipo_esito/><motivo_inesito/><campo_aggiuntivo/><nome/><cognome/><indirizzo/><cap/><citta/><provincia/></Raccomandata><Raccomandata><nome_file>038302600_57_292.pdf</nome_file><codice_raccomandata>685631977741</codice_raccomandata><data_esito>09/09/2021</data_esito><tipo_esito/><motivo_inesito/><campo_aggiuntivo/><nome/><cognome/><indirizzo/><cap/><citta/><provincia/></Raccomandata><Raccomandata><nome_file>038302600_57_295.pdf</nome_file><codice_raccomandata>685631977730</codice_raccomandata><data_esito>09/09/2021</data_esito><tipo_esito/><motivo_inesito/><campo_aggiuntivo/><nome/><cognome/><indirizzo/><cap/><citta/><provincia/></Raccomandata><Raccomandata><nome_file>038302600_57_298.pdf</nome_file><codice_raccomandata>685631977729</codice_raccomandata><data_esito>09/09/2021</data_esito><tipo_esito/><motivo_inesito/><campo_aggiuntivo/><nome/><cognome/><indirizzo/><cap/><citta/><provincia/></Raccomandata><Raccomandata><nome_file>038302600_57_301.pdf</nome_file><codice_raccomandata>685631977718</codice_raccomandata><data_esito>09/09/2021</data_esito><tipo_esito/><motivo_inesito/><campo_aggiuntivo/><nome/><cognome/><indirizzo/><cap/><citta/><provincia/></Raccomandata><Raccomandata><nome_file>038302600_57_304.pdf</nome_file><codice_raccomandata>685631977649</codice_raccomandata><data_esito>09/09/2021</data_esito><tipo_esito/><motivo_inesito/><campo_aggiuntivo/><nome/><cognome/><indirizzo/><cap/><citta/><provincia/></Raccomandata><Raccomandata><nome_file>038302600_57_307.pdf</nome_file><codice_raccomandata>685631977627</codice_raccomandata><data_esito>18/09/2021</data_esito><tipo_esito/><motivo_inesito/><campo_aggiuntivo/><nome/><cognome/><indirizzo/><cap/><citta/><provincia/></Raccomandata><Raccomandata><nome_file>038302600_57_310.pdf</nome_file><codice_raccomandata>685631977615</codice_raccomandata><data_esito>10/09/2021</data_esito><tipo_esito/><motivo_inesito/><campo_aggiuntivo/><nome/><cognome/><indirizzo/><cap/><citta/><provincia/></Raccomandata><Raccomandata><nome_file>038302600_57_313.pdf</nome_file><codice_raccomandata>685631977570</codice_raccomandata><data_esito>10/09/2021</data_esito><tipo_esito/><motivo_inesito/><campo_aggiuntivo/><nome/><cognome/><indirizzo/><cap/><citta/><provincia/></Raccomandata><Raccomandata><nome_file>038302600_57_316.pdf</nome_file><codice_raccomandata>685631977558</codice_raccomandata><data_esito>10/09/2021</data_esito><tipo_esito/><motivo_inesito/><campo_aggiuntivo/><nome/><cognome/><indirizzo/><cap/><citta/><provincia/></Raccomandata><Raccomandata><nome_file>038302600_57_319.pdf</nome_file><codice_raccomandata>685631977524</codice_raccomandata><data_esito>10/09/2021</data_esito><tipo_esito/><motivo_inesito/><campo_aggiuntivo/><nome/><cognome/><indirizzo/><cap/><citta/><provincia/></Raccomandata><Raccomandata><nome_file>038302600_57_322.pdf</nome_file><codice_raccomandata>685631977411</codice_raccomandata><data_esito>09/09/2021</data_esito><tipo_esito/><motivo_inesito/><campo_aggiuntivo/><nome/><cognome/><indirizzo/><cap/><citta/><provincia/></Raccomandata><Raccomandata><nome_file>038302600_57_325.pdf</nome_file><codice_raccomandata>685631967465</codice_raccomandata><data_esito>07/09/2021</data_esito><tipo_esito/><motivo_inesito/><campo_aggiuntivo/><nome/><cognome/><indirizzo/><cap/><citta/><provincia/></Raccomandata><Raccomandata><nome_file>038302600_57_328.pdf</nome_file><codice_raccomandata>685631977398</codice_raccomandata><data_esito>14/09/2021</data_esito><tipo_esito/><motivo_inesito/><campo_aggiuntivo/><nome/><cognome/><indirizzo/><cap/><citta/><provincia/></Raccomandata><Raccomandata><nome_file>038302600_57_331.pdf</nome_file><codice_raccomandata>685631967442</codice_raccomandata><data_esito>07/09/2021</data_esito><tipo_esito/><motivo_inesito/><campo_aggiuntivo/><nome/><cognome/><indirizzo/><cap/><citta/><provincia/></Raccomandata><Raccomandata><nome_file>038302600_57_334.pdf</nome_file><codice_raccomandata>685631977171</codice_raccomandata><data_esito>14/09/2021</data_esito><tipo_esito/><motivo_inesito/><campo_aggiuntivo/><nome/><cognome/><indirizzo/><cap/><citta/><provincia/></Raccomandata><Raccomandata><nome_file>038302600_57_337.pdf</nome_file><codice_raccomandata>685631977169</codice_raccomandata><data_esito>10/09/2021</data_esito><tipo_esito/><motivo_inesito/><campo_aggiuntivo/><nome/><cognome/><indirizzo/><cap/><citta/><provincia/></Raccomandata><Raccomandata><nome_file>038302600_57_340.pdf</nome_file><codice_raccomandata>685631978332</codice_raccomandata><data_esito>09/09/2021</data_esito><tipo_esito/><motivo_inesito/><campo_aggiuntivo/><nome/><cognome/><indirizzo/><cap/><citta/><provincia/></Raccomandata><Raccomandata><nome_file>038302600_57_343.pdf</nome_file><codice_raccomandata>685631978310</codice_raccomandata><data_esito>10/09/2021</data_esito><tipo_esito/><motivo_inesito/><campo_aggiuntivo/><nome/><cognome/><indirizzo/><cap/><citta/><provincia/></Raccomandata><Raccomandata><nome_file>038302600_57_346.pdf</nome_file><codice_raccomandata>685631967533</codice_raccomandata><data_esito>06/09/2021</data_esito><tipo_esito/><motivo_inesito/><campo_aggiuntivo/><nome/><cognome/><indirizzo/><cap/><citta/><provincia/></Raccomandata><Raccomandata><nome_file>038302600_57_349.pdf</nome_file><codice_raccomandata>685631978297</codice_raccomandata><data_esito>09/09/2021</data_esito><tipo_esito/><motivo_inesito/><campo_aggiuntivo/><nome/><cognome/><indirizzo/><cap/><citta/><provincia/></Raccomandata><Raccomandata><nome_file>038302600_57_352.pdf</nome_file><codice_raccomandata>685631978286</codice_raccomandata><data_esito>10/09/2021</data_esito><tipo_esito/><motivo_inesito/><campo_aggiuntivo/><nome/><cognome/><indirizzo/><cap/><citta/><provincia/></Raccomandata><Raccomandata><nome_file>038302600_57_355.pdf</nome_file><codice_raccomandata>685631967522</codice_raccomandata><data_esito>06/09/2021</data_esito><tipo_esito/><motivo_inesito/><campo_aggiuntivo/><nome/><cognome/><indirizzo/><cap/><citta/><provincia/></Raccomandata><Raccomandata><nome_file>038302600_57_358.pdf</nome_file><codice_raccomandata>685631978228</codice_raccomandata><data_esito>09/09/2021</data_esito><tipo_esito/><motivo_inesito/><campo_aggiuntivo/><nome/><cognome/><indirizzo/><cap/><citta/><provincia/></Raccomandata><Raccomandata><nome_file>038302600_57_361.pdf</nome_file><codice_raccomandata>685631978217</codice_raccomandata><data_esito>09/09/2021</data_esito><tipo_esito/><motivo_inesito/><campo_aggiuntivo/><nome/><cognome/><indirizzo/><cap/><citta/><provincia/></Raccomandata><Raccomandata><nome_file>038302600_57_364.pdf</nome_file><codice_raccomandata>685631978194</codice_raccomandata><data_esito>09/09/2021</data_esito><tipo_esito/><motivo_inesito/><campo_aggiuntivo/><nome/><cognome/><indirizzo/><cap/><citta/><provincia/></Raccomandata><Raccomandata><nome_file>038302600_57_367.pdf</nome_file><codice_raccomandata>685631978172</codice_raccomandata><data_esito>09/09/2021</data_esito><tipo_esito/><motivo_inesito/><campo_aggiuntivo/><nome/><cognome/><indirizzo/><cap/><citta/><provincia/></Raccomandata><Raccomandata><nome_file>038302600_57_370.pdf</nome_file><codice_raccomandata>685631978161</codice_raccomandata><data_esito>10/09/2021</data_esito><tipo_esito/><motivo_inesito/><campo_aggiuntivo/><nome/><cognome/><indirizzo/><cap/><citta/><provincia/></Raccomandata><Raccomandata><nome_file>038302600_57_373.pdf</nome_file><codice_raccomandata>685631978148</codice_raccomandata><data_esito>09/09/2021</data_esito><tipo_esito/><motivo_inesito/><campo_aggiuntivo/><nome/><cognome/><indirizzo/><cap/><citta/><provincia/></Raccomandata><Raccomandata><nome_file>038302600_57_376.pdf</nome_file><codice_raccomandata>685631978115</codice_raccomandata><data_esito>10/09/2021</data_esito><tipo_esito/><motivo_inesito/><campo_aggiuntivo/><nome/><cognome/><indirizzo/><cap/><citta/><provincia/></Raccomandata><Raccomandata><nome_file>038302600_57_379.pdf</nome_file><codice_raccomandata>685631978057</codice_raccomandata><data_esito>09/09/2021</data_esito><tipo_esito/><motivo_inesito/><campo_aggiuntivo/><nome/><cognome/><indirizzo/><cap/><citta/><provincia/></Raccomandata><Raccomandata><nome_file>038302600_57_382.pdf</nome_file><codice_raccomandata>685631978046</codice_raccomandata><data_esito>09/09/2021</data_esito><tipo_esito/><motivo_inesito/><campo_aggiuntivo/><nome/><cognome/><indirizzo/><cap/><citta/><provincia/></Raccomandata><Raccomandata><nome_file>038302600_57_385.pdf</nome_file><codice_raccomandata>685631978035</codice_raccomandata><data_esito>11/09/2021</data_esito><tipo_esito/><motivo_inesito/><campo_aggiuntivo/><nome/><cognome/><indirizzo/><cap/><citta/><provincia/></Raccomandata><Raccomandata><nome_file>038302600_57_388.pdf</nome_file><codice_raccomandata>685631977978</codice_raccomandata><data_esito>10/09/2021</data_esito><tipo_esito/><motivo_inesito/><campo_aggiuntivo/><nome/><cognome/><indirizzo/><cap/><citta/><provincia/></Raccomandata><Raccomandata><nome_file>038302600_57_391.pdf</nome_file><codice_raccomandata>685631977956</codice_raccomandata><data_esito>09/09/2021</data_esito><tipo_esito/><motivo_inesito/><campo_aggiuntivo/><nome/><cognome/><indirizzo/><cap/><citta/><provincia/></Raccomandata><Raccomandata><nome_file>038302600_57_394.pdf</nome_file><codice_raccomandata>685631977901</codice_raccomandata><data_esito>10/09/2021</data_esito><tipo_esito/><motivo_inesito/><campo_aggiuntivo/><nome/><cognome/><indirizzo/><cap/><citta/><provincia/></Raccomandata><Raccomandata><nome_file>038302600_57_397.pdf</nome_file><codice_raccomandata>685631977898</codice_raccomandata><data_esito>10/09/2021</data_esito><tipo_esito/><motivo_inesito/><campo_aggiuntivo/><nome/><cognome/><indirizzo/><cap/><citta/><provincia/></Raccomandata><Raccomandata><nome_file>038302600_57_400.pdf</nome_file><codice_raccomandata>685631977843</codice_raccomandata><data_esito>10/09/2021</data_esito><tipo_esito/><motivo_inesito/><campo_aggiuntivo/><nome/><cognome/><indirizzo/><cap/><citta/><provincia/></Raccomandata><Raccomandata><nome_file>038302600_57_403.pdf</nome_file><codice_raccomandata>685631977821</codice_raccomandata><data_esito>16/09/2021</data_esito><tipo_esito/><motivo_inesito/><campo_aggiuntivo/><nome/><cognome/><indirizzo/><cap/><citta/><provincia/></Raccomandata><Raccomandata><nome_file>038302600_57_406.pdf</nome_file><codice_raccomandata>685631979149</codice_raccomandata><data_esito>09/09/2021</data_esito><tipo_esito/><motivo_inesito/><campo_aggiuntivo/><nome/><cognome/><indirizzo/><cap/><citta/><provincia/></Raccomandata><Raccomandata><nome_file>038302600_57_409.pdf</nome_file><codice_raccomandata>685631979151</codice_raccomandata><data_esito>10/09/2021</data_esito><tipo_esito/><motivo_inesito/><campo_aggiuntivo/><nome/><cognome/><indirizzo/><cap/><citta/><provincia/></Raccomandata><Raccomandata><nome_file>038302600_57_412.pdf</nome_file><codice_raccomandata>685631979173</codice_raccomandata><data_esito>10/09/2021</data_esito><tipo_esito/><motivo_inesito/><campo_aggiuntivo/><nome/><cognome/><indirizzo/><cap/><citta/><provincia/></Raccomandata><Raccomandata><nome_file>038302600_57_415.pdf</nome_file><codice_raccomandata>685631979229</codice_raccomandata><data_esito>10/09/2021</data_esito><tipo_esito/><motivo_inesito/><campo_aggiuntivo/><nome/><cognome/><indirizzo/><cap/><citta/><provincia/></Raccomandata><Raccomandata><nome_file>038302600_57_418.pdf</nome_file><codice_raccomandata>685631979298</codice_raccomandata><data_esito>09/09/2021</data_esito><tipo_esito/><motivo_inesito/><campo_aggiuntivo/><nome/><cognome/><indirizzo/><cap/><citta/><provincia/></Raccomandata><Raccomandata><nome_file>038302600_57_421.pdf</nome_file><codice_raccomandata>685631978388</codice_raccomandata><data_esito>10/09/2021</data_esito><tipo_esito/><motivo_inesito/><campo_aggiuntivo/><nome/><cognome/><indirizzo/><cap/><citta/><provincia/></Raccomandata><Raccomandata><nome_file>038302600_57_424.pdf</nome_file><codice_raccomandata>685631978457</codice_raccomandata><data_esito>09/09/2021</data_esito><tipo_esito/><motivo_inesito/><campo_aggiuntivo/><nome/><cognome/><indirizzo/><cap/><citta/><provincia/></Raccomandata><Raccomandata><nome_file>038302600_57_427.pdf</nome_file><codice_raccomandata>685631978479</codice_raccomandata><data_esito>09/09/2021</data_esito><tipo_esito/><motivo_inesito/><campo_aggiuntivo/><nome/><cognome/><indirizzo/><cap/><citta/><provincia/></Raccomandata><Raccomandata><nome_file>038302600_57_430.pdf</nome_file><codice_raccomandata>685631978491</codice_raccomandata><data_esito>09/09/2021</data_esito><tipo_esito/><motivo_inesito/><campo_aggiuntivo/><nome/><cognome/><indirizzo/><cap/><citta/><provincia/></Raccomandata><Raccomandata><nome_file>038302600_57_433.pdf</nome_file><codice_raccomandata>685631978514</codice_raccomandata><data_esito>09/09/2021</data_esito><tipo_esito/><motivo_inesito/><campo_aggiuntivo/><nome/><cognome/><indirizzo/><cap/><citta/><provincia/></Raccomandata><Raccomandata><nome_file>038302600_57_436.pdf</nome_file><codice_raccomandata>685631967567</codice_raccomandata><data_esito>06/09/2021</data_esito><tipo_esito/><motivo_inesito/><campo_aggiuntivo/><nome/><cognome/><indirizzo/><cap/><citta/><provincia/></Raccomandata><Raccomandata><nome_file>038302600_57_439.pdf</nome_file><codice_raccomandata>685631978560</codice_raccomandata><data_esito>09/09/2021</data_esito><tipo_esito/><motivo_inesito/><campo_aggiuntivo/><nome/><cognome/><indirizzo/><cap/><citta/><provincia/></Raccomandata><Raccomandata><nome_file>038302600_57_442.pdf</nome_file><codice_raccomandata>685631978571</codice_raccomandata><data_esito>09/09/2021</data_esito><tipo_esito/><motivo_inesito/><campo_aggiuntivo/><nome/><cognome/><indirizzo/><cap/><citta/><provincia/></Raccomandata><Raccomandata><nome_file>038302600_57_445.pdf</nome_file><codice_raccomandata>685631978582</codice_raccomandata><data_esito>09/09/2021</data_esito><tipo_esito/><motivo_inesito/><campo_aggiuntivo/><nome/><cognome/><indirizzo/><cap/><citta/><provincia/></Raccomandata><Raccomandata><nome_file>038302600_57_448.pdf</nome_file><codice_raccomandata>685631967589</codice_raccomandata><data_esito>06/09/2021</data_esito><tipo_esito/><motivo_inesito/><campo_aggiuntivo/><nome/><cognome/><indirizzo/><cap/><citta/><provincia/></Raccomandata><Raccomandata><nome_file>038302600_57_451.pdf</nome_file><codice_raccomandata>685631978366</codice_raccomandata><data_esito>10/09/2021</data_esito><tipo_esito/><motivo_inesito/><campo_aggiuntivo/><nome/><cognome/><indirizzo/><cap/><citta/><provincia/></Raccomandata><Raccomandata><nome_file>038302600_57_454.pdf</nome_file><codice_raccomandata>685631967545</codice_raccomandata><data_esito>06/09/2021</data_esito><tipo_esito/><motivo_inesito/><campo_aggiuntivo/><nome/><cognome/><indirizzo/><cap/><citta/><provincia/></Raccomandata><Raccomandata><nome_file>038302600_57_457.pdf</nome_file><codice_raccomandata>685631978321</codice_raccomandata><data_esito>09/09/2021</data_esito><tipo_esito/><motivo_inesito/><campo_aggiuntivo/><nome/><cognome/><indirizzo/><cap/><citta/><provincia/></Raccomandata><Raccomandata><nome_file>038302600_57_460.pdf</nome_file><codice_raccomandata>685631988686</codice_raccomandata><data_esito>09/09/2021</data_esito><tipo_esito/><motivo_inesito/><campo_aggiuntivo/><nome/><cognome/><indirizzo/><cap/><citta/><provincia/></Raccomandata><Raccomandata><nome_file>038302600_57_463.pdf</nome_file><codice_raccomandata>685631982270</codice_raccomandata><data_esito>10/09/2021</data_esito><tipo_esito/><motivo_inesito/><campo_aggiuntivo/><nome/><cognome/><indirizzo/><cap/><citta/><provincia/></Raccomandata><Raccomandata><nome_file>038302600_57_466.pdf</nome_file><codice_raccomandata>685631985763</codice_raccomandata><data_esito>10/09/2021</data_esito><tipo_esito/><motivo_inesito/><campo_aggiuntivo/><nome/><cognome/><indirizzo/><cap/><citta/><provincia/></Raccomandata><Raccomandata><nome_file>038302600_57_469.pdf</nome_file><codice_raccomandata>685631982133</codice_raccomandata><data_esito>10/09/2021</data_esito><tipo_esito/><motivo_inesito/><campo_aggiuntivo/><nome/><cognome/><indirizzo/><cap/><citta/><provincia/></Raccomandata><Raccomandata><nome_file>038302600_57_472.pdf</nome_file><codice_raccomandata>685631984955</codice_raccomandata><data_esito>10/09/2021</data_esito><tipo_esito/><motivo_inesito/><campo_aggiuntivo/><nome/><cognome/><indirizzo/><cap/><citta/><provincia/></Raccomandata><Raccomandata><nome_file>038302600_57_475.pdf</nome_file><codice_raccomandata>685631987082</codice_raccomandata><data_esito>10/09/2021</data_esito><tipo_esito/><motivo_inesito/><campo_aggiuntivo/><nome/><cognome/><indirizzo/><cap/><citta/><provincia/></Raccomandata><Raccomandata><nome_file>038302600_57_478.pdf</nome_file><codice_raccomandata>685631982577</codice_raccomandata><data_esito>10/09/2021</data_esito><tipo_esito/><motivo_inesito/><campo_aggiuntivo/><nome/><cognome/><indirizzo/><cap/><citta/><provincia/></Raccomandata><Raccomandata><nome_file>038302600_57_481.pdf</nome_file><codice_raccomandata>685631988620</codice_raccomandata><data_esito>10/09/2021</data_esito><tipo_esito/><motivo_inesito/><campo_aggiuntivo/><nome/><cognome/><indirizzo/><cap/><citta/><provincia/></Raccomandata><Raccomandata><nome_file>038302600_57_484.pdf</nome_file><codice_raccomandata>685631986719</codice_raccomandata><data_esito>09/09/2021</data_esito><tipo_esito/><motivo_inesito/><campo_aggiuntivo/><nome/><cognome/><indirizzo/><cap/><citta/><provincia/></Raccomandata><Raccomandata><nome_file>038302600_57_487.pdf</nome_file><codice_raccomandata>685631987003</codice_raccomandata><data_esito>10/09/2021</data_esito><tipo_esito/><motivo_inesito/><campo_aggiuntivo/><nome/><cognome/><indirizzo/><cap/><citta/><provincia/></Raccomandata><Raccomandata><nome_file>038302600_57_490.pdf</nome_file><codice_raccomandata>685631985012</codice_raccomandata><data_esito>10/09/2021</data_esito><tipo_esito/><motivo_inesito/><campo_aggiuntivo/><nome/><cognome/><indirizzo/><cap/><citta/><provincia/></Raccomandata><Raccomandata><nome_file>038302600_57_493.pdf</nome_file><codice_raccomandata>685631983032</codice_raccomandata><data_esito>10/09/2021</data_esito><tipo_esito/><motivo_inesito/><campo_aggiuntivo/><nome/><cognome/><indirizzo/><cap/><citta/><provincia/></Raccomandata><Raccomandata><nome_file>038302600_57_496.pdf</nome_file><codice_raccomandata>685631982851</codice_raccomandata><data_esito>10/09/2021</data_esito><tipo_esito/><motivo_inesito/><campo_aggiuntivo/><nome/><cognome/><indirizzo/><cap/><citta/><provincia/></Raccomandata><Raccomandata><nome_file>038302600_57_499.pdf</nome_file><codice_raccomandata>685631982816</codice_raccomandata><data_esito>10/09/2021</data_esito><tipo_esito/><motivo_inesito/><campo_aggiuntivo/><nome/><cognome/><indirizzo/><cap/><citta/><provincia/></Raccomandata><Raccomandata><nome_file>038302600_57_502.pdf</nome_file><codice_raccomandata>685631988083</codice_raccomandata><data_esito>10/09/2021</data_esito><tipo_esito/><motivo_inesito/><campo_aggiuntivo/><nome/><cognome/><indirizzo/><cap/><citta/><provincia/></Raccomandata><Raccomandata><nome_file>038302600_57_505.pdf</nome_file><codice_raccomandata>685631987594</codice_raccomandata><data_esito>11/09/2021</data_esito><tipo_esito/><motivo_inesito/><campo_aggiuntivo/><nome/><cognome/><indirizzo/><cap/><citta/><provincia/></Raccomandata><Raccomandata><nome_file>038302600_57_508.pdf</nome_file><codice_raccomandata>685631985240</codice_raccomandata><data_esito>11/09/2021</data_esito><tipo_esito/><motivo_inesito/><campo_aggiuntivo/><nome/><cognome/><indirizzo/><cap/><citta/><provincia/></Raccomandata><Raccomandata><nome_file>038302600_57_511.pdf</nome_file><codice_raccomandata>685631985502</codice_raccomandata><data_esito>11/09/2021</data_esito><tipo_esito/><motivo_inesito/><campo_aggiuntivo/><nome/><cognome/><indirizzo/><cap/><citta/><provincia/></Raccomandata><Raccomandata><nome_file>038302600_57_514.pdf</nome_file><codice_raccomandata>685631987378</codice_raccomandata><data_esito>10/09/2021</data_esito><tipo_esito/><motivo_inesito/><campo_aggiuntivo/><nome/><cognome/><indirizzo/><cap/><citta/><provincia/></Raccomandata><Raccomandata><nome_file>038302600_57_517.pdf</nome_file><codice_raccomandata>685631995606</codice_raccomandata><data_esito>10/09/2021</data_esito><tipo_esito/><motivo_inesito/><campo_aggiuntivo/><nome/><cognome/><indirizzo/><cap/><citta/><provincia/></Raccomandata><Raccomandata><nome_file>038302600_57_520.pdf</nome_file><codice_raccomandata>685631994263</codice_raccomandata><data_esito>10/09/2021</data_esito><tipo_esito/><motivo_inesito/><campo_aggiuntivo/><nome/><cognome/><indirizzo/><cap/><citta/><provincia/></Raccomandata><Raccomandata><nome_file>038302600_57_523.pdf</nome_file><codice_raccomandata>685631989632</codice_raccomandata><data_esito>10/09/2021</data_esito><tipo_esito/><motivo_inesito/><campo_aggiuntivo/><nome/><cognome/><indirizzo/><cap/><citta/><provincia/></Raccomandata><Raccomandata><nome_file>038302600_57_526.pdf</nome_file><codice_raccomandata>685631992044</codice_raccomandata><data_esito>11/09/2021</data_esito><tipo_esito/><motivo_inesito/><campo_aggiuntivo/><nome/><cognome/><indirizzo/><cap/><citta/><provincia/></Raccomandata><Raccomandata><nome_file>038302600_57_529.pdf</nome_file><codice_raccomandata>685631994571</codice_raccomandata><data_esito>11/09/2021</data_esito><tipo_esito/><motivo_inesito/><campo_aggiuntivo/><nome/><cognome/><indirizzo/><cap/><citta/><provincia/></Raccomandata><Raccomandata><nome_file>038302600_57_532.pdf</nome_file><codice_raccomandata>685631991908</codice_raccomandata><data_esito>11/09/2021</data_esito><tipo_esito/><motivo_inesito/><campo_aggiuntivo/><nome/><cognome/><indirizzo/><cap/><citta/><provincia/></Raccomandata><Raccomandata><nome_file>038302600_57_535.pdf</nome_file><codice_raccomandata>685631992088</codice_raccomandata><data_esito>10/09/2021</data_esito><tipo_esito/><motivo_inesito/><campo_aggiuntivo/><nome/><cognome/><indirizzo/><cap/><citta/><provincia/></Raccomandata><Raccomandata><nome_file>038302600_57_538.pdf</nome_file><codice_raccomandata>685631990042</codice_raccomandata><data_esito>10/09/2021</data_esito><tipo_esito/><motivo_inesito/><campo_aggiuntivo/><nome/><cognome/><indirizzo/><cap/><citta/><provincia/></Raccomandata><Raccomandata><nome_file>038302600_57_541.pdf</nome_file><codice_raccomandata>685631998520</codice_raccomandata><data_esito>10/09/2021</data_esito><tipo_esito/><motivo_inesito/><campo_aggiuntivo/><nome/><cognome/><indirizzo/><cap/><citta/><provincia/></Raccomandata><Raccomandata><nome_file>038302600_57_544.pdf</nome_file><codice_raccomandata>685631996824</codice_raccomandata><data_esito>13/09/2021</data_esito><tipo_esito/><motivo_inesito/><campo_aggiuntivo/><nome/><cognome/><indirizzo/><cap/><citta/><provincia/></Raccomandata><Raccomandata><nome_file>038302600_57_547.pdf</nome_file><codice_raccomandata>685631996937</codice_raccomandata><data_esito>13/09/2021</data_esito><tipo_esito/><motivo_inesito/><campo_aggiuntivo/><nome/><cognome/><indirizzo/><cap/><citta/><provincia/></Raccomandata><Raccomandata><nome_file>038302600_57_550.pdf</nome_file><codice_raccomandata>685631997665</codice_raccomandata><data_esito>11/09/2021</data_esito><tipo_esito/><motivo_inesito/><campo_aggiuntivo/><nome/><cognome/><indirizzo/><cap/><citta/><provincia/></Raccomandata><Raccomandata><nome_file>038302600_57_553.pdf</nome_file><codice_raccomandata>685631994924</codice_raccomandata><data_esito>09/09/2021</data_esito><tipo_esito/><motivo_inesito/><campo_aggiuntivo/><nome/><cognome/><indirizzo/><cap/><citta/><provincia/></Raccomandata><Raccomandata><nome_file>038302600_57_556.pdf</nome_file><codice_raccomandata>685631992272</codice_raccomandata><data_esito>11/09/2021</data_esito><tipo_esito/><motivo_inesito/><campo_aggiuntivo/><nome/><cognome/><indirizzo/><cap/><citta/><provincia/></Raccomandata><Raccomandata><nome_file>038302600_57_559.pdf</nome_file><codice_raccomandata>685631994695</codice_raccomandata><data_esito>10/09/2021</data_esito><tipo_esito/><motivo_inesito/><campo_aggiuntivo/><nome/><cognome/><indirizzo/><cap/><citta/><provincia/></Raccomandata><Raccomandata><nome_file>038302600_57_562.pdf</nome_file><codice_raccomandata>685631995162</codice_raccomandata><data_esito>10/09/2021</data_esito><tipo_esito/><motivo_inesito/><campo_aggiuntivo/><nome/><cognome/><indirizzo/><cap/><citta/><provincia/></Raccomandata><Raccomandata><nome_file>038302600_57_565.pdf</nome_file><codice_raccomandata>685631993912</codice_raccomandata><data_esito>10/09/2021</data_esito><tipo_esito/><motivo_inesito/><campo_aggiuntivo/><nome/><cognome/><indirizzo/><cap/><citta/><provincia/></Raccomandata><Raccomandata><nome_file>038302600_57_568.pdf</nome_file><codice_raccomandata>685631994913</codice_raccomandata><data_esito>09/09/2021</data_esito><tipo_esito/><motivo_inesito/><campo_aggiuntivo/><nome/><cognome/><indirizzo/><cap/><citta/><provincia/></Raccomandata><Raccomandata><nome_file>038302600_57_571.pdf</nome_file><codice_raccomandata>685631994207</codice_raccomandata><data_esito>09/09/2021</data_esito><tipo_esito/><motivo_inesito/><campo_aggiuntivo/><nome/><cognome/><indirizzo/><cap/><citta/><provincia/></Raccomandata><Raccomandata><nome_file>038302600_57_574.pdf</nome_file><codice_raccomandata>685631991987</codice_raccomandata><data_esito>11/09/2021</data_esito><tipo_esito/><motivo_inesito/><campo_aggiuntivo/><nome/><cognome/><indirizzo/><cap/><citta/><provincia/></Raccomandata><Raccomandata><nome_file>038302600_57_586.pdf</nome_file><codice_raccomandata>685631985228</codice_raccomandata><data_esito>10/09/2021</data_esito><tipo_esito/><motivo_inesito/><campo_aggiuntivo/><nome/><cognome/><indirizzo/><cap/><citta/><provincia/></Raccomandata><Raccomandata><nome_file>038302600_57_589.pdf</nome_file><codice_raccomandata>685631985217</codice_raccomandata><data_esito>10/09/2021</data_esito><tipo_esito/><motivo_inesito/><campo_aggiuntivo/><nome/><cognome/><indirizzo/><cap/><citta/><provincia/></Raccomandata><Raccomandata><nome_file>038302600_57_592.pdf</nome_file><codice_raccomandata>685631986525</codice_raccomandata><data_esito>10/09/2021</data_esito><tipo_esito/><motivo_inesito/><campo_aggiuntivo/><nome/><cognome/><indirizzo/><cap/><citta/><provincia/></Raccomandata><Raccomandata><nome_file>038302600_57_595.pdf</nome_file><codice_raccomandata>685631986503</codice_raccomandata><data_esito>10/09/2021</data_esito><tipo_esito/><motivo_inesito/><campo_aggiuntivo/><nome/><cognome/><indirizzo/><cap/><citta/><provincia/></Raccomandata><Raccomandata><nome_file>038302600_57_598.pdf</nome_file><codice_raccomandata>685631985730</codice_raccomandata><data_esito>10/09/2021</data_esito><tipo_esito/><motivo_inesito/><campo_aggiuntivo/><nome/><cognome/><indirizzo/><cap/><citta/><provincia/></Raccomandata><Raccomandata><nome_file>038302600_57_601.pdf</nome_file><codice_raccomandata>685631981985</codice_raccomandata><data_esito>10/09/2021</data_esito><tipo_esito/><motivo_inesito/><campo_aggiuntivo/><nome/><cognome/><indirizzo/><cap/><citta/><provincia/></Raccomandata><Raccomandata><nome_file>038302600_57_604.pdf</nome_file><codice_raccomandata>685631982086</codice_raccomandata><data_esito>10/09/2021</data_esito><tipo_esito/><motivo_inesito/><campo_aggiuntivo/><nome/><cognome/><indirizzo/><cap/><citta/><provincia/></Raccomandata><Raccomandata><nome_file>038302600_57_607.pdf</nome_file><codice_raccomandata>685631982097</codice_raccomandata><data_esito>10/09/2021</data_esito><tipo_esito/><motivo_inesito/><campo_aggiuntivo/><nome/><cognome/><indirizzo/><cap/><citta/><provincia/></Raccomandata><Raccomandata><nome_file>038302600_57_610.pdf</nome_file><codice_raccomandata>685631987470</codice_raccomandata><data_esito>10/09/2021</data_esito><tipo_esito/><motivo_inesito/><campo_aggiuntivo/><nome/><cognome/><indirizzo/><cap/><citta/><provincia/></Raccomandata><Raccomandata><nome_file>038302600_57_613.pdf</nome_file><codice_raccomandata>685631986979</codice_raccomandata><data_esito>10/09/2021</data_esito><tipo_esito/><motivo_inesito/><campo_aggiuntivo/><nome/><cognome/><indirizzo/><cap/><citta/><provincia/></Raccomandata><Raccomandata><nome_file>038302600_57_616.pdf</nome_file><codice_raccomandata>685631982075</codice_raccomandata><data_esito>10/09/2021</data_esito><tipo_esito/><motivo_inesito/><campo_aggiuntivo/><nome/><cognome/><indirizzo/><cap/><citta/><provincia/></Raccomandata><Raccomandata><nome_file>038302600_57_619.pdf</nome_file><codice_raccomandata>685631982486</codice_raccomandata><data_esito>10/09/2021</data_esito><tipo_esito/><motivo_inesito/><campo_aggiuntivo/><nome/><cognome/><indirizzo/><cap/><citta/><provincia/></Raccomandata><Raccomandata><nome_file>038302600_57_622.pdf</nome_file><codice_raccomandata>685631987413</codice_raccomandata><data_esito>10/09/2021</data_esito><tipo_esito/><motivo_inesito/><campo_aggiuntivo/><nome/><cognome/><indirizzo/><cap/><citta/><provincia/></Raccomandata><Raccomandata><nome_file>038302600_57_625.pdf</nome_file><codice_raccomandata>685631985411</codice_raccomandata><data_esito>10/09/2021</data_esito><tipo_esito/><motivo_inesito/><campo_aggiuntivo/><nome/><cognome/><indirizzo/><cap/><citta/><provincia/></Raccomandata><Raccomandata><nome_file>038302600_57_628.pdf</nome_file><codice_raccomandata>685631985683</codice_raccomandata><data_esito>10/09/2021</data_esito><tipo_esito/><motivo_inesito/><campo_aggiuntivo/><nome/><cognome/><indirizzo/><cap/><citta/><provincia/></Raccomandata><Raccomandata><nome_file>038302600_57_631.pdf</nome_file><codice_raccomandata>685631988061</codice_raccomandata><data_esito>10/09/2021</data_esito><tipo_esito/><motivo_inesito/><campo_aggiuntivo/><nome/><cognome/><indirizzo/><cap/><citta/><provincia/></Raccomandata><Raccomandata><nome_file>038302600_57_634.pdf</nome_file><codice_raccomandata>685631986616</codice_raccomandata><data_esito>10/09/2021</data_esito><tipo_esito/><motivo_inesito/><campo_aggiuntivo/><nome/><cognome/><indirizzo/><cap/><citta/><provincia/></Raccomandata><Raccomandata><nome_file>038302600_57_637.pdf</nome_file><codice_raccomandata>685631987743</codice_raccomandata><data_esito>10/09/2021</data_esito><tipo_esito/><motivo_inesito/><campo_aggiuntivo/><nome/><cognome/><indirizzo/><cap/><citta/><provincia/></Raccomandata><Raccomandata><nome_file>038302600_57_640.pdf</nome_file><codice_raccomandata>685631987150</codice_raccomandata><data_esito>11/09/2021</data_esito><tipo_esito/><motivo_inesito/><campo_aggiuntivo/><nome/><cognome/><indirizzo/><cap/><citta/><provincia/></Raccomandata><Raccomandata><nome_file>038302600_57_643.pdf</nome_file><codice_raccomandata>685631987765</codice_raccomandata><data_esito>10/09/2021</data_esito><tipo_esito/><motivo_inesito/><campo_aggiuntivo/><nome/><cognome/><indirizzo/><cap/><citta/><provincia/></Raccomandata><Raccomandata><nome_file>038302600_57_646.pdf</nome_file><codice_raccomandata>685631984864</codice_raccomandata><data_esito>10/09/2021</data_esito><tipo_esito/><motivo_inesito/><campo_aggiuntivo/><nome/><cognome/><indirizzo/><cap/><citta/><provincia/></Raccomandata><Raccomandata><nome_file>038302600_57_649.pdf</nome_file><codice_raccomandata>685631987036</codice_raccomandata><data_esito>10/09/2021</data_esito><tipo_esito/><motivo_inesito/><campo_aggiuntivo/><nome/><cognome/><indirizzo/><cap/><citta/><provincia/></Raccomandata><Raccomandata><nome_file>038302600_57_652.pdf</nome_file><codice_raccomandata>685631986605</codice_raccomandata><data_esito>10/09/2021</data_esito><tipo_esito/><motivo_inesito/><campo_aggiuntivo/><nome/><cognome/><indirizzo/><cap/><citta/><provincia/></Raccomandata><Raccomandata><nome_file>038302600_57_655.pdf</nome_file><codice_raccomandata>685631982929</codice_raccomandata><data_esito>10/09/2021</data_esito><tipo_esito/><motivo_inesito/><campo_aggiuntivo/><nome/><cognome/><indirizzo/><cap/><citta/><provincia/></Raccomandata><Raccomandata><nome_file>038302600_57_658.pdf</nome_file><codice_raccomandata>685631988517</codice_raccomandata><data_esito>10/09/2021</data_esito><tipo_esito/><motivo_inesito/><campo_aggiuntivo/><nome/><cognome/><indirizzo/><cap/><citta/><provincia/></Raccomandata><Raccomandata><nome_file>038302600_57_661.pdf</nome_file><codice_raccomandata>685631987572</codice_raccomandata><data_esito>10/09/2021</data_esito><tipo_esito/><motivo_inesito/><campo_aggiuntivo/><nome/><cognome/><indirizzo/><cap/><citta/><provincia/></Raccomandata><Raccomandata><nome_file>038302600_57_664.pdf</nome_file><codice_raccomandata>685631985342</codice_raccomandata><data_esito>11/09/2021</data_esito><tipo_esito/><motivo_inesito/><campo_aggiuntivo/><nome/><cognome/><indirizzo/><cap/><citta/><provincia/></Raccomandata><Raccomandata><nome_file>038302600_57_667.pdf</nome_file><codice_raccomandata>685631982064</codice_raccomandata><data_esito>10/09/2021</data_esito><tipo_esito/><motivo_inesito/><campo_aggiuntivo/><nome/><cognome/><indirizzo/><cap/><citta/><provincia/></Raccomandata><Raccomandata><nome_file>038302600_57_670.pdf</nome_file><codice_raccomandata>685631993967</codice_raccomandata><data_esito>10/09/2021</data_esito><tipo_esito/><motivo_inesito/><campo_aggiuntivo/><nome/><cognome/><indirizzo/><cap/><citta/><provincia/></Raccomandata><Raccomandata><nome_file>038302600_57_673.pdf</nome_file><codice_raccomandata>685631989927</codice_raccomandata><data_esito>10/09/2021</data_esito><tipo_esito/><motivo_inesito/><campo_aggiuntivo/><nome/><cognome/><indirizzo/><cap/><citta/><provincia/></Raccomandata><Raccomandata><nome_file>038302600_57_676.pdf</nome_file><codice_raccomandata>685631996540</codice_raccomandata><data_esito>10/09/2021</data_esito><tipo_esito/><motivo_inesito/><campo_aggiuntivo/><nome/><cognome/><indirizzo/><cap/><citta/><provincia/></Raccomandata><Raccomandata><nome_file>038302600_57_679.pdf</nome_file><codice_raccomandata>685631993728</codice_raccomandata><data_esito>10/09/2021</data_esito><tipo_esito/><motivo_inesito/><campo_aggiuntivo/><nome/><cognome/><indirizzo/><cap/><citta/><provincia/></Raccomandata><Raccomandata><nome_file>038302600_57_682.pdf</nome_file><codice_raccomandata>685631996562</codice_raccomandata><data_esito>10/09/2021</data_esito><tipo_esito/><motivo_inesito/><campo_aggiuntivo/><nome/><cognome/><indirizzo/><cap/><citta/><provincia/></Raccomandata><Raccomandata><nome_file>038302600_57_685.pdf</nome_file><codice_raccomandata>685631994079</codice_raccomandata><data_esito>10/09/2021</data_esito><tipo_esito/><motivo_inesito/><campo_aggiuntivo/><nome/><cognome/><indirizzo/><cap/><citta/><provincia/></Raccomandata><Raccomandata><nome_file>038302600_57_688.pdf</nome_file><codice_raccomandata>685631987710</codice_raccomandata><data_esito>11/09/2021</data_esito><tipo_esito/><motivo_inesito/><campo_aggiuntivo/><nome/><cognome/><indirizzo/><cap/><citta/><provincia/></Raccomandata><Raccomandata><nome_file>038302600_57_691.pdf</nome_file><codice_raccomandata>685631986888</codice_raccomandata><data_esito>10/09/2021</data_esito><tipo_esito/><motivo_inesito/><campo_aggiuntivo/><nome/><cognome/><indirizzo/><cap/><citta/><provincia/></Raccomandata><Raccomandata><nome_file>038302600_57_694.pdf</nome_file><codice_raccomandata>685631986582</codice_raccomandata><data_esito>10/09/2021</data_esito><tipo_esito/><motivo_inesito/><campo_aggiuntivo/><nome/><cognome/><indirizzo/><cap/><citta/><provincia/></Raccomandata></Spedizione>
