<Spedizione Cliente="Z0088629" Archivio="IDF15090001_I.zip" Filename="IDF15090001_I.xml" NumeroRaccomandate="4"><Raccomandata><nome_file>038302900_57_7.pdf</nome_file><codice_raccomandata>685631983772</codice_raccomandata><data_esito/><tipo_esito/><motivo_inesito>07</motivo_inesito><campo_aggiuntivo/><nome/><cognome/><indirizzo/><cap/><citta/><provincia/></Raccomandata><Raccomandata><nome_file>038302900_57_10.pdf</nome_file><codice_raccomandata>685631983750</codice_raccomandata><data_esito/><tipo_esito/><motivo_inesito>07</motivo_inesito><campo_aggiuntivo/><nome/><cognome/><indirizzo/><cap/><citta/><provincia/></Raccomandata><Raccomandata><nome_file>038302900_57_13.pdf</nome_file><codice_raccomandata>685631996197</codice_raccomandata><data_esito/><tipo_esito/><motivo_inesito>07</motivo_inesito><campo_aggiuntivo/><nome/><cognome/><indirizzo/><cap/><citta/><provincia/></Raccomandata><Raccomandata><nome_file>038302900_57_16.pdf</nome_file><codice_raccomandata>685631993832</codice_raccomandata><data_esito/><tipo_esito/><motivo_inesito>07</motivo_inesito><campo_aggiuntivo/><nome/><cognome/><indirizzo/><cap/><citta/><provincia/></Raccomandata></Spedizione>
