<Spedizione Cliente="Z0088629" Archivio="IDF1508000F_E.zip" Filename="IDF1508000F_E.xml" NumeroRaccomandate="174"><Raccomandata><nome_file>040029200_57_7.pdf</nome_file><codice_raccomandata>685632367243</codice_raccomandata><data_esito>20/11/2021</data_esito><tipo_esito/><motivo_inesito/><campo_aggiuntivo/><nome/><cognome/><indirizzo/><cap/><citta/><provincia/></Raccomandata><Raccomandata><nome_file>040029200_57_10.pdf</nome_file><codice_raccomandata>685632384541</codice_raccomandata><data_esito>24/11/2021</data_esito><tipo_esito/><motivo_inesito/><campo_aggiuntivo/><nome/><cognome/><indirizzo/><cap/><citta/><provincia/></Raccomandata><Raccomandata><nome_file>040029200_57_13.pdf</nome_file><codice_raccomandata>685632366914</codice_raccomandata><data_esito>20/11/2021</data_esito><tipo_esito/><motivo_inesito/><campo_aggiuntivo/><nome/><cognome/><indirizzo/><cap/><citta/><provincia/></Raccomandata><Raccomandata><nome_file>040029200_57_16.pdf</nome_file><codice_raccomandata>685632380034</codice_raccomandata><data_esito>24/11/2021</data_esito><tipo_esito/><motivo_inesito/><campo_aggiuntivo/><nome/><cognome/><indirizzo/><cap/><citta/><provincia/></Raccomandata><Raccomandata><nome_file>040029200_57_19.pdf</nome_file><codice_raccomandata>685632392552</codice_raccomandata><data_esito>19/11/2021</data_esito><tipo_esito/><motivo_inesito/><campo_aggiuntivo/><nome/><cognome/><indirizzo/><cap/><citta/><provincia/></Raccomandata><Raccomandata><nome_file>040029200_57_22.pdf</nome_file><codice_raccomandata>685632382220</codice_raccomandata><data_esito>21/11/2021</data_esito><tipo_esito/><motivo_inesito/><campo_aggiuntivo/><nome/><cognome/><indirizzo/><cap/><citta/><provincia/></Raccomandata><Raccomandata><nome_file>040029200_57_25.pdf</nome_file><codice_raccomandata>685632363728</codice_raccomandata><data_esito>15/11/2021</data_esito><tipo_esito/><motivo_inesito/><campo_aggiuntivo/><nome/><cognome/><indirizzo/><cap/><citta/><provincia/></Raccomandata><Raccomandata><nome_file>040029200_57_28.pdf</nome_file><codice_raccomandata>685632384530</codice_raccomandata><data_esito>16/11/2021</data_esito><tipo_esito/><motivo_inesito/><campo_aggiuntivo/><nome/><cognome/><indirizzo/><cap/><citta/><provincia/></Raccomandata><Raccomandata><nome_file>040029200_57_31.pdf</nome_file><codice_raccomandata>685632386305</codice_raccomandata><data_esito>15/11/2021</data_esito><tipo_esito/><motivo_inesito/><campo_aggiuntivo/><nome/><cognome/><indirizzo/><cap/><citta/><provincia/></Raccomandata><Raccomandata><nome_file>040029200_57_34.pdf</nome_file><codice_raccomandata>685632393121</codice_raccomandata><data_esito>15/11/2021</data_esito><tipo_esito/><motivo_inesito/><campo_aggiuntivo/><nome/><cognome/><indirizzo/><cap/><citta/><provincia/></Raccomandata><Raccomandata><nome_file>040029200_57_37.pdf</nome_file><codice_raccomandata>685632382254</codice_raccomandata><data_esito>19/11/2021</data_esito><tipo_esito/><motivo_inesito/><campo_aggiuntivo/><nome/><cognome/><indirizzo/><cap/><citta/><provincia/></Raccomandata><Raccomandata><nome_file>040029200_57_40.pdf</nome_file><codice_raccomandata>685632368142</codice_raccomandata><data_esito>15/11/2021</data_esito><tipo_esito/><motivo_inesito/><campo_aggiuntivo/><nome/><cognome/><indirizzo/><cap/><citta/><provincia/></Raccomandata><Raccomandata><nome_file>040029200_57_43.pdf</nome_file><codice_raccomandata>685632389353</codice_raccomandata><data_esito>15/11/2021</data_esito><tipo_esito/><motivo_inesito/><campo_aggiuntivo/><nome/><cognome/><indirizzo/><cap/><citta/><provincia/></Raccomandata><Raccomandata><nome_file>040029200_57_46.pdf</nome_file><codice_raccomandata>685632380901</codice_raccomandata><data_esito>15/11/2021</data_esito><tipo_esito/><motivo_inesito/><campo_aggiuntivo/><nome/><cognome/><indirizzo/><cap/><citta/><provincia/></Raccomandata><Raccomandata><nome_file>040029200_57_49.pdf</nome_file><codice_raccomandata>685632382583</codice_raccomandata><data_esito>15/11/2021</data_esito><tipo_esito/><motivo_inesito/><campo_aggiuntivo/><nome/><cognome/><indirizzo/><cap/><citta/><provincia/></Raccomandata><Raccomandata><nome_file>040029200_57_52.pdf</nome_file><codice_raccomandata>685632384325</codice_raccomandata><data_esito>13/11/2021</data_esito><tipo_esito/><motivo_inesito/><campo_aggiuntivo/><nome/><cognome/><indirizzo/><cap/><citta/><provincia/></Raccomandata><Raccomandata><nome_file>040029200_57_55.pdf</nome_file><codice_raccomandata>685632280249</codice_raccomandata><data_esito>05/11/2021</data_esito><tipo_esito/><motivo_inesito/><campo_aggiuntivo/><nome/><cognome/><indirizzo/><cap/><citta/><provincia/></Raccomandata><Raccomandata><nome_file>040029200_57_58.pdf</nome_file><codice_raccomandata>685632366936</codice_raccomandata><data_esito>15/11/2021</data_esito><tipo_esito/><motivo_inesito/><campo_aggiuntivo/><nome/><cognome/><indirizzo/><cap/><citta/><provincia/></Raccomandata><Raccomandata><nome_file>040029200_57_61.pdf</nome_file><codice_raccomandata>685632388875</codice_raccomandata><data_esito>15/11/2021</data_esito><tipo_esito/><motivo_inesito/><campo_aggiuntivo/><nome/><cognome/><indirizzo/><cap/><citta/><provincia/></Raccomandata><Raccomandata><nome_file>040029200_57_64.pdf</nome_file><codice_raccomandata>685632382504</codice_raccomandata><data_esito>15/11/2021</data_esito><tipo_esito/><motivo_inesito/><campo_aggiuntivo/><nome/><cognome/><indirizzo/><cap/><citta/><provincia/></Raccomandata><Raccomandata><nome_file>040029200_57_67.pdf</nome_file><codice_raccomandata>685632392506</codice_raccomandata><data_esito>15/11/2021</data_esito><tipo_esito/><motivo_inesito/><campo_aggiuntivo/><nome/><cognome/><indirizzo/><cap/><citta/><provincia/></Raccomandata><Raccomandata><nome_file>040029200_57_70.pdf</nome_file><codice_raccomandata>685632380763</codice_raccomandata><data_esito>23/11/2021</data_esito><tipo_esito/><motivo_inesito/><campo_aggiuntivo/><nome/><cognome/><indirizzo/><cap/><citta/><provincia/></Raccomandata><Raccomandata><nome_file>040029200_57_73.pdf</nome_file><codice_raccomandata>685632388044</codice_raccomandata><data_esito>19/11/2021</data_esito><tipo_esito/><motivo_inesito/><campo_aggiuntivo/><nome/><cognome/><indirizzo/><cap/><citta/><provincia/></Raccomandata><Raccomandata><nome_file>040029200_57_76.pdf</nome_file><codice_raccomandata>685632367391</codice_raccomandata><data_esito>20/11/2021</data_esito><tipo_esito/><motivo_inesito/><campo_aggiuntivo/><nome/><cognome/><indirizzo/><cap/><citta/><provincia/></Raccomandata><Raccomandata><nome_file>040029200_57_79.pdf</nome_file><codice_raccomandata>685632368244</codice_raccomandata><data_esito>20/11/2021</data_esito><tipo_esito/><motivo_inesito/><campo_aggiuntivo/><nome/><cognome/><indirizzo/><cap/><citta/><provincia/></Raccomandata><Raccomandata><nome_file>040029200_57_82.pdf</nome_file><codice_raccomandata>685632367790</codice_raccomandata><data_esito>18/11/2021</data_esito><tipo_esito/><motivo_inesito/><campo_aggiuntivo/><nome/><cognome/><indirizzo/><cap/><citta/><provincia/></Raccomandata><Raccomandata><nome_file>040029200_57_85.pdf</nome_file><codice_raccomandata>685632367675</codice_raccomandata><data_esito>19/11/2021</data_esito><tipo_esito/><motivo_inesito/><campo_aggiuntivo/><nome/><cognome/><indirizzo/><cap/><citta/><provincia/></Raccomandata><Raccomandata><nome_file>040029200_57_88.pdf</nome_file><codice_raccomandata>685632387522</codice_raccomandata><data_esito>20/11/2021</data_esito><tipo_esito/><motivo_inesito/><campo_aggiuntivo/><nome/><cognome/><indirizzo/><cap/><citta/><provincia/></Raccomandata><Raccomandata><nome_file>040029200_57_91.pdf</nome_file><codice_raccomandata>685632367584</codice_raccomandata><data_esito>19/11/2021</data_esito><tipo_esito/><motivo_inesito/><campo_aggiuntivo/><nome/><cognome/><indirizzo/><cap/><citta/><provincia/></Raccomandata><Raccomandata><nome_file>040029200_57_94.pdf</nome_file><codice_raccomandata>685632380683</codice_raccomandata><data_esito>19/11/2021</data_esito><tipo_esito/><motivo_inesito/><campo_aggiuntivo/><nome/><cognome/><indirizzo/><cap/><citta/><provincia/></Raccomandata><Raccomandata><nome_file>040029200_57_97.pdf</nome_file><codice_raccomandata>685632385859</codice_raccomandata><data_esito>24/11/2021</data_esito><tipo_esito/><motivo_inesito/><campo_aggiuntivo/><nome/><cognome/><indirizzo/><cap/><citta/><provincia/></Raccomandata><Raccomandata><nome_file>040029200_57_100.pdf</nome_file><codice_raccomandata>685632392369</codice_raccomandata><data_esito>20/11/2021</data_esito><tipo_esito/><motivo_inesito/><campo_aggiuntivo/><nome/><cognome/><indirizzo/><cap/><citta/><provincia/></Raccomandata><Raccomandata><nome_file>040029200_57_103.pdf</nome_file><codice_raccomandata>685632382743</codice_raccomandata><data_esito>23/11/2021</data_esito><tipo_esito/><motivo_inesito/><campo_aggiuntivo/><nome/><cognome/><indirizzo/><cap/><citta/><provincia/></Raccomandata><Raccomandata><nome_file>040029200_57_106.pdf</nome_file><codice_raccomandata>685632398025</codice_raccomandata><data_esito>24/11/2021</data_esito><tipo_esito/><motivo_inesito/><campo_aggiuntivo/><nome/><cognome/><indirizzo/><cap/><citta/><provincia/></Raccomandata><Raccomandata><nome_file>040029200_57_109.pdf</nome_file><codice_raccomandata>685632394736</codice_raccomandata><data_esito>16/11/2021</data_esito><tipo_esito/><motivo_inesito/><campo_aggiuntivo/><nome/><cognome/><indirizzo/><cap/><citta/><provincia/></Raccomandata><Raccomandata><nome_file>040029200_57_112.pdf</nome_file><codice_raccomandata>685632391799</codice_raccomandata><data_esito>16/11/2021</data_esito><tipo_esito/><motivo_inesito/><campo_aggiuntivo/><nome/><cognome/><indirizzo/><cap/><citta/><provincia/></Raccomandata><Raccomandata><nome_file>040029200_57_115.pdf</nome_file><codice_raccomandata>685632392632</codice_raccomandata><data_esito>18/11/2021</data_esito><tipo_esito/><motivo_inesito/><campo_aggiuntivo/><nome/><cognome/><indirizzo/><cap/><citta/><provincia/></Raccomandata><Raccomandata><nome_file>040029200_57_118.pdf</nome_file><codice_raccomandata>685632382765</codice_raccomandata><data_esito>18/11/2021</data_esito><tipo_esito/><motivo_inesito/><campo_aggiuntivo/><nome/><cognome/><indirizzo/><cap/><citta/><provincia/></Raccomandata><Raccomandata><nome_file>040029200_57_121.pdf</nome_file><codice_raccomandata>685632390025</codice_raccomandata><data_esito>18/11/2021</data_esito><tipo_esito/><motivo_inesito/><campo_aggiuntivo/><nome/><cognome/><indirizzo/><cap/><citta/><provincia/></Raccomandata><Raccomandata><nome_file>040029200_57_124.pdf</nome_file><codice_raccomandata>685632385542</codice_raccomandata><data_esito>16/11/2021</data_esito><tipo_esito/><motivo_inesito/><campo_aggiuntivo/><nome/><cognome/><indirizzo/><cap/><citta/><provincia/></Raccomandata><Raccomandata><nome_file>040029200_57_127.pdf</nome_file><codice_raccomandata>685632383619</codice_raccomandata><data_esito>16/11/2021</data_esito><tipo_esito/><motivo_inesito/><campo_aggiuntivo/><nome/><cognome/><indirizzo/><cap/><citta/><provincia/></Raccomandata><Raccomandata><nome_file>040029200_57_130.pdf</nome_file><codice_raccomandata>685632363751</codice_raccomandata><data_esito>17/11/2021</data_esito><tipo_esito/><motivo_inesito/><campo_aggiuntivo/><nome/><cognome/><indirizzo/><cap/><citta/><provincia/></Raccomandata><Raccomandata><nome_file>040029200_57_133.pdf</nome_file><codice_raccomandata>685632381024</codice_raccomandata><data_esito>15/11/2021</data_esito><tipo_esito/><motivo_inesito/><campo_aggiuntivo/><nome/><cognome/><indirizzo/><cap/><citta/><provincia/></Raccomandata><Raccomandata><nome_file>040029200_57_136.pdf</nome_file><codice_raccomandata>685632395839</codice_raccomandata><data_esito>19/11/2021</data_esito><tipo_esito/><motivo_inesito/><campo_aggiuntivo/><nome/><cognome/><indirizzo/><cap/><citta/><provincia/></Raccomandata><Raccomandata><nome_file>040029200_57_139.pdf</nome_file><codice_raccomandata>685632392938</codice_raccomandata><data_esito>18/11/2021</data_esito><tipo_esito/><motivo_inesito/><campo_aggiuntivo/><nome/><cognome/><indirizzo/><cap/><citta/><provincia/></Raccomandata><Raccomandata><nome_file>040029200_57_142.pdf</nome_file><codice_raccomandata>685632367357</codice_raccomandata><data_esito>17/11/2021</data_esito><tipo_esito/><motivo_inesito/><campo_aggiuntivo/><nome/><cognome/><indirizzo/><cap/><citta/><provincia/></Raccomandata><Raccomandata><nome_file>040029200_57_145.pdf</nome_file><codice_raccomandata>685632392905</codice_raccomandata><data_esito>18/11/2021</data_esito><tipo_esito/><motivo_inesito/><campo_aggiuntivo/><nome/><cognome/><indirizzo/><cap/><citta/><provincia/></Raccomandata><Raccomandata><nome_file>040029200_57_148.pdf</nome_file><codice_raccomandata>685632389433</codice_raccomandata><data_esito>18/11/2021</data_esito><tipo_esito/><motivo_inesito/><campo_aggiuntivo/><nome/><cognome/><indirizzo/><cap/><citta/><provincia/></Raccomandata><Raccomandata><nome_file>040029200_57_151.pdf</nome_file><codice_raccomandata>685632367733</codice_raccomandata><data_esito>17/11/2021</data_esito><tipo_esito/><motivo_inesito/><campo_aggiuntivo/><nome/><cognome/><indirizzo/><cap/><citta/><provincia/></Raccomandata><Raccomandata><nome_file>040029200_57_154.pdf</nome_file><codice_raccomandata>685632367802</codice_raccomandata><data_esito>17/11/2021</data_esito><tipo_esito/><motivo_inesito/><campo_aggiuntivo/><nome/><cognome/><indirizzo/><cap/><citta/><provincia/></Raccomandata><Raccomandata><nome_file>040029200_57_157.pdf</nome_file><codice_raccomandata>685632388477</codice_raccomandata><data_esito>17/11/2021</data_esito><tipo_esito/><motivo_inesito/><campo_aggiuntivo/><nome/><cognome/><indirizzo/><cap/><citta/><provincia/></Raccomandata><Raccomandata><nome_file>040029200_57_160.pdf</nome_file><codice_raccomandata>685632367824</codice_raccomandata><data_esito>17/11/2021</data_esito><tipo_esito/><motivo_inesito/><campo_aggiuntivo/><nome/><cognome/><indirizzo/><cap/><citta/><provincia/></Raccomandata><Raccomandata><nome_file>040029200_57_163.pdf</nome_file><codice_raccomandata>685632397626</codice_raccomandata><data_esito>18/11/2021</data_esito><tipo_esito/><motivo_inesito/><campo_aggiuntivo/><nome/><cognome/><indirizzo/><cap/><citta/><provincia/></Raccomandata><Raccomandata><nome_file>040029200_57_166.pdf</nome_file><codice_raccomandata>685632367881</codice_raccomandata><data_esito>16/11/2021</data_esito><tipo_esito/><motivo_inesito/><campo_aggiuntivo/><nome/><cognome/><indirizzo/><cap/><citta/><provincia/></Raccomandata><Raccomandata><nome_file>040029200_57_169.pdf</nome_file><codice_raccomandata>685632380661</codice_raccomandata><data_esito>16/11/2021</data_esito><tipo_esito/><motivo_inesito/><campo_aggiuntivo/><nome/><cognome/><indirizzo/><cap/><citta/><provincia/></Raccomandata><Raccomandata><nome_file>040029200_57_172.pdf</nome_file><codice_raccomandata>685632367846</codice_raccomandata><data_esito>16/11/2021</data_esito><tipo_esito/><motivo_inesito/><campo_aggiuntivo/><nome/><cognome/><indirizzo/><cap/><citta/><provincia/></Raccomandata><Raccomandata><nome_file>040029200_57_175.pdf</nome_file><codice_raccomandata>685632385119</codice_raccomandata><data_esito>16/11/2021</data_esito><tipo_esito/><motivo_inesito/><campo_aggiuntivo/><nome/><cognome/><indirizzo/><cap/><citta/><provincia/></Raccomandata><Raccomandata><nome_file>040029200_57_178.pdf</nome_file><codice_raccomandata>685632367711</codice_raccomandata><data_esito>16/11/2021</data_esito><tipo_esito/><motivo_inesito/><campo_aggiuntivo/><nome/><cognome/><indirizzo/><cap/><citta/><provincia/></Raccomandata><Raccomandata><nome_file>040029200_57_181.pdf</nome_file><codice_raccomandata>685632388318</codice_raccomandata><data_esito>16/11/2021</data_esito><tipo_esito/><motivo_inesito/><campo_aggiuntivo/><nome/><cognome/><indirizzo/><cap/><citta/><provincia/></Raccomandata><Raccomandata><nome_file>040029200_57_184.pdf</nome_file><codice_raccomandata>685632367540</codice_raccomandata><data_esito>16/11/2021</data_esito><tipo_esito/><motivo_inesito/><campo_aggiuntivo/><nome/><cognome/><indirizzo/><cap/><citta/><provincia/></Raccomandata><Raccomandata><nome_file>040029200_57_187.pdf</nome_file><codice_raccomandata>685632390447</codice_raccomandata><data_esito>16/11/2021</data_esito><tipo_esito/><motivo_inesito/><campo_aggiuntivo/><nome/><cognome/><indirizzo/><cap/><citta/><provincia/></Raccomandata><Raccomandata><nome_file>040029200_57_190.pdf</nome_file><codice_raccomandata>685632388192</codice_raccomandata><data_esito>18/11/2021</data_esito><tipo_esito/><motivo_inesito/><campo_aggiuntivo/><nome/><cognome/><indirizzo/><cap/><citta/><provincia/></Raccomandata><Raccomandata><nome_file>040029200_57_193.pdf</nome_file><codice_raccomandata>685632397126</codice_raccomandata><data_esito>15/11/2021</data_esito><tipo_esito/><motivo_inesito/><campo_aggiuntivo/><nome/><cognome/><indirizzo/><cap/><citta/><provincia/></Raccomandata><Raccomandata><nome_file>040029200_57_196.pdf</nome_file><codice_raccomandata>685632393348</codice_raccomandata><data_esito>15/11/2021</data_esito><tipo_esito/><motivo_inesito/><campo_aggiuntivo/><nome/><cognome/><indirizzo/><cap/><citta/><provincia/></Raccomandata><Raccomandata><nome_file>040029200_57_199.pdf</nome_file><codice_raccomandata>685632392278</codice_raccomandata><data_esito>15/11/2021</data_esito><tipo_esito/><motivo_inesito/><campo_aggiuntivo/><nome/><cognome/><indirizzo/><cap/><citta/><provincia/></Raccomandata><Raccomandata><nome_file>040029200_57_202.pdf</nome_file><codice_raccomandata>685632396978</codice_raccomandata><data_esito>15/11/2021</data_esito><tipo_esito/><motivo_inesito/><campo_aggiuntivo/><nome/><cognome/><indirizzo/><cap/><citta/><provincia/></Raccomandata><Raccomandata><nome_file>040029200_57_205.pdf</nome_file><codice_raccomandata>685632367551</codice_raccomandata><data_esito>16/11/2021</data_esito><tipo_esito/><motivo_inesito/><campo_aggiuntivo/><nome/><cognome/><indirizzo/><cap/><citta/><provincia/></Raccomandata><Raccomandata><nome_file>040029200_57_208.pdf</nome_file><codice_raccomandata>685632382424</codice_raccomandata><data_esito>19/11/2021</data_esito><tipo_esito/><motivo_inesito/><campo_aggiuntivo/><nome/><cognome/><indirizzo/><cap/><citta/><provincia/></Raccomandata><Raccomandata><nome_file>040029200_57_211.pdf</nome_file><codice_raccomandata>685632380821</codice_raccomandata><data_esito>19/11/2021</data_esito><tipo_esito/><motivo_inesito/><campo_aggiuntivo/><nome/><cognome/><indirizzo/><cap/><citta/><provincia/></Raccomandata><Raccomandata><nome_file>040029200_57_214.pdf</nome_file><codice_raccomandata>685632391437</codice_raccomandata><data_esito>15/11/2021</data_esito><tipo_esito/><motivo_inesito/><campo_aggiuntivo/><nome/><cognome/><indirizzo/><cap/><citta/><provincia/></Raccomandata><Raccomandata><nome_file>040029200_57_217.pdf</nome_file><codice_raccomandata>685632393006</codice_raccomandata><data_esito>17/11/2021</data_esito><tipo_esito/><motivo_inesito/><campo_aggiuntivo/><nome/><cognome/><indirizzo/><cap/><citta/><provincia/></Raccomandata><Raccomandata><nome_file>040029200_57_220.pdf</nome_file><codice_raccomandata>685632278850</codice_raccomandata><data_esito>17/11/2021</data_esito><tipo_esito/><motivo_inesito/><campo_aggiuntivo/><nome/><cognome/><indirizzo/><cap/><citta/><provincia/></Raccomandata><Raccomandata><nome_file>040029200_57_223.pdf</nome_file><codice_raccomandata>685632396556</codice_raccomandata><data_esito>15/11/2021</data_esito><tipo_esito/><motivo_inesito/><campo_aggiuntivo/><nome/><cognome/><indirizzo/><cap/><citta/><provincia/></Raccomandata><Raccomandata><nome_file>040029200_57_226.pdf</nome_file><codice_raccomandata>685632390208</codice_raccomandata><data_esito>16/11/2021</data_esito><tipo_esito/><motivo_inesito/><campo_aggiuntivo/><nome/><cognome/><indirizzo/><cap/><citta/><provincia/></Raccomandata><Raccomandata><nome_file>040029200_57_229.pdf</nome_file><codice_raccomandata>685632368039</codice_raccomandata><data_esito>16/11/2021</data_esito><tipo_esito/><motivo_inesito/><campo_aggiuntivo/><nome/><cognome/><indirizzo/><cap/><citta/><provincia/></Raccomandata><Raccomandata><nome_file>040029200_57_232.pdf</nome_file><codice_raccomandata>685632397843</codice_raccomandata><data_esito>19/11/2021</data_esito><tipo_esito/><motivo_inesito/><campo_aggiuntivo/><nome/><cognome/><indirizzo/><cap/><citta/><provincia/></Raccomandata><Raccomandata><nome_file>040029200_57_235.pdf</nome_file><codice_raccomandata>685632382515</codice_raccomandata><data_esito>17/11/2021</data_esito><tipo_esito/><motivo_inesito/><campo_aggiuntivo/><nome/><cognome/><indirizzo/><cap/><citta/><provincia/></Raccomandata><Raccomandata><nome_file>040029200_57_238.pdf</nome_file><codice_raccomandata>685632267297</codice_raccomandata><data_esito>06/11/2021</data_esito><tipo_esito/><motivo_inesito/><campo_aggiuntivo/><nome/><cognome/><indirizzo/><cap/><citta/><provincia/></Raccomandata><Raccomandata><nome_file>040029200_57_241.pdf</nome_file><codice_raccomandata>685632267047</codice_raccomandata><data_esito>16/11/2021</data_esito><tipo_esito/><motivo_inesito/><campo_aggiuntivo/><nome/><cognome/><indirizzo/><cap/><citta/><provincia/></Raccomandata><Raccomandata><nome_file>040029200_57_244.pdf</nome_file><codice_raccomandata>685632387032</codice_raccomandata><data_esito>19/11/2021</data_esito><tipo_esito/><motivo_inesito/><campo_aggiuntivo/><nome/><cognome/><indirizzo/><cap/><citta/><provincia/></Raccomandata><Raccomandata><nome_file>040029200_57_247.pdf</nome_file><codice_raccomandata>685632398138</codice_raccomandata><data_esito>15/11/2021</data_esito><tipo_esito/><motivo_inesito/><campo_aggiuntivo/><nome/><cognome/><indirizzo/><cap/><citta/><provincia/></Raccomandata><Raccomandata><nome_file>040029200_57_250.pdf</nome_file><codice_raccomandata>685632381002</codice_raccomandata><data_esito>16/11/2021</data_esito><tipo_esito/><motivo_inesito/><campo_aggiuntivo/><nome/><cognome/><indirizzo/><cap/><citta/><provincia/></Raccomandata><Raccomandata><nome_file>040029200_57_253.pdf</nome_file><codice_raccomandata>685632377154</codice_raccomandata><data_esito>15/11/2021</data_esito><tipo_esito/><motivo_inesito/><campo_aggiuntivo/><nome/><cognome/><indirizzo/><cap/><citta/><provincia/></Raccomandata><Raccomandata><nome_file>040029200_57_256.pdf</nome_file><codice_raccomandata>685632398343</codice_raccomandata><data_esito>16/11/2021</data_esito><tipo_esito/><motivo_inesito/><campo_aggiuntivo/><nome/><cognome/><indirizzo/><cap/><citta/><provincia/></Raccomandata><Raccomandata><nome_file>040029200_57_259.pdf</nome_file><codice_raccomandata>685632386189</codice_raccomandata><data_esito>15/11/2021</data_esito><tipo_esito/><motivo_inesito/><campo_aggiuntivo/><nome/><cognome/><indirizzo/><cap/><citta/><provincia/></Raccomandata><Raccomandata><nome_file>040029200_57_262.pdf</nome_file><codice_raccomandata>685632372249</codice_raccomandata><data_esito>15/11/2021</data_esito><tipo_esito/><motivo_inesito/><campo_aggiuntivo/><nome/><cognome/><indirizzo/><cap/><citta/><provincia/></Raccomandata><Raccomandata><nome_file>040029200_57_265.pdf</nome_file><codice_raccomandata>685632387157</codice_raccomandata><data_esito>15/11/2021</data_esito><tipo_esito/><motivo_inesito/><campo_aggiuntivo/><nome/><cognome/><indirizzo/><cap/><citta/><provincia/></Raccomandata><Raccomandata><nome_file>040029200_57_268.pdf</nome_file><codice_raccomandata>685632377348</codice_raccomandata><data_esito>28/11/2021</data_esito><tipo_esito/><motivo_inesito/><campo_aggiuntivo/><nome/><cognome/><indirizzo/><cap/><citta/><provincia/></Raccomandata><Raccomandata><nome_file>040029200_57_271.pdf</nome_file><codice_raccomandata>685632399572</codice_raccomandata><data_esito>15/11/2021</data_esito><tipo_esito/><motivo_inesito/><campo_aggiuntivo/><nome/><cognome/><indirizzo/><cap/><citta/><provincia/></Raccomandata><Raccomandata><nome_file>040029200_57_274.pdf</nome_file><codice_raccomandata>685632394122</codice_raccomandata><data_esito>15/11/2021</data_esito><tipo_esito/><motivo_inesito/><campo_aggiuntivo/><nome/><cognome/><indirizzo/><cap/><citta/><provincia/></Raccomandata><Raccomandata><nome_file>040029200_57_277.pdf</nome_file><codice_raccomandata>685632399413</codice_raccomandata><data_esito>15/11/2021</data_esito><tipo_esito/><motivo_inesito/><campo_aggiuntivo/><nome/><cognome/><indirizzo/><cap/><citta/><provincia/></Raccomandata><Raccomandata><nome_file>040029200_57_280.pdf</nome_file><codice_raccomandata>685632377085</codice_raccomandata><data_esito>16/11/2021</data_esito><tipo_esito/><motivo_inesito/><campo_aggiuntivo/><nome/><cognome/><indirizzo/><cap/><citta/><provincia/></Raccomandata><Raccomandata><nome_file>040029200_57_283.pdf</nome_file><codice_raccomandata>685632394474</codice_raccomandata><data_esito>15/11/2021</data_esito><tipo_esito/><motivo_inesito/><campo_aggiuntivo/><nome/><cognome/><indirizzo/><cap/><citta/><provincia/></Raccomandata><Raccomandata><nome_file>040029200_57_286.pdf</nome_file><codice_raccomandata>685632391744</codice_raccomandata><data_esito>15/11/2021</data_esito><tipo_esito/><motivo_inesito/><campo_aggiuntivo/><nome/><cognome/><indirizzo/><cap/><citta/><provincia/></Raccomandata><Raccomandata><nome_file>040029200_57_289.pdf</nome_file><codice_raccomandata>685632398525</codice_raccomandata><data_esito>15/11/2021</data_esito><tipo_esito/><motivo_inesito/><campo_aggiuntivo/><nome/><cognome/><indirizzo/><cap/><citta/><provincia/></Raccomandata><Raccomandata><nome_file>040029200_57_292.pdf</nome_file><codice_raccomandata>685632361919</codice_raccomandata><data_esito>15/11/2021</data_esito><tipo_esito/><motivo_inesito/><campo_aggiuntivo/><nome/><cognome/><indirizzo/><cap/><citta/><provincia/></Raccomandata><Raccomandata><nome_file>040029200_57_295.pdf</nome_file><codice_raccomandata>685632397694</codice_raccomandata><data_esito>15/11/2021</data_esito><tipo_esito/><motivo_inesito/><campo_aggiuntivo/><nome/><cognome/><indirizzo/><cap/><citta/><provincia/></Raccomandata><Raccomandata><nome_file>040029200_57_298.pdf</nome_file><codice_raccomandata>685632384095</codice_raccomandata><data_esito>15/11/2021</data_esito><tipo_esito/><motivo_inesito/><campo_aggiuntivo/><nome/><cognome/><indirizzo/><cap/><citta/><provincia/></Raccomandata><Raccomandata><nome_file>040029200_57_301.pdf</nome_file><codice_raccomandata>685632383879</codice_raccomandata><data_esito>15/11/2021</data_esito><tipo_esito/><motivo_inesito/><campo_aggiuntivo/><nome/><cognome/><indirizzo/><cap/><citta/><provincia/></Raccomandata><Raccomandata><nome_file>040029200_57_304.pdf</nome_file><codice_raccomandata>685632396921</codice_raccomandata><data_esito>15/11/2021</data_esito><tipo_esito/><motivo_inesito/><campo_aggiuntivo/><nome/><cognome/><indirizzo/><cap/><citta/><provincia/></Raccomandata><Raccomandata><nome_file>040029200_57_307.pdf</nome_file><codice_raccomandata>685632382527</codice_raccomandata><data_esito>15/11/2021</data_esito><tipo_esito/><motivo_inesito/><campo_aggiuntivo/><nome/><cognome/><indirizzo/><cap/><citta/><provincia/></Raccomandata><Raccomandata><nome_file>040029200_57_310.pdf</nome_file><codice_raccomandata>685632377187</codice_raccomandata><data_esito>15/11/2021</data_esito><tipo_esito/><motivo_inesito/><campo_aggiuntivo/><nome/><cognome/><indirizzo/><cap/><citta/><provincia/></Raccomandata><Raccomandata><nome_file>040029200_57_313.pdf</nome_file><codice_raccomandata>685632392176</codice_raccomandata><data_esito>16/11/2021</data_esito><tipo_esito/><motivo_inesito/><campo_aggiuntivo/><nome/><cognome/><indirizzo/><cap/><citta/><provincia/></Raccomandata><Raccomandata><nome_file>040029200_57_316.pdf</nome_file><codice_raccomandata>685632398480</codice_raccomandata><data_esito>15/11/2021</data_esito><tipo_esito/><motivo_inesito/><campo_aggiuntivo/><nome/><cognome/><indirizzo/><cap/><citta/><provincia/></Raccomandata><Raccomandata><nome_file>040029200_57_319.pdf</nome_file><codice_raccomandata>685632372193</codice_raccomandata><data_esito>16/11/2021</data_esito><tipo_esito/><motivo_inesito/><campo_aggiuntivo/><nome/><cognome/><indirizzo/><cap/><citta/><provincia/></Raccomandata><Raccomandata><nome_file>040029200_57_322.pdf</nome_file><codice_raccomandata>685632382150</codice_raccomandata><data_esito>16/11/2021</data_esito><tipo_esito/><motivo_inesito/><campo_aggiuntivo/><nome/><cognome/><indirizzo/><cap/><citta/><provincia/></Raccomandata><Raccomandata><nome_file>040029200_57_325.pdf</nome_file><codice_raccomandata>685632397240</codice_raccomandata><data_esito>16/11/2021</data_esito><tipo_esito/><motivo_inesito/><campo_aggiuntivo/><nome/><cognome/><indirizzo/><cap/><citta/><provincia/></Raccomandata><Raccomandata><nome_file>040029200_57_328.pdf</nome_file><codice_raccomandata>685632397148</codice_raccomandata><data_esito>29/11/2021</data_esito><tipo_esito/><motivo_inesito/><campo_aggiuntivo/><nome/><cognome/><indirizzo/><cap/><citta/><provincia/></Raccomandata><Raccomandata><nome_file>040029200_57_331.pdf</nome_file><codice_raccomandata>685632278119</codice_raccomandata><data_esito>23/11/2021</data_esito><tipo_esito/><motivo_inesito/><campo_aggiuntivo/><nome/><cognome/><indirizzo/><cap/><citta/><provincia/></Raccomandata><Raccomandata><nome_file>040029200_57_334.pdf</nome_file><codice_raccomandata>685632390333</codice_raccomandata><data_esito>22/11/2021</data_esito><tipo_esito/><motivo_inesito/><campo_aggiuntivo/><nome/><cognome/><indirizzo/><cap/><citta/><provincia/></Raccomandata><Raccomandata><nome_file>040029200_57_337.pdf</nome_file><codice_raccomandata>685632362727</codice_raccomandata><data_esito>22/01/2021</data_esito><tipo_esito/><motivo_inesito/><campo_aggiuntivo/><nome/><cognome/><indirizzo/><cap/><citta/><provincia/></Raccomandata><Raccomandata><nome_file>040029200_57_340.pdf</nome_file><codice_raccomandata>685632381468</codice_raccomandata><data_esito>17/11/2021</data_esito><tipo_esito/><motivo_inesito/><campo_aggiuntivo/><nome/><cognome/><indirizzo/><cap/><citta/><provincia/></Raccomandata><Raccomandata><nome_file>040029200_57_343.pdf</nome_file><codice_raccomandata>685632384370</codice_raccomandata><data_esito>18/11/2021</data_esito><tipo_esito/><motivo_inesito/><campo_aggiuntivo/><nome/><cognome/><indirizzo/><cap/><citta/><provincia/></Raccomandata><Raccomandata><nome_file>040029200_57_346.pdf</nome_file><codice_raccomandata>685632385974</codice_raccomandata><data_esito>24/11/2021</data_esito><tipo_esito/><motivo_inesito/><campo_aggiuntivo/><nome/><cognome/><indirizzo/><cap/><citta/><provincia/></Raccomandata><Raccomandata><nome_file>040029200_57_349.pdf</nome_file><codice_raccomandata>685632367573</codice_raccomandata><data_esito>20/11/2021</data_esito><tipo_esito/><motivo_inesito/><campo_aggiuntivo/><nome/><cognome/><indirizzo/><cap/><citta/><provincia/></Raccomandata><Raccomandata><nome_file>040029200_57_352.pdf</nome_file><codice_raccomandata>685632381013</codice_raccomandata><data_esito>15/11/2021</data_esito><tipo_esito/><motivo_inesito/><campo_aggiuntivo/><nome/><cognome/><indirizzo/><cap/><citta/><provincia/></Raccomandata><Raccomandata><nome_file>040029200_57_355.pdf</nome_file><codice_raccomandata>685632389832</codice_raccomandata><data_esito>16/11/2021</data_esito><tipo_esito/><motivo_inesito/><campo_aggiuntivo/><nome/><cognome/><indirizzo/><cap/><citta/><provincia/></Raccomandata><Raccomandata><nome_file>040029200_57_358.pdf</nome_file><codice_raccomandata>685632386236</codice_raccomandata><data_esito>15/11/2021</data_esito><tipo_esito/><motivo_inesito/><campo_aggiuntivo/><nome/><cognome/><indirizzo/><cap/><citta/><provincia/></Raccomandata><Raccomandata><nome_file>040029200_57_361.pdf</nome_file><codice_raccomandata>685632362761</codice_raccomandata><data_esito>15/11/2021</data_esito><tipo_esito/><motivo_inesito/><campo_aggiuntivo/><nome/><cognome/><indirizzo/><cap/><citta/><provincia/></Raccomandata><Raccomandata><nome_file>040029200_57_364.pdf</nome_file><codice_raccomandata>685632400095</codice_raccomandata><data_esito>15/11/2021</data_esito><tipo_esito/><motivo_inesito/><campo_aggiuntivo/><nome/><cognome/><indirizzo/><cap/><citta/><provincia/></Raccomandata><Raccomandata><nome_file>040029200_57_367.pdf</nome_file><codice_raccomandata>685632397000</codice_raccomandata><data_esito>15/11/2021</data_esito><tipo_esito/><motivo_inesito/><campo_aggiuntivo/><nome/><cognome/><indirizzo/><cap/><citta/><provincia/></Raccomandata><Raccomandata><nome_file>040029200_57_370.pdf</nome_file><codice_raccomandata>685632385212</codice_raccomandata><data_esito>15/11/2021</data_esito><tipo_esito/><motivo_inesito/><campo_aggiuntivo/><nome/><cognome/><indirizzo/><cap/><citta/><provincia/></Raccomandata><Raccomandata><nome_file>040029200_57_373.pdf</nome_file><codice_raccomandata>685632400107</codice_raccomandata><data_esito>15/11/2021</data_esito><tipo_esito/><motivo_inesito/><campo_aggiuntivo/><nome/><cognome/><indirizzo/><cap/><citta/><provincia/></Raccomandata><Raccomandata><nome_file>040029200_57_376.pdf</nome_file><codice_raccomandata>685632399617</codice_raccomandata><data_esito>15/11/2021</data_esito><tipo_esito/><motivo_inesito/><campo_aggiuntivo/><nome/><cognome/><indirizzo/><cap/><citta/><provincia/></Raccomandata><Raccomandata><nome_file>040029200_57_379.pdf</nome_file><codice_raccomandata>685632385085</codice_raccomandata><data_esito>23/11/2021</data_esito><tipo_esito/><motivo_inesito/><campo_aggiuntivo/><nome/><cognome/><indirizzo/><cap/><citta/><provincia/></Raccomandata><Raccomandata><nome_file>040029200_57_382.pdf</nome_file><codice_raccomandata>685632392427</codice_raccomandata><data_esito>23/11/2021</data_esito><tipo_esito/><motivo_inesito/><campo_aggiuntivo/><nome/><cognome/><indirizzo/><cap/><citta/><provincia/></Raccomandata><Raccomandata><nome_file>040029200_57_385.pdf</nome_file><codice_raccomandata>685632395486</codice_raccomandata><data_esito>23/11/2021</data_esito><tipo_esito/><motivo_inesito/><campo_aggiuntivo/><nome/><cognome/><indirizzo/><cap/><citta/><provincia/></Raccomandata><Raccomandata><nome_file>040029200_57_388.pdf</nome_file><codice_raccomandata>685632397182</codice_raccomandata><data_esito>22/11/2021</data_esito><tipo_esito/><motivo_inesito/><campo_aggiuntivo/><nome/><cognome/><indirizzo/><cap/><citta/><provincia/></Raccomandata><Raccomandata><nome_file>040029200_57_391.pdf</nome_file><codice_raccomandata>685632382550</codice_raccomandata><data_esito>16/11/2021</data_esito><tipo_esito/><motivo_inesito/><campo_aggiuntivo/><nome/><cognome/><indirizzo/><cap/><citta/><provincia/></Raccomandata><Raccomandata><nome_file>040029200_57_394.pdf</nome_file><codice_raccomandata>685632386007</codice_raccomandata><data_esito>24/11/2021</data_esito><tipo_esito/><motivo_inesito/><campo_aggiuntivo/><nome/><cognome/><indirizzo/><cap/><citta/><provincia/></Raccomandata><Raccomandata><nome_file>040029200_57_397.pdf</nome_file><codice_raccomandata>685632367972</codice_raccomandata><data_esito>18/11/2021</data_esito><tipo_esito/><motivo_inesito/><campo_aggiuntivo/><nome/><cognome/><indirizzo/><cap/><citta/><provincia/></Raccomandata><Raccomandata><nome_file>040029200_57_400.pdf</nome_file><codice_raccomandata>685632274992</codice_raccomandata><data_esito>17/11/2021</data_esito><tipo_esito/><motivo_inesito/><campo_aggiuntivo/><nome/><cognome/><indirizzo/><cap/><citta/><provincia/></Raccomandata><Raccomandata><nome_file>040029200_57_403.pdf</nome_file><codice_raccomandata>685632396034</codice_raccomandata><data_esito>16/11/2021</data_esito><tipo_esito/><motivo_inesito/><campo_aggiuntivo/><nome/><cognome/><indirizzo/><cap/><citta/><provincia/></Raccomandata><Raccomandata><nome_file>040029200_57_406.pdf</nome_file><codice_raccomandata>685632278291</codice_raccomandata><data_esito>19/11/2021</data_esito><tipo_esito/><motivo_inesito/><campo_aggiuntivo/><nome/><cognome/><indirizzo/><cap/><citta/><provincia/></Raccomandata><Raccomandata><nome_file>040029200_57_409.pdf</nome_file><codice_raccomandata>685632377439</codice_raccomandata><data_esito>16/11/2021</data_esito><tipo_esito/><motivo_inesito/><campo_aggiuntivo/><nome/><cognome/><indirizzo/><cap/><citta/><provincia/></Raccomandata><Raccomandata><nome_file>040029200_57_412.pdf</nome_file><codice_raccomandata>685632398695</codice_raccomandata><data_esito>16/11/2021</data_esito><tipo_esito/><motivo_inesito/><campo_aggiuntivo/><nome/><cognome/><indirizzo/><cap/><citta/><provincia/></Raccomandata><Raccomandata><nome_file>040029200_57_415.pdf</nome_file><codice_raccomandata>685632389478</codice_raccomandata><data_esito>15/11/2021</data_esito><tipo_esito/><motivo_inesito/><campo_aggiuntivo/><nome/><cognome/><indirizzo/><cap/><citta/><provincia/></Raccomandata><Raccomandata><nome_file>040029200_57_418.pdf</nome_file><codice_raccomandata>685632394225</codice_raccomandata><data_esito>15/11/2021</data_esito><tipo_esito/><motivo_inesito/><campo_aggiuntivo/><nome/><cognome/><indirizzo/><cap/><citta/><provincia/></Raccomandata><Raccomandata><nome_file>040029200_57_421.pdf</nome_file><codice_raccomandata>685632398149</codice_raccomandata><data_esito>16/11/2021</data_esito><tipo_esito/><motivo_inesito/><campo_aggiuntivo/><nome/><cognome/><indirizzo/><cap/><citta/><provincia/></Raccomandata><Raccomandata><nome_file>040029200_57_424.pdf</nome_file><codice_raccomandata>685632390174</codice_raccomandata><data_esito>16/11/2021</data_esito><tipo_esito/><motivo_inesito/><campo_aggiuntivo/><nome/><cognome/><indirizzo/><cap/><citta/><provincia/></Raccomandata><Raccomandata><nome_file>040029200_57_427.pdf</nome_file><codice_raccomandata>685632390219</codice_raccomandata><data_esito>15/11/2021</data_esito><tipo_esito/><motivo_inesito/><campo_aggiuntivo/><nome/><cognome/><indirizzo/><cap/><citta/><provincia/></Raccomandata><Raccomandata><nome_file>040029200_57_430.pdf</nome_file><codice_raccomandata>685632384278</codice_raccomandata><data_esito>15/11/2021</data_esito><tipo_esito/><motivo_inesito/><campo_aggiuntivo/><nome/><cognome/><indirizzo/><cap/><citta/><provincia/></Raccomandata><Raccomandata><nome_file>040029200_57_433.pdf</nome_file><codice_raccomandata>685632388625</codice_raccomandata><data_esito>15/11/2021</data_esito><tipo_esito/><motivo_inesito/><campo_aggiuntivo/><nome/><cognome/><indirizzo/><cap/><citta/><provincia/></Raccomandata><Raccomandata><nome_file>040029200_57_436.pdf</nome_file><codice_raccomandata>685632389273</codice_raccomandata><data_esito>23/11/2021</data_esito><tipo_esito/><motivo_inesito/><campo_aggiuntivo/><nome/><cognome/><indirizzo/><cap/><citta/><provincia/></Raccomandata><Raccomandata><nome_file>040029200_57_439.pdf</nome_file><codice_raccomandata>685632394065</codice_raccomandata><data_esito>24/11/2021</data_esito><tipo_esito/><motivo_inesito/><campo_aggiuntivo/><nome/><cognome/><indirizzo/><cap/><citta/><provincia/></Raccomandata><Raccomandata><nome_file>040029200_57_442.pdf</nome_file><codice_raccomandata>685632267458</codice_raccomandata><data_esito>24/11/2021</data_esito><tipo_esito/><motivo_inesito/><campo_aggiuntivo/><nome/><cognome/><indirizzo/><cap/><citta/><provincia/></Raccomandata><Raccomandata><nome_file>040029200_57_445.pdf</nome_file><codice_raccomandata>685632383744</codice_raccomandata><data_esito>23/11/2021</data_esito><tipo_esito/><motivo_inesito/><campo_aggiuntivo/><nome/><cognome/><indirizzo/><cap/><citta/><provincia/></Raccomandata><Raccomandata><nome_file>040029200_57_448.pdf</nome_file><codice_raccomandata>685632389115</codice_raccomandata><data_esito>23/11/2021</data_esito><tipo_esito/><motivo_inesito/><campo_aggiuntivo/><nome/><cognome/><indirizzo/><cap/><citta/><provincia/></Raccomandata><Raccomandata><nome_file>040029200_57_451.pdf</nome_file><codice_raccomandata>685632278837</codice_raccomandata><data_esito>23/11/2021</data_esito><tipo_esito/><motivo_inesito/><campo_aggiuntivo/><nome/><cognome/><indirizzo/><cap/><citta/><provincia/></Raccomandata><Raccomandata><nome_file>040029200_57_454.pdf</nome_file><codice_raccomandata>685632383766</codice_raccomandata><data_esito>23/11/2021</data_esito><tipo_esito/><motivo_inesito/><campo_aggiuntivo/><nome/><cognome/><indirizzo/><cap/><citta/><provincia/></Raccomandata><Raccomandata><nome_file>040029200_57_457.pdf</nome_file><codice_raccomandata>685632278257</codice_raccomandata><data_esito>23/11/2021</data_esito><tipo_esito/><motivo_inesito/><campo_aggiuntivo/><nome/><cognome/><indirizzo/><cap/><citta/><provincia/></Raccomandata><Raccomandata><nome_file>040029200_57_460.pdf</nome_file><codice_raccomandata>685632278326</codice_raccomandata><data_esito>23/11/2021</data_esito><tipo_esito/><motivo_inesito/><campo_aggiuntivo/><nome/><cognome/><indirizzo/><cap/><citta/><provincia/></Raccomandata><Raccomandata><nome_file>040029200_57_463.pdf</nome_file><codice_raccomandata>685632383653</codice_raccomandata><data_esito>23/11/2021</data_esito><tipo_esito/><motivo_inesito/><campo_aggiuntivo/><nome/><cognome/><indirizzo/><cap/><citta/><provincia/></Raccomandata><Raccomandata><nome_file>040029200_57_466.pdf</nome_file><codice_raccomandata>685632394714</codice_raccomandata><data_esito>23/11/2021</data_esito><tipo_esito/><motivo_inesito/><campo_aggiuntivo/><nome/><cognome/><indirizzo/><cap/><citta/><provincia/></Raccomandata><Raccomandata><nome_file>040029200_57_469.pdf</nome_file><codice_raccomandata>685632363626</codice_raccomandata><data_esito>23/11/2021</data_esito><tipo_esito/><motivo_inesito/><campo_aggiuntivo/><nome/><cognome/><indirizzo/><cap/><citta/><provincia/></Raccomandata><Raccomandata><nome_file>040029200_57_472.pdf</nome_file><codice_raccomandata>685632382630</codice_raccomandata><data_esito>17/11/2021</data_esito><tipo_esito/><motivo_inesito/><campo_aggiuntivo/><nome/><cognome/><indirizzo/><cap/><citta/><provincia/></Raccomandata><Raccomandata><nome_file>040029200_57_475.pdf</nome_file><codice_raccomandata>685632368175</codice_raccomandata><data_esito>14/11/2021</data_esito><tipo_esito/><motivo_inesito/><campo_aggiuntivo/><nome/><cognome/><indirizzo/><cap/><citta/><provincia/></Raccomandata><Raccomandata><nome_file>040029200_57_478.pdf</nome_file><codice_raccomandata>685632387943</codice_raccomandata><data_esito>15/11/2021</data_esito><tipo_esito/><motivo_inesito/><campo_aggiuntivo/><nome/><cognome/><indirizzo/><cap/><citta/><provincia/></Raccomandata><Raccomandata><nome_file>040029200_57_481.pdf</nome_file><codice_raccomandata>685632389398</codice_raccomandata><data_esito>16/11/2021</data_esito><tipo_esito/><motivo_inesito/><campo_aggiuntivo/><nome/><cognome/><indirizzo/><cap/><citta/><provincia/></Raccomandata><Raccomandata><nome_file>040029200_57_484.pdf</nome_file><codice_raccomandata>685632399322</codice_raccomandata><data_esito>16/11/2021</data_esito><tipo_esito/><motivo_inesito/><campo_aggiuntivo/><nome/><cognome/><indirizzo/><cap/><citta/><provincia/></Raccomandata><Raccomandata><nome_file>040029200_57_487.pdf</nome_file><codice_raccomandata>685632392950</codice_raccomandata><data_esito>15/11/2021</data_esito><tipo_esito/><motivo_inesito/><campo_aggiuntivo/><nome/><cognome/><indirizzo/><cap/><citta/><provincia/></Raccomandata><Raccomandata><nome_file>040029200_57_490.pdf</nome_file><codice_raccomandata>685632267925</codice_raccomandata><data_esito>15/11/2021</data_esito><tipo_esito/><motivo_inesito/><campo_aggiuntivo/><nome/><cognome/><indirizzo/><cap/><citta/><provincia/></Raccomandata><Raccomandata><nome_file>040029200_57_493.pdf</nome_file><codice_raccomandata>685632361759</codice_raccomandata><data_esito>19/11/2021</data_esito><tipo_esito/><motivo_inesito/><campo_aggiuntivo/><nome/><cognome/><indirizzo/><cap/><citta/><provincia/></Raccomandata><Raccomandata><nome_file>040029200_57_496.pdf</nome_file><codice_raccomandata>685632387293</codice_raccomandata><data_esito>16/11/2021</data_esito><tipo_esito/><motivo_inesito/><campo_aggiuntivo/><nome/><cognome/><indirizzo/><cap/><citta/><provincia/></Raccomandata><Raccomandata><nome_file>040029200_57_499.pdf</nome_file><codice_raccomandata>685632372274</codice_raccomandata><data_esito>23/11/2021</data_esito><tipo_esito/><motivo_inesito/><campo_aggiuntivo/><nome/><cognome/><indirizzo/><cap/><citta/><provincia/></Raccomandata><Raccomandata><nome_file>040029200_57_502.pdf</nome_file><codice_raccomandata>685632390390</codice_raccomandata><data_esito>15/11/2021</data_esito><tipo_esito/><motivo_inesito/><campo_aggiuntivo/><nome/><cognome/><indirizzo/><cap/><citta/><provincia/></Raccomandata><Raccomandata><nome_file>040029200_57_505.pdf</nome_file><codice_raccomandata>685632391539</codice_raccomandata><data_esito>15/11/2021</data_esito><tipo_esito/><motivo_inesito/><campo_aggiuntivo/><nome/><cognome/><indirizzo/><cap/><citta/><provincia/></Raccomandata><Raccomandata><nome_file>040029200_57_508.pdf</nome_file><codice_raccomandata>685632386202</codice_raccomandata><data_esito>15/11/2021</data_esito><tipo_esito/><motivo_inesito/><campo_aggiuntivo/><nome/><cognome/><indirizzo/><cap/><citta/><provincia/></Raccomandata><Raccomandata><nome_file>040029200_57_511.pdf</nome_file><codice_raccomandata>685632397672</codice_raccomandata><data_esito>15/11/2021</data_esito><tipo_esito/><motivo_inesito/><campo_aggiuntivo/><nome/><cognome/><indirizzo/><cap/><citta/><provincia/></Raccomandata><Raccomandata><nome_file>040029200_57_514.pdf</nome_file><codice_raccomandata>685632266559</codice_raccomandata><data_esito>18/11/2021</data_esito><tipo_esito/><motivo_inesito/><campo_aggiuntivo/><nome/><cognome/><indirizzo/><cap/><citta/><provincia/></Raccomandata><Raccomandata><nome_file>040029200_57_517.pdf</nome_file><codice_raccomandata>685632278906</codice_raccomandata><data_esito>18/11/2021</data_esito><tipo_esito/><motivo_inesito/><campo_aggiuntivo/><nome/><cognome/><indirizzo/><cap/><citta/><provincia/></Raccomandata><Raccomandata><nome_file>040029200_57_520.pdf</nome_file><codice_raccomandata>685632368095</codice_raccomandata><data_esito>22/11/2021</data_esito><tipo_esito/><motivo_inesito/><campo_aggiuntivo/><nome/><cognome/><indirizzo/><cap/><citta/><provincia/></Raccomandata><Raccomandata><nome_file>040029200_57_523.pdf</nome_file><codice_raccomandata>685632279474</codice_raccomandata><data_esito>23/11/2021</data_esito><tipo_esito/><motivo_inesito/><campo_aggiuntivo/><nome/><cognome/><indirizzo/><cap/><citta/><provincia/></Raccomandata><Raccomandata><nome_file>040029200_57_526.pdf</nome_file><codice_raccomandata>685632389296</codice_raccomandata><data_esito>23/11/2021</data_esito><tipo_esito/><motivo_inesito/><campo_aggiuntivo/><nome/><cognome/><indirizzo/><cap/><citta/><provincia/></Raccomandata></Spedizione>
