<Spedizione Cliente="Z0088629" Archivio="IDF1509001A_I.zip" Filename="IDF1509001A_I.xml" NumeroRaccomandate="94"><Raccomandata><nome_file>039600500_57_7.pdf</nome_file><codice_raccomandata>685632073269</codice_raccomandata><data_esito/><tipo_esito/><motivo_inesito>10</motivo_inesito><campo_aggiuntivo/><nome/><cognome/><indirizzo/><cap/><citta/><provincia/></Raccomandata><Raccomandata><nome_file>039600500_57_10.pdf</nome_file><codice_raccomandata>685632073032</codice_raccomandata><data_esito/><tipo_esito/><motivo_inesito>10</motivo_inesito><campo_aggiuntivo/><nome/><cognome/><indirizzo/><cap/><citta/><provincia/></Raccomandata><Raccomandata><nome_file>039600500_57_13.pdf</nome_file><codice_raccomandata>685632073283</codice_raccomandata><data_esito/><tipo_esito/><motivo_inesito>10</motivo_inesito><campo_aggiuntivo/><nome/><cognome/><indirizzo/><cap/><citta/><provincia/></Raccomandata><Raccomandata><nome_file>039600500_57_16.pdf</nome_file><codice_raccomandata>685632072577</codice_raccomandata><data_esito/><tipo_esito/><motivo_inesito>10</motivo_inesito><campo_aggiuntivo/><nome/><cognome/><indirizzo/><cap/><citta/><provincia/></Raccomandata><Raccomandata><nome_file>039600500_57_19.pdf</nome_file><codice_raccomandata>685632072566</codice_raccomandata><data_esito/><tipo_esito/><motivo_inesito>10</motivo_inesito><campo_aggiuntivo/><nome/><cognome/><indirizzo/><cap/><citta/><provincia/></Raccomandata><Raccomandata><nome_file>039600500_57_22.pdf</nome_file><codice_raccomandata>685632073112</codice_raccomandata><data_esito/><tipo_esito/><motivo_inesito>10</motivo_inesito><campo_aggiuntivo/><nome/><cognome/><indirizzo/><cap/><citta/><provincia/></Raccomandata><Raccomandata><nome_file>039600500_57_25.pdf</nome_file><codice_raccomandata>685632062962</codice_raccomandata><data_esito/><tipo_esito/><motivo_inesito>10</motivo_inesito><campo_aggiuntivo/><nome/><cognome/><indirizzo/><cap/><citta/><provincia/></Raccomandata><Raccomandata><nome_file>039600500_57_28.pdf</nome_file><codice_raccomandata>685632072782</codice_raccomandata><data_esito/><tipo_esito/><motivo_inesito>10</motivo_inesito><campo_aggiuntivo/><nome/><cognome/><indirizzo/><cap/><citta/><provincia/></Raccomandata><Raccomandata><nome_file>039600500_57_31.pdf</nome_file><codice_raccomandata>685632074614</codice_raccomandata><data_esito/><tipo_esito/><motivo_inesito>10</motivo_inesito><campo_aggiuntivo/><nome/><cognome/><indirizzo/><cap/><citta/><provincia/></Raccomandata><Raccomandata><nome_file>039600500_57_34.pdf</nome_file><codice_raccomandata>685632075478</codice_raccomandata><data_esito/><tipo_esito/><motivo_inesito>10</motivo_inesito><campo_aggiuntivo/><nome/><cognome/><indirizzo/><cap/><citta/><provincia/></Raccomandata><Raccomandata><nome_file>039600500_57_37.pdf</nome_file><codice_raccomandata>685632074842</codice_raccomandata><data_esito/><tipo_esito/><motivo_inesito>10</motivo_inesito><campo_aggiuntivo/><nome/><cognome/><indirizzo/><cap/><citta/><provincia/></Raccomandata><Raccomandata><nome_file>039600500_57_40.pdf</nome_file><codice_raccomandata>685632075398</codice_raccomandata><data_esito/><tipo_esito/><motivo_inesito>10</motivo_inesito><campo_aggiuntivo/><nome/><cognome/><indirizzo/><cap/><citta/><provincia/></Raccomandata><Raccomandata><nome_file>039600500_57_43.pdf</nome_file><codice_raccomandata>685632075376</codice_raccomandata><data_esito/><tipo_esito/><motivo_inesito>10</motivo_inesito><campo_aggiuntivo/><nome/><cognome/><indirizzo/><cap/><citta/><provincia/></Raccomandata><Raccomandata><nome_file>039600500_57_46.pdf</nome_file><codice_raccomandata>685632075250</codice_raccomandata><data_esito/><tipo_esito/><motivo_inesito>10</motivo_inesito><campo_aggiuntivo/><nome/><cognome/><indirizzo/><cap/><citta/><provincia/></Raccomandata><Raccomandata><nome_file>039600500_57_49.pdf</nome_file><codice_raccomandata>685632073009</codice_raccomandata><data_esito/><tipo_esito/><motivo_inesito>10</motivo_inesito><campo_aggiuntivo/><nome/><cognome/><indirizzo/><cap/><citta/><provincia/></Raccomandata><Raccomandata><nome_file>039600500_57_52.pdf</nome_file><codice_raccomandata>685632073339</codice_raccomandata><data_esito/><tipo_esito/><motivo_inesito>10</motivo_inesito><campo_aggiuntivo/><nome/><cognome/><indirizzo/><cap/><citta/><provincia/></Raccomandata><Raccomandata><nome_file>039600500_57_55.pdf</nome_file><codice_raccomandata>685632057123</codice_raccomandata><data_esito/><tipo_esito/><motivo_inesito>10</motivo_inesito><campo_aggiuntivo/><nome/><cognome/><indirizzo/><cap/><citta/><provincia/></Raccomandata><Raccomandata><nome_file>039600500_57_58.pdf</nome_file><codice_raccomandata>685632064281</codice_raccomandata><data_esito/><tipo_esito/><motivo_inesito>10</motivo_inesito><campo_aggiuntivo/><nome/><cognome/><indirizzo/><cap/><citta/><provincia/></Raccomandata><Raccomandata><nome_file>039600500_57_61.pdf</nome_file><codice_raccomandata>685632074512</codice_raccomandata><data_esito/><tipo_esito/><motivo_inesito>10</motivo_inesito><campo_aggiuntivo/><nome/><cognome/><indirizzo/><cap/><citta/><provincia/></Raccomandata><Raccomandata><nome_file>039600500_57_64.pdf</nome_file><codice_raccomandata>685632073738</codice_raccomandata><data_esito/><tipo_esito/><motivo_inesito>10</motivo_inesito><campo_aggiuntivo/><nome/><cognome/><indirizzo/><cap/><citta/><provincia/></Raccomandata><Raccomandata><nome_file>039600500_57_67.pdf</nome_file><codice_raccomandata>685632057863</codice_raccomandata><data_esito/><tipo_esito/><motivo_inesito>10</motivo_inesito><campo_aggiuntivo/><nome/><cognome/><indirizzo/><cap/><citta/><provincia/></Raccomandata><Raccomandata><nome_file>039600500_57_70.pdf</nome_file><codice_raccomandata>685632058000</codice_raccomandata><data_esito/><tipo_esito/><motivo_inesito>10</motivo_inesito><campo_aggiuntivo/><nome/><cognome/><indirizzo/><cap/><citta/><provincia/></Raccomandata><Raccomandata><nome_file>039600500_57_73.pdf</nome_file><codice_raccomandata>685632060048</codice_raccomandata><data_esito/><tipo_esito/><motivo_inesito>10</motivo_inesito><campo_aggiuntivo/><nome/><cognome/><indirizzo/><cap/><citta/><provincia/></Raccomandata><Raccomandata><nome_file>039600500_57_76.pdf</nome_file><codice_raccomandata>685632060060</codice_raccomandata><data_esito/><tipo_esito/><motivo_inesito>10</motivo_inesito><campo_aggiuntivo/><nome/><cognome/><indirizzo/><cap/><citta/><provincia/></Raccomandata><Raccomandata><nome_file>039600500_57_79.pdf</nome_file><codice_raccomandata>685632059785</codice_raccomandata><data_esito/><tipo_esito/><motivo_inesito>10</motivo_inesito><campo_aggiuntivo/><nome/><cognome/><indirizzo/><cap/><citta/><provincia/></Raccomandata><Raccomandata><nome_file>039600500_57_82.pdf</nome_file><codice_raccomandata>685632059934</codice_raccomandata><data_esito/><tipo_esito/><motivo_inesito>10</motivo_inesito><campo_aggiuntivo/><nome/><cognome/><indirizzo/><cap/><citta/><provincia/></Raccomandata><Raccomandata><nome_file>039600500_57_85.pdf</nome_file><codice_raccomandata>685632075989</codice_raccomandata><data_esito/><tipo_esito/><motivo_inesito>10</motivo_inesito><campo_aggiuntivo/><nome/><cognome/><indirizzo/><cap/><citta/><provincia/></Raccomandata><Raccomandata><nome_file>039600500_57_88.pdf</nome_file><codice_raccomandata>685632073772</codice_raccomandata><data_esito/><tipo_esito/><motivo_inesito>10</motivo_inesito><campo_aggiuntivo/><nome/><cognome/><indirizzo/><cap/><citta/><provincia/></Raccomandata><Raccomandata><nome_file>039600500_57_91.pdf</nome_file><codice_raccomandata>685632063201</codice_raccomandata><data_esito/><tipo_esito/><motivo_inesito>10</motivo_inesito><campo_aggiuntivo/><nome/><cognome/><indirizzo/><cap/><citta/><provincia/></Raccomandata><Raccomandata><nome_file>039600500_57_94.pdf</nome_file><codice_raccomandata>685632062836</codice_raccomandata><data_esito/><tipo_esito/><motivo_inesito>10</motivo_inesito><campo_aggiuntivo/><nome/><cognome/><indirizzo/><cap/><citta/><provincia/></Raccomandata><Raccomandata><nome_file>039600500_57_97.pdf</nome_file><codice_raccomandata>685632068333</codice_raccomandata><data_esito/><tipo_esito/><motivo_inesito>10</motivo_inesito><campo_aggiuntivo/><nome/><cognome/><indirizzo/><cap/><citta/><provincia/></Raccomandata><Raccomandata><nome_file>039600500_57_100.pdf</nome_file><codice_raccomandata>685632060399</codice_raccomandata><data_esito/><tipo_esito/><motivo_inesito>10</motivo_inesito><campo_aggiuntivo/><nome/><cognome/><indirizzo/><cap/><citta/><provincia/></Raccomandata><Raccomandata><nome_file>039600500_57_103.pdf</nome_file><codice_raccomandata>685632060388</codice_raccomandata><data_esito/><tipo_esito/><motivo_inesito>10</motivo_inesito><campo_aggiuntivo/><nome/><cognome/><indirizzo/><cap/><citta/><provincia/></Raccomandata><Raccomandata><nome_file>039600500_57_106.pdf</nome_file><codice_raccomandata>685632073954</codice_raccomandata><data_esito/><tipo_esito/><motivo_inesito>10</motivo_inesito><campo_aggiuntivo/><nome/><cognome/><indirizzo/><cap/><citta/><provincia/></Raccomandata><Raccomandata><nome_file>039600500_57_109.pdf</nome_file><codice_raccomandata>685632063451</codice_raccomandata><data_esito/><tipo_esito/><motivo_inesito>10</motivo_inesito><campo_aggiuntivo/><nome/><cognome/><indirizzo/><cap/><citta/><provincia/></Raccomandata><Raccomandata><nome_file>039600500_57_112.pdf</nome_file><codice_raccomandata>685632063440</codice_raccomandata><data_esito/><tipo_esito/><motivo_inesito>10</motivo_inesito><campo_aggiuntivo/><nome/><cognome/><indirizzo/><cap/><citta/><provincia/></Raccomandata><Raccomandata><nome_file>039600500_57_115.pdf</nome_file><codice_raccomandata>685632069025</codice_raccomandata><data_esito/><tipo_esito/><motivo_inesito>10</motivo_inesito><campo_aggiuntivo/><nome/><cognome/><indirizzo/><cap/><citta/><provincia/></Raccomandata><Raccomandata><nome_file>039600500_57_118.pdf</nome_file><codice_raccomandata>685632068957</codice_raccomandata><data_esito/><tipo_esito/><motivo_inesito>10</motivo_inesito><campo_aggiuntivo/><nome/><cognome/><indirizzo/><cap/><citta/><provincia/></Raccomandata><Raccomandata><nome_file>039600500_57_121.pdf</nome_file><codice_raccomandata>685632070860</codice_raccomandata><data_esito/><tipo_esito/><motivo_inesito>10</motivo_inesito><campo_aggiuntivo/><nome/><cognome/><indirizzo/><cap/><citta/><provincia/></Raccomandata><Raccomandata><nome_file>039600500_57_124.pdf</nome_file><codice_raccomandata>685632059364</codice_raccomandata><data_esito/><tipo_esito/><motivo_inesito>10</motivo_inesito><campo_aggiuntivo/><nome/><cognome/><indirizzo/><cap/><citta/><provincia/></Raccomandata><Raccomandata><nome_file>039600500_57_127.pdf</nome_file><codice_raccomandata>685632059240</codice_raccomandata><data_esito/><tipo_esito/><motivo_inesito>10</motivo_inesito><campo_aggiuntivo/><nome/><cognome/><indirizzo/><cap/><citta/><provincia/></Raccomandata><Raccomandata><nome_file>039600500_57_130.pdf</nome_file><codice_raccomandata>685632065500</codice_raccomandata><data_esito/><tipo_esito/><motivo_inesito>10</motivo_inesito><campo_aggiuntivo/><nome/><cognome/><indirizzo/><cap/><citta/><provincia/></Raccomandata><Raccomandata><nome_file>039600500_57_133.pdf</nome_file><codice_raccomandata>685632066113</codice_raccomandata><data_esito/><tipo_esito/><motivo_inesito>10</motivo_inesito><campo_aggiuntivo/><nome/><cognome/><indirizzo/><cap/><citta/><provincia/></Raccomandata><Raccomandata><nome_file>039600500_57_136.pdf</nome_file><codice_raccomandata>685632068206</codice_raccomandata><data_esito/><tipo_esito/><motivo_inesito>10</motivo_inesito><campo_aggiuntivo/><nome/><cognome/><indirizzo/><cap/><citta/><provincia/></Raccomandata><Raccomandata><nome_file>039600500_57_139.pdf</nome_file><codice_raccomandata>685632067865</codice_raccomandata><data_esito/><tipo_esito/><motivo_inesito>10</motivo_inesito><campo_aggiuntivo/><nome/><cognome/><indirizzo/><cap/><citta/><provincia/></Raccomandata><Raccomandata><nome_file>039600500_57_142.pdf</nome_file><codice_raccomandata>685632067045</codice_raccomandata><data_esito/><tipo_esito/><motivo_inesito>10</motivo_inesito><campo_aggiuntivo/><nome/><cognome/><indirizzo/><cap/><citta/><provincia/></Raccomandata><Raccomandata><nome_file>039600500_57_145.pdf</nome_file><codice_raccomandata>685632067581</codice_raccomandata><data_esito/><tipo_esito/><motivo_inesito>10</motivo_inesito><campo_aggiuntivo/><nome/><cognome/><indirizzo/><cap/><citta/><provincia/></Raccomandata><Raccomandata><nome_file>039600500_57_148.pdf</nome_file><codice_raccomandata>685632067570</codice_raccomandata><data_esito/><tipo_esito/><motivo_inesito>10</motivo_inesito><campo_aggiuntivo/><nome/><cognome/><indirizzo/><cap/><citta/><provincia/></Raccomandata><Raccomandata><nome_file>039600500_57_151.pdf</nome_file><codice_raccomandata>685632065830</codice_raccomandata><data_esito/><tipo_esito/><motivo_inesito>10</motivo_inesito><campo_aggiuntivo/><nome/><cognome/><indirizzo/><cap/><citta/><provincia/></Raccomandata><Raccomandata><nome_file>039600500_57_154.pdf</nome_file><codice_raccomandata>685632070643</codice_raccomandata><data_esito/><tipo_esito/><motivo_inesito>10</motivo_inesito><campo_aggiuntivo/><nome/><cognome/><indirizzo/><cap/><citta/><provincia/></Raccomandata><Raccomandata><nome_file>039600500_57_157.pdf</nome_file><codice_raccomandata>685632071587</codice_raccomandata><data_esito/><tipo_esito/><motivo_inesito>10</motivo_inesito><campo_aggiuntivo/><nome/><cognome/><indirizzo/><cap/><citta/><provincia/></Raccomandata><Raccomandata><nome_file>039600500_57_160.pdf</nome_file><codice_raccomandata>685632071485</codice_raccomandata><data_esito/><tipo_esito/><motivo_inesito>10</motivo_inesito><campo_aggiuntivo/><nome/><cognome/><indirizzo/><cap/><citta/><provincia/></Raccomandata><Raccomandata><nome_file>039600500_57_163.pdf</nome_file><codice_raccomandata>685632071473</codice_raccomandata><data_esito/><tipo_esito/><motivo_inesito>10</motivo_inesito><campo_aggiuntivo/><nome/><cognome/><indirizzo/><cap/><citta/><provincia/></Raccomandata><Raccomandata><nome_file>039600500_57_166.pdf</nome_file><codice_raccomandata>685632075490</codice_raccomandata><data_esito/><tipo_esito/><motivo_inesito>10</motivo_inesito><campo_aggiuntivo/><nome/><cognome/><indirizzo/><cap/><citta/><provincia/></Raccomandata><Raccomandata><nome_file>039600500_57_169.pdf</nome_file><codice_raccomandata>685632075285</codice_raccomandata><data_esito/><tipo_esito/><motivo_inesito>10</motivo_inesito><campo_aggiuntivo/><nome/><cognome/><indirizzo/><cap/><citta/><provincia/></Raccomandata><Raccomandata><nome_file>039600500_57_172.pdf</nome_file><codice_raccomandata>685632058455</codice_raccomandata><data_esito/><tipo_esito/><motivo_inesito>10</motivo_inesito><campo_aggiuntivo/><nome/><cognome/><indirizzo/><cap/><citta/><provincia/></Raccomandata><Raccomandata><nome_file>039600500_57_175.pdf</nome_file><codice_raccomandata>685632058739</codice_raccomandata><data_esito/><tipo_esito/><motivo_inesito>10</motivo_inesito><campo_aggiuntivo/><nome/><cognome/><indirizzo/><cap/><citta/><provincia/></Raccomandata><Raccomandata><nome_file>039600500_57_178.pdf</nome_file><codice_raccomandata>685632058728</codice_raccomandata><data_esito/><tipo_esito/><motivo_inesito>10</motivo_inesito><campo_aggiuntivo/><nome/><cognome/><indirizzo/><cap/><citta/><provincia/></Raccomandata><Raccomandata><nome_file>039600500_57_181.pdf</nome_file><codice_raccomandata>685631990543</codice_raccomandata><data_esito/><tipo_esito/><motivo_inesito>10</motivo_inesito><campo_aggiuntivo/><nome/><cognome/><indirizzo/><cap/><citta/><provincia/></Raccomandata><Raccomandata><nome_file>039600500_57_184.pdf</nome_file><codice_raccomandata>685632072873</codice_raccomandata><data_esito/><tipo_esito/><motivo_inesito>10</motivo_inesito><campo_aggiuntivo/><nome/><cognome/><indirizzo/><cap/><citta/><provincia/></Raccomandata><Raccomandata><nome_file>039600500_57_187.pdf</nome_file><codice_raccomandata>685632057476</codice_raccomandata><data_esito/><tipo_esito/><motivo_inesito>10</motivo_inesito><campo_aggiuntivo/><nome/><cognome/><indirizzo/><cap/><citta/><provincia/></Raccomandata><Raccomandata><nome_file>039600500_57_190.pdf</nome_file><codice_raccomandata>685632057258</codice_raccomandata><data_esito/><tipo_esito/><motivo_inesito>10</motivo_inesito><campo_aggiuntivo/><nome/><cognome/><indirizzo/><cap/><citta/><provincia/></Raccomandata><Raccomandata><nome_file>039600500_57_193.pdf</nome_file><codice_raccomandata>685632057498</codice_raccomandata><data_esito/><tipo_esito/><motivo_inesito>10</motivo_inesito><campo_aggiuntivo/><nome/><cognome/><indirizzo/><cap/><citta/><provincia/></Raccomandata><Raccomandata><nome_file>039600500_57_196.pdf</nome_file><codice_raccomandata>685632056453</codice_raccomandata><data_esito/><tipo_esito/><motivo_inesito>10</motivo_inesito><campo_aggiuntivo/><nome/><cognome/><indirizzo/><cap/><citta/><provincia/></Raccomandata><Raccomandata><nome_file>039600500_57_199.pdf</nome_file><codice_raccomandata>685632057293</codice_raccomandata><data_esito/><tipo_esito/><motivo_inesito>10</motivo_inesito><campo_aggiuntivo/><nome/><cognome/><indirizzo/><cap/><citta/><provincia/></Raccomandata><Raccomandata><nome_file>039600500_57_202.pdf</nome_file><codice_raccomandata>685632056464</codice_raccomandata><data_esito/><tipo_esito/><motivo_inesito>10</motivo_inesito><campo_aggiuntivo/><nome/><cognome/><indirizzo/><cap/><citta/><provincia/></Raccomandata><Raccomandata><nome_file>039600500_57_205.pdf</nome_file><codice_raccomandata>685632056975</codice_raccomandata><data_esito/><tipo_esito/><motivo_inesito>10</motivo_inesito><campo_aggiuntivo/><nome/><cognome/><indirizzo/><cap/><citta/><provincia/></Raccomandata><Raccomandata><nome_file>039600500_57_208.pdf</nome_file><codice_raccomandata>685632067456</codice_raccomandata><data_esito/><tipo_esito/><motivo_inesito>10</motivo_inesito><campo_aggiuntivo/><nome/><cognome/><indirizzo/><cap/><citta/><provincia/></Raccomandata><Raccomandata><nome_file>039600500_57_211.pdf</nome_file><codice_raccomandata>685632074477</codice_raccomandata><data_esito/><tipo_esito/><motivo_inesito>10</motivo_inesito><campo_aggiuntivo/><nome/><cognome/><indirizzo/><cap/><citta/><provincia/></Raccomandata><Raccomandata><nome_file>039600500_57_214.pdf</nome_file><codice_raccomandata>685632074284</codice_raccomandata><data_esito/><tipo_esito/><motivo_inesito>10</motivo_inesito><campo_aggiuntivo/><nome/><cognome/><indirizzo/><cap/><citta/><provincia/></Raccomandata><Raccomandata><nome_file>039600500_57_217.pdf</nome_file><codice_raccomandata>685632056304</codice_raccomandata><data_esito/><tipo_esito/><motivo_inesito>10</motivo_inesito><campo_aggiuntivo/><nome/><cognome/><indirizzo/><cap/><citta/><provincia/></Raccomandata><Raccomandata><nome_file>039600500_57_220.pdf</nome_file><codice_raccomandata>685632070186</codice_raccomandata><data_esito/><tipo_esito/><motivo_inesito>10</motivo_inesito><campo_aggiuntivo/><nome/><cognome/><indirizzo/><cap/><citta/><provincia/></Raccomandata><Raccomandata><nome_file>039600500_57_223.pdf</nome_file><codice_raccomandata>685632058648</codice_raccomandata><data_esito/><tipo_esito/><motivo_inesito>10</motivo_inesito><campo_aggiuntivo/><nome/><cognome/><indirizzo/><cap/><citta/><provincia/></Raccomandata><Raccomandata><nome_file>039600500_57_226.pdf</nome_file><codice_raccomandata>685632072349</codice_raccomandata><data_esito/><tipo_esito/><motivo_inesito>10</motivo_inesito><campo_aggiuntivo/><nome/><cognome/><indirizzo/><cap/><citta/><provincia/></Raccomandata><Raccomandata><nome_file>039600500_57_229.pdf</nome_file><codice_raccomandata>685632072293</codice_raccomandata><data_esito/><tipo_esito/><motivo_inesito>10</motivo_inesito><campo_aggiuntivo/><nome/><cognome/><indirizzo/><cap/><citta/><provincia/></Raccomandata><Raccomandata><nome_file>039600500_57_232.pdf</nome_file><codice_raccomandata>685632072429</codice_raccomandata><data_esito/><tipo_esito/><motivo_inesito>10</motivo_inesito><campo_aggiuntivo/><nome/><cognome/><indirizzo/><cap/><citta/><provincia/></Raccomandata><Raccomandata><nome_file>039600500_57_235.pdf</nome_file><codice_raccomandata>685632054859</codice_raccomandata><data_esito/><tipo_esito/><motivo_inesito>10</motivo_inesito><campo_aggiuntivo/><nome/><cognome/><indirizzo/><cap/><citta/><provincia/></Raccomandata><Raccomandata><nome_file>039600500_57_238.pdf</nome_file><codice_raccomandata>685632067810</codice_raccomandata><data_esito/><tipo_esito/><motivo_inesito>10</motivo_inesito><campo_aggiuntivo/><nome/><cognome/><indirizzo/><cap/><citta/><provincia/></Raccomandata><Raccomandata><nome_file>039600500_57_241.pdf</nome_file><codice_raccomandata>685632065385</codice_raccomandata><data_esito/><tipo_esito/><motivo_inesito>10</motivo_inesito><campo_aggiuntivo/><nome/><cognome/><indirizzo/><cap/><citta/><provincia/></Raccomandata><Raccomandata><nome_file>039600500_57_244.pdf</nome_file><codice_raccomandata>685632055278</codice_raccomandata><data_esito/><tipo_esito/><motivo_inesito>10</motivo_inesito><campo_aggiuntivo/><nome/><cognome/><indirizzo/><cap/><citta/><provincia/></Raccomandata><Raccomandata><nome_file>039600500_57_247.pdf</nome_file><codice_raccomandata>685632068296</codice_raccomandata><data_esito/><tipo_esito/><motivo_inesito>10</motivo_inesito><campo_aggiuntivo/><nome/><cognome/><indirizzo/><cap/><citta/><provincia/></Raccomandata><Raccomandata><nome_file>039600500_57_250.pdf</nome_file><codice_raccomandata>685632071132</codice_raccomandata><data_esito/><tipo_esito/><motivo_inesito>10</motivo_inesito><campo_aggiuntivo/><nome/><cognome/><indirizzo/><cap/><citta/><provincia/></Raccomandata><Raccomandata><nome_file>039600500_57_253.pdf</nome_file><codice_raccomandata>685632057088</codice_raccomandata><data_esito/><tipo_esito/><motivo_inesito>10</motivo_inesito><campo_aggiuntivo/><nome/><cognome/><indirizzo/><cap/><citta/><provincia/></Raccomandata><Raccomandata><nome_file>039600500_57_256.pdf</nome_file><codice_raccomandata>685632067967</codice_raccomandata><data_esito/><tipo_esito/><motivo_inesito>10</motivo_inesito><campo_aggiuntivo/><nome/><cognome/><indirizzo/><cap/><citta/><provincia/></Raccomandata><Raccomandata><nome_file>039600500_57_259.pdf</nome_file><codice_raccomandata>685632067569</codice_raccomandata><data_esito/><tipo_esito/><motivo_inesito>10</motivo_inesito><campo_aggiuntivo/><nome/><cognome/><indirizzo/><cap/><citta/><provincia/></Raccomandata><Raccomandata><nome_file>039600500_57_262.pdf</nome_file><codice_raccomandata>685632066842</codice_raccomandata><data_esito/><tipo_esito/><motivo_inesito>10</motivo_inesito><campo_aggiuntivo/><nome/><cognome/><indirizzo/><cap/><citta/><provincia/></Raccomandata><Raccomandata><nome_file>039600500_57_265.pdf</nome_file><codice_raccomandata>685632068002</codice_raccomandata><data_esito/><tipo_esito/><motivo_inesito>10</motivo_inesito><campo_aggiuntivo/><nome/><cognome/><indirizzo/><cap/><citta/><provincia/></Raccomandata><Raccomandata><nome_file>039600500_57_268.pdf</nome_file><codice_raccomandata>685632067467</codice_raccomandata><data_esito/><tipo_esito/><motivo_inesito>10</motivo_inesito><campo_aggiuntivo/><nome/><cognome/><indirizzo/><cap/><citta/><provincia/></Raccomandata><Raccomandata><nome_file>039600500_57_271.pdf</nome_file><codice_raccomandata>685632070381</codice_raccomandata><data_esito/><tipo_esito/><motivo_inesito>10</motivo_inesito><campo_aggiuntivo/><nome/><cognome/><indirizzo/><cap/><citta/><provincia/></Raccomandata><Raccomandata><nome_file>039600500_57_274.pdf</nome_file><codice_raccomandata>685632058248</codice_raccomandata><data_esito/><tipo_esito/><motivo_inesito>10</motivo_inesito><campo_aggiuntivo/><nome/><cognome/><indirizzo/><cap/><citta/><provincia/></Raccomandata><Raccomandata><nome_file>039600500_57_277.pdf</nome_file><codice_raccomandata>685632058615</codice_raccomandata><data_esito/><tipo_esito/><motivo_inesito>10</motivo_inesito><campo_aggiuntivo/><nome/><cognome/><indirizzo/><cap/><citta/><provincia/></Raccomandata><Raccomandata><nome_file>039600500_57_280.pdf</nome_file><codice_raccomandata>685632056213</codice_raccomandata><data_esito/><tipo_esito/><motivo_inesito>10</motivo_inesito><campo_aggiuntivo/><nome/><cognome/><indirizzo/><cap/><citta/><provincia/></Raccomandata><Raccomandata><nome_file>039600500_57_283.pdf</nome_file><codice_raccomandata>685632059273</codice_raccomandata><data_esito/><tipo_esito/><motivo_inesito>10</motivo_inesito><campo_aggiuntivo/><nome/><cognome/><indirizzo/><cap/><citta/><provincia/></Raccomandata><Raccomandata><nome_file>039600500_57_286.pdf</nome_file><codice_raccomandata>685632060355</codice_raccomandata><data_esito/><tipo_esito/><motivo_inesito>10</motivo_inesito><campo_aggiuntivo/><nome/><cognome/><indirizzo/><cap/><citta/><provincia/></Raccomandata></Spedizione>
