<Spedizione Cliente="Z0088629" Archivio="IDF1508000C_E.zip" Filename="IDF1508000C_E.xml" NumeroRaccomandate="61"><Raccomandata><nome_file>039746300_57_7.pdf</nome_file><codice_raccomandata>685632267594</codice_raccomandata><data_esito>08/11/2021</data_esito><tipo_esito/><motivo_inesito/><campo_aggiuntivo/><nome/><cognome/><indirizzo/><cap/><citta/><provincia/></Raccomandata><Raccomandata><nome_file>039746300_57_10.pdf</nome_file><codice_raccomandata>685632267481</codice_raccomandata><data_esito>06/11/2021</data_esito><tipo_esito/><motivo_inesito/><campo_aggiuntivo/><nome/><cognome/><indirizzo/><cap/><citta/><provincia/></Raccomandata><Raccomandata><nome_file>039746300_57_13.pdf</nome_file><codice_raccomandata>685632267891</codice_raccomandata><data_esito>08/11/2021</data_esito><tipo_esito/><motivo_inesito/><campo_aggiuntivo/><nome/><cognome/><indirizzo/><cap/><citta/><provincia/></Raccomandata><Raccomandata><nome_file>039746300_57_16.pdf</nome_file><codice_raccomandata>685632282855</codice_raccomandata><data_esito>05/11/2021</data_esito><tipo_esito/><motivo_inesito/><campo_aggiuntivo/><nome/><cognome/><indirizzo/><cap/><citta/><provincia/></Raccomandata><Raccomandata><nome_file>039746300_57_19.pdf</nome_file><codice_raccomandata>685631974918</codice_raccomandata><data_esito>22/10/2021</data_esito><tipo_esito/><motivo_inesito/><campo_aggiuntivo/><nome/><cognome/><indirizzo/><cap/><citta/><provincia/></Raccomandata><Raccomandata><nome_file>039746300_57_22.pdf</nome_file><codice_raccomandata>685631971391</codice_raccomandata><data_esito>14/02/2021</data_esito><tipo_esito/><motivo_inesito/><campo_aggiuntivo/><nome/><cognome/><indirizzo/><cap/><citta/><provincia/></Raccomandata><Raccomandata><nome_file>039746300_57_25.pdf</nome_file><codice_raccomandata>685632055542</codice_raccomandata><data_esito>24/09/2021</data_esito><tipo_esito/><motivo_inesito/><campo_aggiuntivo/><nome/><cognome/><indirizzo/><cap/><citta/><provincia/></Raccomandata><Raccomandata><nome_file>039746300_57_28.pdf</nome_file><codice_raccomandata>685632072305</codice_raccomandata><data_esito>16/10/2021</data_esito><tipo_esito/><motivo_inesito/><campo_aggiuntivo/><nome/><cognome/><indirizzo/><cap/><citta/><provincia/></Raccomandata><Raccomandata><nome_file>039746300_57_31.pdf</nome_file><codice_raccomandata>685631998417</codice_raccomandata><data_esito>11/09/2021</data_esito><tipo_esito/><motivo_inesito/><campo_aggiuntivo/><nome/><cognome/><indirizzo/><cap/><citta/><provincia/></Raccomandata><Raccomandata><nome_file>039746300_57_34.pdf</nome_file><codice_raccomandata>685631978275</codice_raccomandata><data_esito>10/09/2021</data_esito><tipo_esito/><motivo_inesito/><campo_aggiuntivo/><nome/><cognome/><indirizzo/><cap/><citta/><provincia/></Raccomandata><Raccomandata><nome_file>039746300_57_37.pdf</nome_file><codice_raccomandata>685632269416</codice_raccomandata><data_esito>05/11/2021</data_esito><tipo_esito/><motivo_inesito/><campo_aggiuntivo/><nome/><cognome/><indirizzo/><cap/><citta/><provincia/></Raccomandata><Raccomandata><nome_file>039746300_57_40.pdf</nome_file><codice_raccomandata>685632380170</codice_raccomandata><data_esito>15/11/2021</data_esito><tipo_esito/><motivo_inesito/><campo_aggiuntivo/><nome/><cognome/><indirizzo/><cap/><citta/><provincia/></Raccomandata><Raccomandata><nome_file>039746300_57_43.pdf</nome_file><codice_raccomandata>685632271681</codice_raccomandata><data_esito>08/11/2021</data_esito><tipo_esito/><motivo_inesito/><campo_aggiuntivo/><nome/><cognome/><indirizzo/><cap/><citta/><provincia/></Raccomandata><Raccomandata><nome_file>039746300_57_46.pdf</nome_file><codice_raccomandata>685632264579</codice_raccomandata><data_esito>10/11/2021</data_esito><tipo_esito/><motivo_inesito/><campo_aggiuntivo/><nome/><cognome/><indirizzo/><cap/><citta/><provincia/></Raccomandata><Raccomandata><nome_file>039746300_57_49.pdf</nome_file><codice_raccomandata>685632278542</codice_raccomandata><data_esito>05/11/2021</data_esito><tipo_esito/><motivo_inesito/><campo_aggiuntivo/><nome/><cognome/><indirizzo/><cap/><citta/><provincia/></Raccomandata><Raccomandata><nome_file>039746300_57_52.pdf</nome_file><codice_raccomandata>685632059752</codice_raccomandata><data_esito>13/10/2021</data_esito><tipo_esito/><motivo_inesito/><campo_aggiuntivo/><nome/><cognome/><indirizzo/><cap/><citta/><provincia/></Raccomandata><Raccomandata><nome_file>039746300_57_55.pdf</nome_file><codice_raccomandata>685632059980</codice_raccomandata><data_esito>04/10/2021</data_esito><tipo_esito/><motivo_inesito/><campo_aggiuntivo/><nome/><cognome/><indirizzo/><cap/><citta/><provincia/></Raccomandata><Raccomandata><nome_file>039746300_57_58.pdf</nome_file><codice_raccomandata>685632054233</codice_raccomandata><data_esito>23/10/2021</data_esito><tipo_esito/><motivo_inesito/><campo_aggiuntivo/><nome/><cognome/><indirizzo/><cap/><citta/><provincia/></Raccomandata><Raccomandata><nome_file>039746300_57_61.pdf</nome_file><codice_raccomandata>685631975783</codice_raccomandata><data_esito>27/10/2021</data_esito><tipo_esito/><motivo_inesito/><campo_aggiuntivo/><nome/><cognome/><indirizzo/><cap/><citta/><provincia/></Raccomandata><Raccomandata><nome_file>039746300_57_64.pdf</nome_file><codice_raccomandata>685632068981</codice_raccomandata><data_esito>25/10/2021</data_esito><tipo_esito/><motivo_inesito/><campo_aggiuntivo/><nome/><cognome/><indirizzo/><cap/><citta/><provincia/></Raccomandata><Raccomandata><nome_file>039746300_57_67.pdf</nome_file><codice_raccomandata>685632075901</codice_raccomandata><data_esito>26/10/2021</data_esito><tipo_esito/><motivo_inesito/><campo_aggiuntivo/><nome/><cognome/><indirizzo/><cap/><citta/><provincia/></Raccomandata><Raccomandata><nome_file>039746300_57_70.pdf</nome_file><codice_raccomandata>685632070962</codice_raccomandata><data_esito>20/10/2021</data_esito><tipo_esito/><motivo_inesito/><campo_aggiuntivo/><nome/><cognome/><indirizzo/><cap/><citta/><provincia/></Raccomandata><Raccomandata><nome_file>039746300_57_73.pdf</nome_file><codice_raccomandata>685631988868</codice_raccomandata><data_esito>16/10/2021</data_esito><tipo_esito/><motivo_inesito/><campo_aggiuntivo/><nome/><cognome/><indirizzo/><cap/><citta/><provincia/></Raccomandata><Raccomandata><nome_file>039746300_57_76.pdf</nome_file><codice_raccomandata>685632068877</codice_raccomandata><data_esito>28/10/2021</data_esito><tipo_esito/><motivo_inesito/><campo_aggiuntivo/><nome/><cognome/><indirizzo/><cap/><citta/><provincia/></Raccomandata><Raccomandata><nome_file>039746300_57_79.pdf</nome_file><codice_raccomandata>685632267561</codice_raccomandata><data_esito>03/11/2021</data_esito><tipo_esito/><motivo_inesito/><campo_aggiuntivo/><nome/><cognome/><indirizzo/><cap/><citta/><provincia/></Raccomandata><Raccomandata><nome_file>039746300_57_82.pdf</nome_file><codice_raccomandata>685632278382</codice_raccomandata><data_esito>04/11/2021</data_esito><tipo_esito/><motivo_inesito/><campo_aggiuntivo/><nome/><cognome/><indirizzo/><cap/><citta/><provincia/></Raccomandata><Raccomandata><nome_file>039746300_57_85.pdf</nome_file><codice_raccomandata>685632271976</codice_raccomandata><data_esito>21/10/2021</data_esito><tipo_esito/><motivo_inesito/><campo_aggiuntivo/><nome/><cognome/><indirizzo/><cap/><citta/><provincia/></Raccomandata><Raccomandata><nome_file>039746300_57_88.pdf</nome_file><codice_raccomandata>685632265741</codice_raccomandata><data_esito>02/11/2021</data_esito><tipo_esito/><motivo_inesito/><campo_aggiuntivo/><nome/><cognome/><indirizzo/><cap/><citta/><provincia/></Raccomandata><Raccomandata><nome_file>039746300_57_91.pdf</nome_file><codice_raccomandata>685632277654</codice_raccomandata><data_esito>28/10/2021</data_esito><tipo_esito/><motivo_inesito/><campo_aggiuntivo/><nome/><cognome/><indirizzo/><cap/><citta/><provincia/></Raccomandata><Raccomandata><nome_file>039746300_57_94.pdf</nome_file><codice_raccomandata>685632267492</codice_raccomandata><data_esito>29/10/2021</data_esito><tipo_esito/><motivo_inesito/><campo_aggiuntivo/><nome/><cognome/><indirizzo/><cap/><citta/><provincia/></Raccomandata><Raccomandata><nome_file>039746300_57_97.pdf</nome_file><codice_raccomandata>685632275378</codice_raccomandata><data_esito>27/10/2021</data_esito><tipo_esito/><motivo_inesito/><campo_aggiuntivo/><nome/><cognome/><indirizzo/><cap/><citta/><provincia/></Raccomandata><Raccomandata><nome_file>039746300_57_100.pdf</nome_file><codice_raccomandata>685632276994</codice_raccomandata><data_esito>28/10/2021</data_esito><tipo_esito/><motivo_inesito/><campo_aggiuntivo/><nome/><cognome/><indirizzo/><cap/><citta/><provincia/></Raccomandata><Raccomandata><nome_file>039746300_57_103.pdf</nome_file><codice_raccomandata>685632279064</codice_raccomandata><data_esito>03/11/2021</data_esito><tipo_esito/><motivo_inesito/><campo_aggiuntivo/><nome/><cognome/><indirizzo/><cap/><citta/><provincia/></Raccomandata><Raccomandata><nome_file>039746300_57_106.pdf</nome_file><codice_raccomandata>685632281320</codice_raccomandata><data_esito>08/11/2021</data_esito><tipo_esito/><motivo_inesito/><campo_aggiuntivo/><nome/><cognome/><indirizzo/><cap/><citta/><provincia/></Raccomandata><Raccomandata><nome_file>039746300_57_109.pdf</nome_file><codice_raccomandata>685632263613</codice_raccomandata><data_esito>08/10/2021</data_esito><tipo_esito/><motivo_inesito/><campo_aggiuntivo/><nome/><cognome/><indirizzo/><cap/><citta/><provincia/></Raccomandata><Raccomandata><nome_file>039746300_57_112.pdf</nome_file><codice_raccomandata>685632280410</codice_raccomandata><data_esito>25/10/2021</data_esito><tipo_esito/><motivo_inesito/><campo_aggiuntivo/><nome/><cognome/><indirizzo/><cap/><citta/><provincia/></Raccomandata><Raccomandata><nome_file>039746300_57_115.pdf</nome_file><codice_raccomandata>685632267936</codice_raccomandata><data_esito>29/10/2021</data_esito><tipo_esito/><motivo_inesito/><campo_aggiuntivo/><nome/><cognome/><indirizzo/><cap/><citta/><provincia/></Raccomandata><Raccomandata><nome_file>039746300_57_118.pdf</nome_file><codice_raccomandata>685632265012</codice_raccomandata><data_esito>04/11/2021</data_esito><tipo_esito/><motivo_inesito/><campo_aggiuntivo/><nome/><cognome/><indirizzo/><cap/><citta/><provincia/></Raccomandata><Raccomandata><nome_file>039746300_57_121.pdf</nome_file><codice_raccomandata>685632271408</codice_raccomandata><data_esito>03/11/2021</data_esito><tipo_esito/><motivo_inesito/><campo_aggiuntivo/><nome/><cognome/><indirizzo/><cap/><citta/><provincia/></Raccomandata><Raccomandata><nome_file>039746300_57_124.pdf</nome_file><codice_raccomandata>685632271602</codice_raccomandata><data_esito>04/11/2021</data_esito><tipo_esito/><motivo_inesito/><campo_aggiuntivo/><nome/><cognome/><indirizzo/><cap/><citta/><provincia/></Raccomandata><Raccomandata><nome_file>039746300_57_127.pdf</nome_file><codice_raccomandata>685632280055</codice_raccomandata><data_esito>28/10/2021</data_esito><tipo_esito/><motivo_inesito/><campo_aggiuntivo/><nome/><cognome/><indirizzo/><cap/><citta/><provincia/></Raccomandata><Raccomandata><nome_file>039746300_57_130.pdf</nome_file><codice_raccomandata>685632270407</codice_raccomandata><data_esito>28/10/2021</data_esito><tipo_esito/><motivo_inesito/><campo_aggiuntivo/><nome/><cognome/><indirizzo/><cap/><citta/><provincia/></Raccomandata><Raccomandata><nome_file>039746300_57_133.pdf</nome_file><codice_raccomandata>685632269779</codice_raccomandata><data_esito>27/10/2021</data_esito><tipo_esito/><motivo_inesito/><campo_aggiuntivo/><nome/><cognome/><indirizzo/><cap/><citta/><provincia/></Raccomandata><Raccomandata><nome_file>039746300_57_136.pdf</nome_file><codice_raccomandata>685632281217</codice_raccomandata><data_esito>29/10/2021</data_esito><tipo_esito/><motivo_inesito/><campo_aggiuntivo/><nome/><cognome/><indirizzo/><cap/><citta/><provincia/></Raccomandata><Raccomandata><nome_file>039746300_57_139.pdf</nome_file><codice_raccomandata>685632266720</codice_raccomandata><data_esito>03/11/2021</data_esito><tipo_esito/><motivo_inesito/><campo_aggiuntivo/><nome/><cognome/><indirizzo/><cap/><citta/><provincia/></Raccomandata><Raccomandata><nome_file>039746300_57_142.pdf</nome_file><codice_raccomandata>685632283958</codice_raccomandata><data_esito>08/11/2021</data_esito><tipo_esito/><motivo_inesito/><campo_aggiuntivo/><nome/><cognome/><indirizzo/><cap/><citta/><provincia/></Raccomandata><Raccomandata><nome_file>039746300_57_145.pdf</nome_file><codice_raccomandata>685632266515</codice_raccomandata><data_esito>02/11/2021</data_esito><tipo_esito/><motivo_inesito/><campo_aggiuntivo/><nome/><cognome/><indirizzo/><cap/><citta/><provincia/></Raccomandata><Raccomandata><nome_file>039746300_57_148.pdf</nome_file><codice_raccomandata>685632266526</codice_raccomandata><data_esito>02/11/2021</data_esito><tipo_esito/><motivo_inesito/><campo_aggiuntivo/><nome/><cognome/><indirizzo/><cap/><citta/><provincia/></Raccomandata><Raccomandata><nome_file>039746300_57_151.pdf</nome_file><codice_raccomandata>685632265650</codice_raccomandata><data_esito>02/11/2021</data_esito><tipo_esito/><motivo_inesito/><campo_aggiuntivo/><nome/><cognome/><indirizzo/><cap/><citta/><provincia/></Raccomandata><Raccomandata><nome_file>039746300_57_154.pdf</nome_file><codice_raccomandata>685632282491</codice_raccomandata><data_esito>19/10/2021</data_esito><tipo_esito/><motivo_inesito/><campo_aggiuntivo/><nome/><cognome/><indirizzo/><cap/><citta/><provincia/></Raccomandata><Raccomandata><nome_file>039746300_57_157.pdf</nome_file><codice_raccomandata>685632264820</codice_raccomandata><data_esito>19/10/2021</data_esito><tipo_esito/><motivo_inesito/><campo_aggiuntivo/><nome/><cognome/><indirizzo/><cap/><citta/><provincia/></Raccomandata><Raccomandata><nome_file>039746300_57_160.pdf</nome_file><codice_raccomandata>685632380078</codice_raccomandata><data_esito>15/11/2021</data_esito><tipo_esito/><motivo_inesito/><campo_aggiuntivo/><nome/><cognome/><indirizzo/><cap/><citta/><provincia/></Raccomandata><Raccomandata><nome_file>039746300_57_163.pdf</nome_file><codice_raccomandata>685632391595</codice_raccomandata><data_esito>16/11/2021</data_esito><tipo_esito/><motivo_inesito/><campo_aggiuntivo/><nome/><cognome/><indirizzo/><cap/><citta/><provincia/></Raccomandata><Raccomandata><nome_file>039746300_57_166.pdf</nome_file><codice_raccomandata>685632390036</codice_raccomandata><data_esito>16/11/2021</data_esito><tipo_esito/><motivo_inesito/><campo_aggiuntivo/><nome/><cognome/><indirizzo/><cap/><citta/><provincia/></Raccomandata><Raccomandata><nome_file>039746300_57_169.pdf</nome_file><codice_raccomandata>685632264988</codice_raccomandata><data_esito>21/10/2021</data_esito><tipo_esito/><motivo_inesito/><campo_aggiuntivo/><nome/><cognome/><indirizzo/><cap/><citta/><provincia/></Raccomandata><Raccomandata><nome_file>039746300_57_172.pdf</nome_file><codice_raccomandata>685632265649</codice_raccomandata><data_esito>05/11/2021</data_esito><tipo_esito/><motivo_inesito/><campo_aggiuntivo/><nome/><cognome/><indirizzo/><cap/><citta/><provincia/></Raccomandata><Raccomandata><nome_file>039746300_57_175.pdf</nome_file><codice_raccomandata>685632267754</codice_raccomandata><data_esito>06/11/2021</data_esito><tipo_esito/><motivo_inesito/><campo_aggiuntivo/><nome/><cognome/><indirizzo/><cap/><citta/><provincia/></Raccomandata><Raccomandata><nome_file>039746300_57_178.pdf</nome_file><codice_raccomandata>685632274593</codice_raccomandata><data_esito>04/11/2021</data_esito><tipo_esito/><motivo_inesito/><campo_aggiuntivo/><nome/><cognome/><indirizzo/><cap/><citta/><provincia/></Raccomandata><Raccomandata><nome_file>039746300_57_181.pdf</nome_file><codice_raccomandata>685632275674</codice_raccomandata><data_esito>10/11/2021</data_esito><tipo_esito/><motivo_inesito/><campo_aggiuntivo/><nome/><cognome/><indirizzo/><cap/><citta/><provincia/></Raccomandata><Raccomandata><nome_file>039746300_57_184.pdf</nome_file><codice_raccomandata>685632276493</codice_raccomandata><data_esito>05/11/2021</data_esito><tipo_esito/><motivo_inesito/><campo_aggiuntivo/><nome/><cognome/><indirizzo/><cap/><citta/><provincia/></Raccomandata><Raccomandata><nome_file>039746300_57_187.pdf</nome_file><codice_raccomandata>685632267583</codice_raccomandata><data_esito>08/11/2021</data_esito><tipo_esito/><motivo_inesito/><campo_aggiuntivo/><nome/><cognome/><indirizzo/><cap/><citta/><provincia/></Raccomandata></Spedizione>
