<Spedizione Cliente="Z0088629" Archivio="IDF15080008_E.zip" Filename="IDF15080008_E.xml" NumeroRaccomandate="200"><Raccomandata><nome_file>039149700_57_7.pdf</nome_file><codice_raccomandata>685632282833</codice_raccomandata><data_esito>19/10/2021</data_esito><tipo_esito/><motivo_inesito/><campo_aggiuntivo/><nome/><cognome/><indirizzo/><cap/><citta/><provincia/></Raccomandata><Raccomandata><nome_file>039149700_57_10.pdf</nome_file><codice_raccomandata>685632277552</codice_raccomandata><data_esito>20/10/2021</data_esito><tipo_esito/><motivo_inesito/><campo_aggiuntivo/><nome/><cognome/><indirizzo/><cap/><citta/><provincia/></Raccomandata><Raccomandata><nome_file>039149700_57_13.pdf</nome_file><codice_raccomandata>685632278198</codice_raccomandata><data_esito>21/10/2021</data_esito><tipo_esito/><motivo_inesito/><campo_aggiuntivo/><nome/><cognome/><indirizzo/><cap/><citta/><provincia/></Raccomandata><Raccomandata><nome_file>039149700_57_16.pdf</nome_file><codice_raccomandata>685632280318</codice_raccomandata><data_esito>19/10/2021</data_esito><tipo_esito/><motivo_inesito/><campo_aggiuntivo/><nome/><cognome/><indirizzo/><cap/><citta/><provincia/></Raccomandata><Raccomandata><nome_file>039149700_57_19.pdf</nome_file><codice_raccomandata>685632265513</codice_raccomandata><data_esito>21/10/2021</data_esito><tipo_esito/><motivo_inesito/><campo_aggiuntivo/><nome/><cognome/><indirizzo/><cap/><citta/><provincia/></Raccomandata><Raccomandata><nome_file>039149700_57_22.pdf</nome_file><codice_raccomandata>685632275982</codice_raccomandata><data_esito>22/10/2021</data_esito><tipo_esito/><motivo_inesito/><campo_aggiuntivo/><nome/><cognome/><indirizzo/><cap/><citta/><provincia/></Raccomandata><Raccomandata><nome_file>039149700_57_25.pdf</nome_file><codice_raccomandata>685632283311</codice_raccomandata><data_esito>19/10/2021</data_esito><tipo_esito/><motivo_inesito/><campo_aggiuntivo/><nome/><cognome/><indirizzo/><cap/><citta/><provincia/></Raccomandata><Raccomandata><nome_file>039149700_57_28.pdf</nome_file><codice_raccomandata>685632274412</codice_raccomandata><data_esito>20/10/2021</data_esito><tipo_esito/><motivo_inesito/><campo_aggiuntivo/><nome/><cognome/><indirizzo/><cap/><citta/><provincia/></Raccomandata><Raccomandata><nome_file>039149700_57_31.pdf</nome_file><codice_raccomandata>685632280454</codice_raccomandata><data_esito>19/10/2021</data_esito><tipo_esito/><motivo_inesito/><campo_aggiuntivo/><nome/><cognome/><indirizzo/><cap/><citta/><provincia/></Raccomandata><Raccomandata><nome_file>039149700_57_34.pdf</nome_file><codice_raccomandata>685632269609</codice_raccomandata><data_esito>21/10/2021</data_esito><tipo_esito/><motivo_inesito/><campo_aggiuntivo/><nome/><cognome/><indirizzo/><cap/><citta/><provincia/></Raccomandata><Raccomandata><nome_file>039149700_57_37.pdf</nome_file><codice_raccomandata>685632275878</codice_raccomandata><data_esito>19/10/2021</data_esito><tipo_esito/><motivo_inesito/><campo_aggiuntivo/><nome/><cognome/><indirizzo/><cap/><citta/><provincia/></Raccomandata><Raccomandata><nome_file>039149700_57_40.pdf</nome_file><codice_raccomandata>685632279281</codice_raccomandata><data_esito>23/10/2021</data_esito><tipo_esito/><motivo_inesito/><campo_aggiuntivo/><nome/><cognome/><indirizzo/><cap/><citta/><provincia/></Raccomandata><Raccomandata><nome_file>039149700_57_43.pdf</nome_file><codice_raccomandata>685632281400</codice_raccomandata><data_esito>20/10/2021</data_esito><tipo_esito/><motivo_inesito/><campo_aggiuntivo/><nome/><cognome/><indirizzo/><cap/><citta/><provincia/></Raccomandata><Raccomandata><nome_file>039149700_57_46.pdf</nome_file><codice_raccomandata>685632282207</codice_raccomandata><data_esito>19/10/2021</data_esito><tipo_esito/><motivo_inesito/><campo_aggiuntivo/><nome/><cognome/><indirizzo/><cap/><citta/><provincia/></Raccomandata><Raccomandata><nome_file>039149700_57_49.pdf</nome_file><codice_raccomandata>685632277369</codice_raccomandata><data_esito>20/10/2021</data_esito><tipo_esito/><motivo_inesito/><campo_aggiuntivo/><nome/><cognome/><indirizzo/><cap/><citta/><provincia/></Raccomandata><Raccomandata><nome_file>039149700_57_52.pdf</nome_file><codice_raccomandata>685632273627</codice_raccomandata><data_esito>20/10/2021</data_esito><tipo_esito/><motivo_inesito/><campo_aggiuntivo/><nome/><cognome/><indirizzo/><cap/><citta/><provincia/></Raccomandata><Raccomandata><nome_file>039149700_57_55.pdf</nome_file><codice_raccomandata>685632276220</codice_raccomandata><data_esito>20/10/2021</data_esito><tipo_esito/><motivo_inesito/><campo_aggiuntivo/><nome/><cognome/><indirizzo/><cap/><citta/><provincia/></Raccomandata><Raccomandata><nome_file>039149700_57_58.pdf</nome_file><codice_raccomandata>685632266617</codice_raccomandata><data_esito>21/10/2021</data_esito><tipo_esito/><motivo_inesito/><campo_aggiuntivo/><nome/><cognome/><indirizzo/><cap/><citta/><provincia/></Raccomandata><Raccomandata><nome_file>039149700_57_61.pdf</nome_file><codice_raccomandata>685632277791</codice_raccomandata><data_esito>20/10/2021</data_esito><tipo_esito/><motivo_inesito/><campo_aggiuntivo/><nome/><cognome/><indirizzo/><cap/><citta/><provincia/></Raccomandata><Raccomandata><nome_file>039149700_57_64.pdf</nome_file><codice_raccomandata>685632281251</codice_raccomandata><data_esito>20/10/2021</data_esito><tipo_esito/><motivo_inesito/><campo_aggiuntivo/><nome/><cognome/><indirizzo/><cap/><citta/><provincia/></Raccomandata><Raccomandata><nome_file>039149700_57_67.pdf</nome_file><codice_raccomandata>685632279418</codice_raccomandata><data_esito>23/10/2021</data_esito><tipo_esito/><motivo_inesito/><campo_aggiuntivo/><nome/><cognome/><indirizzo/><cap/><citta/><provincia/></Raccomandata><Raccomandata><nome_file>039149700_57_70.pdf</nome_file><codice_raccomandata>685632280568</codice_raccomandata><data_esito>20/10/2021</data_esito><tipo_esito/><motivo_inesito/><campo_aggiuntivo/><nome/><cognome/><indirizzo/><cap/><citta/><provincia/></Raccomandata><Raccomandata><nome_file>039149700_57_73.pdf</nome_file><codice_raccomandata>685632269984</codice_raccomandata><data_esito>23/10/2021</data_esito><tipo_esito/><motivo_inesito/><campo_aggiuntivo/><nome/><cognome/><indirizzo/><cap/><citta/><provincia/></Raccomandata><Raccomandata><nome_file>039149700_57_76.pdf</nome_file><codice_raccomandata>685632271178</codice_raccomandata><data_esito>23/10/2021</data_esito><tipo_esito/><motivo_inesito/><campo_aggiuntivo/><nome/><cognome/><indirizzo/><cap/><citta/><provincia/></Raccomandata><Raccomandata><nome_file>039149700_57_79.pdf</nome_file><codice_raccomandata>685632265912</codice_raccomandata><data_esito>20/10/2021</data_esito><tipo_esito/><motivo_inesito/><campo_aggiuntivo/><nome/><cognome/><indirizzo/><cap/><citta/><provincia/></Raccomandata><Raccomandata><nome_file>039149700_57_82.pdf</nome_file><codice_raccomandata>685632279840</codice_raccomandata><data_esito>23/10/2021</data_esito><tipo_esito/><motivo_inesito/><campo_aggiuntivo/><nome/><cognome/><indirizzo/><cap/><citta/><provincia/></Raccomandata><Raccomandata><nome_file>039149700_57_85.pdf</nome_file><codice_raccomandata>685632275527</codice_raccomandata><data_esito>19/10/2021</data_esito><tipo_esito/><motivo_inesito/><campo_aggiuntivo/><nome/><cognome/><indirizzo/><cap/><citta/><provincia/></Raccomandata><Raccomandata><nome_file>039149700_57_88.pdf</nome_file><codice_raccomandata>685632282002</codice_raccomandata><data_esito>19/10/2021</data_esito><tipo_esito/><motivo_inesito/><campo_aggiuntivo/><nome/><cognome/><indirizzo/><cap/><citta/><provincia/></Raccomandata><Raccomandata><nome_file>039149700_57_91.pdf</nome_file><codice_raccomandata>685632264294</codice_raccomandata><data_esito>19/10/2021</data_esito><tipo_esito/><motivo_inesito/><campo_aggiuntivo/><nome/><cognome/><indirizzo/><cap/><citta/><provincia/></Raccomandata><Raccomandata><nome_file>039149700_57_94.pdf</nome_file><codice_raccomandata>685632264102</codice_raccomandata><data_esito>23/10/2021</data_esito><tipo_esito/><motivo_inesito/><campo_aggiuntivo/><nome/><cognome/><indirizzo/><cap/><citta/><provincia/></Raccomandata><Raccomandata><nome_file>039149700_57_97.pdf</nome_file><codice_raccomandata>685632279155</codice_raccomandata><data_esito>23/10/2021</data_esito><tipo_esito/><motivo_inesito/><campo_aggiuntivo/><nome/><cognome/><indirizzo/><cap/><citta/><provincia/></Raccomandata><Raccomandata><nome_file>039149700_57_100.pdf</nome_file><codice_raccomandata>685632264977</codice_raccomandata><data_esito>20/10/2021</data_esito><tipo_esito/><motivo_inesito/><campo_aggiuntivo/><nome/><cognome/><indirizzo/><cap/><citta/><provincia/></Raccomandata><Raccomandata><nome_file>039149700_57_103.pdf</nome_file><codice_raccomandata>685632268802</codice_raccomandata><data_esito>19/10/2021</data_esito><tipo_esito/><motivo_inesito/><campo_aggiuntivo/><nome/><cognome/><indirizzo/><cap/><citta/><provincia/></Raccomandata><Raccomandata><nome_file>039149700_57_106.pdf</nome_file><codice_raccomandata>685632265136</codice_raccomandata><data_esito>20/10/2021</data_esito><tipo_esito/><motivo_inesito/><campo_aggiuntivo/><nome/><cognome/><indirizzo/><cap/><citta/><provincia/></Raccomandata><Raccomandata><nome_file>039149700_57_109.pdf</nome_file><codice_raccomandata>685632271487</codice_raccomandata><data_esito>20/10/2021</data_esito><tipo_esito/><motivo_inesito/><campo_aggiuntivo/><nome/><cognome/><indirizzo/><cap/><citta/><provincia/></Raccomandata><Raccomandata><nome_file>039149700_57_112.pdf</nome_file><codice_raccomandata>685632276711</codice_raccomandata><data_esito>20/10/2021</data_esito><tipo_esito/><motivo_inesito/><campo_aggiuntivo/><nome/><cognome/><indirizzo/><cap/><citta/><provincia/></Raccomandata><Raccomandata><nome_file>039149700_57_115.pdf</nome_file><codice_raccomandata>685632280488</codice_raccomandata><data_esito>22/10/2021</data_esito><tipo_esito/><motivo_inesito/><campo_aggiuntivo/><nome/><cognome/><indirizzo/><cap/><citta/><provincia/></Raccomandata><Raccomandata><nome_file>039149700_57_118.pdf</nome_file><codice_raccomandata>685632282616</codice_raccomandata><data_esito>22/10/2021</data_esito><tipo_esito/><motivo_inesito/><campo_aggiuntivo/><nome/><cognome/><indirizzo/><cap/><citta/><provincia/></Raccomandata><Raccomandata><nome_file>039149700_57_121.pdf</nome_file><codice_raccomandata>685632273967</codice_raccomandata><data_esito>22/10/2021</data_esito><tipo_esito/><motivo_inesito/><campo_aggiuntivo/><nome/><cognome/><indirizzo/><cap/><citta/><provincia/></Raccomandata><Raccomandata><nome_file>039149700_57_124.pdf</nome_file><codice_raccomandata>685632268857</codice_raccomandata><data_esito>20/10/2021</data_esito><tipo_esito/><motivo_inesito/><campo_aggiuntivo/><nome/><cognome/><indirizzo/><cap/><citta/><provincia/></Raccomandata><Raccomandata><nome_file>039149700_57_127.pdf</nome_file><codice_raccomandata>685632269244</codice_raccomandata><data_esito>20/10/2021</data_esito><tipo_esito/><motivo_inesito/><campo_aggiuntivo/><nome/><cognome/><indirizzo/><cap/><citta/><provincia/></Raccomandata><Raccomandata><nome_file>039149700_57_130.pdf</nome_file><codice_raccomandata>685632276700</codice_raccomandata><data_esito>20/10/2021</data_esito><tipo_esito/><motivo_inesito/><campo_aggiuntivo/><nome/><cognome/><indirizzo/><cap/><citta/><provincia/></Raccomandata><Raccomandata><nome_file>039149700_57_133.pdf</nome_file><codice_raccomandata>685632277825</codice_raccomandata><data_esito>20/10/2021</data_esito><tipo_esito/><motivo_inesito/><campo_aggiuntivo/><nome/><cognome/><indirizzo/><cap/><citta/><provincia/></Raccomandata><Raccomandata><nome_file>039149700_57_136.pdf</nome_file><codice_raccomandata>685632276061</codice_raccomandata><data_esito>20/10/2021</data_esito><tipo_esito/><motivo_inesito/><campo_aggiuntivo/><nome/><cognome/><indirizzo/><cap/><citta/><provincia/></Raccomandata><Raccomandata><nome_file>039149700_57_139.pdf</nome_file><codice_raccomandata>685632265569</codice_raccomandata><data_esito>20/10/2021</data_esito><tipo_esito/><motivo_inesito/><campo_aggiuntivo/><nome/><cognome/><indirizzo/><cap/><citta/><provincia/></Raccomandata><Raccomandata><nome_file>039149700_57_142.pdf</nome_file><codice_raccomandata>685632275709</codice_raccomandata><data_esito>21/10/2021</data_esito><tipo_esito/><motivo_inesito/><campo_aggiuntivo/><nome/><cognome/><indirizzo/><cap/><citta/><provincia/></Raccomandata><Raccomandata><nome_file>039149700_57_145.pdf</nome_file><codice_raccomandata>685632274968</codice_raccomandata><data_esito>23/10/2021</data_esito><tipo_esito/><motivo_inesito/><campo_aggiuntivo/><nome/><cognome/><indirizzo/><cap/><citta/><provincia/></Raccomandata><Raccomandata><nome_file>039149700_57_148.pdf</nome_file><codice_raccomandata>685632280284</codice_raccomandata><data_esito>23/10/2021</data_esito><tipo_esito/><motivo_inesito/><campo_aggiuntivo/><nome/><cognome/><indirizzo/><cap/><citta/><provincia/></Raccomandata><Raccomandata><nome_file>039149700_57_151.pdf</nome_file><codice_raccomandata>685632279634</codice_raccomandata><data_esito>23/10/2021</data_esito><tipo_esito/><motivo_inesito/><campo_aggiuntivo/><nome/><cognome/><indirizzo/><cap/><citta/><provincia/></Raccomandata><Raccomandata><nome_file>039149700_57_154.pdf</nome_file><codice_raccomandata>685632279327</codice_raccomandata><data_esito>23/10/2021</data_esito><tipo_esito/><motivo_inesito/><campo_aggiuntivo/><nome/><cognome/><indirizzo/><cap/><citta/><provincia/></Raccomandata><Raccomandata><nome_file>039149700_57_157.pdf</nome_file><codice_raccomandata>685632273308</codice_raccomandata><data_esito>20/10/2021</data_esito><tipo_esito/><motivo_inesito/><campo_aggiuntivo/><nome/><cognome/><indirizzo/><cap/><citta/><provincia/></Raccomandata><Raccomandata><nome_file>039149700_57_160.pdf</nome_file><codice_raccomandata>685632269449</codice_raccomandata><data_esito>21/10/2021</data_esito><tipo_esito/><motivo_inesito/><campo_aggiuntivo/><nome/><cognome/><indirizzo/><cap/><citta/><provincia/></Raccomandata><Raccomandata><nome_file>039149700_57_163.pdf</nome_file><codice_raccomandata>685632283469</codice_raccomandata><data_esito>21/10/2021</data_esito><tipo_esito/><motivo_inesito/><campo_aggiuntivo/><nome/><cognome/><indirizzo/><cap/><citta/><provincia/></Raccomandata><Raccomandata><nome_file>039149700_57_166.pdf</nome_file><codice_raccomandata>685632281661</codice_raccomandata><data_esito>19/10/2021</data_esito><tipo_esito/><motivo_inesito/><campo_aggiuntivo/><nome/><cognome/><indirizzo/><cap/><citta/><provincia/></Raccomandata><Raccomandata><nome_file>039149700_57_169.pdf</nome_file><codice_raccomandata>685632280261</codice_raccomandata><data_esito>19/10/2021</data_esito><tipo_esito/><motivo_inesito/><campo_aggiuntivo/><nome/><cognome/><indirizzo/><cap/><citta/><provincia/></Raccomandata><Raccomandata><nome_file>039149700_57_172.pdf</nome_file><codice_raccomandata>685632279805</codice_raccomandata><data_esito>23/10/2021</data_esito><tipo_esito/><motivo_inesito/><campo_aggiuntivo/><nome/><cognome/><indirizzo/><cap/><citta/><provincia/></Raccomandata><Raccomandata><nome_file>039149700_57_175.pdf</nome_file><codice_raccomandata>685632265843</codice_raccomandata><data_esito>20/10/2021</data_esito><tipo_esito/><motivo_inesito/><campo_aggiuntivo/><nome/><cognome/><indirizzo/><cap/><citta/><provincia/></Raccomandata><Raccomandata><nome_file>039149700_57_178.pdf</nome_file><codice_raccomandata>685632283993</codice_raccomandata><data_esito>22/10/2021</data_esito><tipo_esito/><motivo_inesito/><campo_aggiuntivo/><nome/><cognome/><indirizzo/><cap/><citta/><provincia/></Raccomandata><Raccomandata><nome_file>039149700_57_181.pdf</nome_file><codice_raccomandata>685632274115</codice_raccomandata><data_esito>21/10/2021</data_esito><tipo_esito/><motivo_inesito/><campo_aggiuntivo/><nome/><cognome/><indirizzo/><cap/><citta/><provincia/></Raccomandata><Raccomandata><nome_file>039149700_57_184.pdf</nome_file><codice_raccomandata>685632276471</codice_raccomandata><data_esito>20/10/2021</data_esito><tipo_esito/><motivo_inesito/><campo_aggiuntivo/><nome/><cognome/><indirizzo/><cap/><citta/><provincia/></Raccomandata><Raccomandata><nome_file>039149700_57_187.pdf</nome_file><codice_raccomandata>685632271954</codice_raccomandata><data_esito>20/10/2021</data_esito><tipo_esito/><motivo_inesito/><campo_aggiuntivo/><nome/><cognome/><indirizzo/><cap/><citta/><provincia/></Raccomandata><Raccomandata><nome_file>039149700_57_190.pdf</nome_file><codice_raccomandata>685632278028</codice_raccomandata><data_esito>21/10/2021</data_esito><tipo_esito/><motivo_inesito/><campo_aggiuntivo/><nome/><cognome/><indirizzo/><cap/><citta/><provincia/></Raccomandata><Raccomandata><nome_file>039149700_57_193.pdf</nome_file><codice_raccomandata>685632273387</codice_raccomandata><data_esito>20/10/2021</data_esito><tipo_esito/><motivo_inesito/><campo_aggiuntivo/><nome/><cognome/><indirizzo/><cap/><citta/><provincia/></Raccomandata><Raccomandata><nome_file>039149700_57_196.pdf</nome_file><codice_raccomandata>685632269405</codice_raccomandata><data_esito>23/10/2021</data_esito><tipo_esito/><motivo_inesito/><campo_aggiuntivo/><nome/><cognome/><indirizzo/><cap/><citta/><provincia/></Raccomandata><Raccomandata><nome_file>039149700_57_199.pdf</nome_file><codice_raccomandata>685632280329</codice_raccomandata><data_esito>20/10/2021</data_esito><tipo_esito/><motivo_inesito/><campo_aggiuntivo/><nome/><cognome/><indirizzo/><cap/><citta/><provincia/></Raccomandata><Raccomandata><nome_file>039149700_57_202.pdf</nome_file><codice_raccomandata>685632277871</codice_raccomandata><data_esito>21/10/2021</data_esito><tipo_esito/><motivo_inesito/><campo_aggiuntivo/><nome/><cognome/><indirizzo/><cap/><citta/><provincia/></Raccomandata><Raccomandata><nome_file>039149700_57_205.pdf</nome_file><codice_raccomandata>685632279053</codice_raccomandata><data_esito>23/10/2021</data_esito><tipo_esito/><motivo_inesito/><campo_aggiuntivo/><nome/><cognome/><indirizzo/><cap/><citta/><provincia/></Raccomandata><Raccomandata><nome_file>039149700_57_208.pdf</nome_file><codice_raccomandata>685632282662</codice_raccomandata><data_esito>19/10/2021</data_esito><tipo_esito/><motivo_inesito/><campo_aggiuntivo/><nome/><cognome/><indirizzo/><cap/><citta/><provincia/></Raccomandata><Raccomandata><nome_file>039149700_57_211.pdf</nome_file><codice_raccomandata>685632277563</codice_raccomandata><data_esito>21/10/2021</data_esito><tipo_esito/><motivo_inesito/><campo_aggiuntivo/><nome/><cognome/><indirizzo/><cap/><citta/><provincia/></Raccomandata><Raccomandata><nome_file>039149700_57_214.pdf</nome_file><codice_raccomandata>685632279292</codice_raccomandata><data_esito>23/10/2021</data_esito><tipo_esito/><motivo_inesito/><campo_aggiuntivo/><nome/><cognome/><indirizzo/><cap/><citta/><provincia/></Raccomandata><Raccomandata><nome_file>039149700_57_217.pdf</nome_file><codice_raccomandata>685632271670</codice_raccomandata><data_esito>20/10/2021</data_esito><tipo_esito/><motivo_inesito/><campo_aggiuntivo/><nome/><cognome/><indirizzo/><cap/><citta/><provincia/></Raccomandata><Raccomandata><nome_file>039149700_57_220.pdf</nome_file><codice_raccomandata>685632277609</codice_raccomandata><data_esito>18/10/2021</data_esito><tipo_esito/><motivo_inesito/><campo_aggiuntivo/><nome/><cognome/><indirizzo/><cap/><citta/><provincia/></Raccomandata><Raccomandata><nome_file>039149700_57_223.pdf</nome_file><codice_raccomandata>685632272113</codice_raccomandata><data_esito>23/10/2021</data_esito><tipo_esito/><motivo_inesito/><campo_aggiuntivo/><nome/><cognome/><indirizzo/><cap/><citta/><provincia/></Raccomandata><Raccomandata><nome_file>039149700_57_226.pdf</nome_file><codice_raccomandata>685632279199</codice_raccomandata><data_esito>23/10/2021</data_esito><tipo_esito/><motivo_inesito/><campo_aggiuntivo/><nome/><cognome/><indirizzo/><cap/><citta/><provincia/></Raccomandata><Raccomandata><nome_file>039149700_57_229.pdf</nome_file><codice_raccomandata>685632280693</codice_raccomandata><data_esito>19/10/2021</data_esito><tipo_esito/><motivo_inesito/><campo_aggiuntivo/><nome/><cognome/><indirizzo/><cap/><citta/><provincia/></Raccomandata><Raccomandata><nome_file>039149700_57_232.pdf</nome_file><codice_raccomandata>685632275311</codice_raccomandata><data_esito>19/10/2021</data_esito><tipo_esito/><motivo_inesito/><campo_aggiuntivo/><nome/><cognome/><indirizzo/><cap/><citta/><provincia/></Raccomandata><Raccomandata><nome_file>039149700_57_235.pdf</nome_file><codice_raccomandata>685632269643</codice_raccomandata><data_esito>22/10/2021</data_esito><tipo_esito/><motivo_inesito/><campo_aggiuntivo/><nome/><cognome/><indirizzo/><cap/><citta/><provincia/></Raccomandata><Raccomandata><nome_file>039149700_57_238.pdf</nome_file><codice_raccomandata>685632271340</codice_raccomandata><data_esito>20/10/2021</data_esito><tipo_esito/><motivo_inesito/><campo_aggiuntivo/><nome/><cognome/><indirizzo/><cap/><citta/><provincia/></Raccomandata><Raccomandata><nome_file>039149700_57_241.pdf</nome_file><codice_raccomandata>685632278371</codice_raccomandata><data_esito>20/10/2021</data_esito><tipo_esito/><motivo_inesito/><campo_aggiuntivo/><nome/><cognome/><indirizzo/><cap/><citta/><provincia/></Raccomandata><Raccomandata><nome_file>039149700_57_244.pdf</nome_file><codice_raccomandata>685632276048</codice_raccomandata><data_esito>20/10/2021</data_esito><tipo_esito/><motivo_inesito/><campo_aggiuntivo/><nome/><cognome/><indirizzo/><cap/><citta/><provincia/></Raccomandata><Raccomandata><nome_file>039149700_57_247.pdf</nome_file><codice_raccomandata>685632278406</codice_raccomandata><data_esito>21/10/2021</data_esito><tipo_esito/><motivo_inesito/><campo_aggiuntivo/><nome/><cognome/><indirizzo/><cap/><citta/><provincia/></Raccomandata><Raccomandata><nome_file>039149700_57_250.pdf</nome_file><codice_raccomandata>685632271841</codice_raccomandata><data_esito>21/10/2021</data_esito><tipo_esito/><motivo_inesito/><campo_aggiuntivo/><nome/><cognome/><indirizzo/><cap/><citta/><provincia/></Raccomandata><Raccomandata><nome_file>039149700_57_253.pdf</nome_file><codice_raccomandata>685632282525</codice_raccomandata><data_esito>19/10/2021</data_esito><tipo_esito/><motivo_inesito/><campo_aggiuntivo/><nome/><cognome/><indirizzo/><cap/><citta/><provincia/></Raccomandata><Raccomandata><nome_file>039149700_57_256.pdf</nome_file><codice_raccomandata>685632279097</codice_raccomandata><data_esito>19/10/2021</data_esito><tipo_esito/><motivo_inesito/><campo_aggiuntivo/><nome/><cognome/><indirizzo/><cap/><citta/><provincia/></Raccomandata><Raccomandata><nome_file>039149700_57_259.pdf</nome_file><codice_raccomandata>685632279612</codice_raccomandata><data_esito>23/10/2021</data_esito><tipo_esito/><motivo_inesito/><campo_aggiuntivo/><nome/><cognome/><indirizzo/><cap/><citta/><provincia/></Raccomandata><Raccomandata><nome_file>039149700_57_262.pdf</nome_file><codice_raccomandata>685632278235</codice_raccomandata><data_esito>21/10/2021</data_esito><tipo_esito/><motivo_inesito/><campo_aggiuntivo/><nome/><cognome/><indirizzo/><cap/><citta/><provincia/></Raccomandata><Raccomandata><nome_file>039149700_57_265.pdf</nome_file><codice_raccomandata>685632279086</codice_raccomandata><data_esito>23/10/2021</data_esito><tipo_esito/><motivo_inesito/><campo_aggiuntivo/><nome/><cognome/><indirizzo/><cap/><citta/><provincia/></Raccomandata><Raccomandata><nome_file>039149700_57_268.pdf</nome_file><codice_raccomandata>685632277676</codice_raccomandata><data_esito>23/10/2021</data_esito><tipo_esito/><motivo_inesito/><campo_aggiuntivo/><nome/><cognome/><indirizzo/><cap/><citta/><provincia/></Raccomandata><Raccomandata><nome_file>039149700_57_271.pdf</nome_file><codice_raccomandata>685632268437</codice_raccomandata><data_esito>10/10/2021</data_esito><tipo_esito/><motivo_inesito/><campo_aggiuntivo/><nome/><cognome/><indirizzo/><cap/><citta/><provincia/></Raccomandata><Raccomandata><nome_file>039149700_57_274.pdf</nome_file><codice_raccomandata>685632283709</codice_raccomandata><data_esito>25/10/2021</data_esito><tipo_esito/><motivo_inesito/><campo_aggiuntivo/><nome/><cognome/><indirizzo/><cap/><citta/><provincia/></Raccomandata><Raccomandata><nome_file>039149700_57_277.pdf</nome_file><codice_raccomandata>685632272295</codice_raccomandata><data_esito>23/10/2021</data_esito><tipo_esito/><motivo_inesito/><campo_aggiuntivo/><nome/><cognome/><indirizzo/><cap/><citta/><provincia/></Raccomandata><Raccomandata><nome_file>039149700_57_280.pdf</nome_file><codice_raccomandata>685632284139</codice_raccomandata><data_esito>21/10/2021</data_esito><tipo_esito/><motivo_inesito/><campo_aggiuntivo/><nome/><cognome/><indirizzo/><cap/><citta/><provincia/></Raccomandata><Raccomandata><nome_file>039149700_57_283.pdf</nome_file><codice_raccomandata>685632281456</codice_raccomandata><data_esito>22/10/2021</data_esito><tipo_esito/><motivo_inesito/><campo_aggiuntivo/><nome/><cognome/><indirizzo/><cap/><citta/><provincia/></Raccomandata><Raccomandata><nome_file>039149700_57_286.pdf</nome_file><codice_raccomandata>685632274024</codice_raccomandata><data_esito>19/10/2021</data_esito><tipo_esito/><motivo_inesito/><campo_aggiuntivo/><nome/><cognome/><indirizzo/><cap/><citta/><provincia/></Raccomandata><Raccomandata><nome_file>039149700_57_289.pdf</nome_file><codice_raccomandata>685632276961</codice_raccomandata><data_esito>20/10/2021</data_esito><tipo_esito/><motivo_inesito/><campo_aggiuntivo/><nome/><cognome/><indirizzo/><cap/><citta/><provincia/></Raccomandata><Raccomandata><nome_file>039149700_57_292.pdf</nome_file><codice_raccomandata>685632274194</codice_raccomandata><data_esito>22/10/2021</data_esito><tipo_esito/><motivo_inesito/><campo_aggiuntivo/><nome/><cognome/><indirizzo/><cap/><citta/><provincia/></Raccomandata><Raccomandata><nome_file>039149700_57_295.pdf</nome_file><codice_raccomandata>685632274582</codice_raccomandata><data_esito>20/10/2021</data_esito><tipo_esito/><motivo_inesito/><campo_aggiuntivo/><nome/><cognome/><indirizzo/><cap/><citta/><provincia/></Raccomandata><Raccomandata><nome_file>039149700_57_298.pdf</nome_file><codice_raccomandata>685632276620</codice_raccomandata><data_esito>20/10/2021</data_esito><tipo_esito/><motivo_inesito/><campo_aggiuntivo/><nome/><cognome/><indirizzo/><cap/><citta/><provincia/></Raccomandata><Raccomandata><nome_file>039149700_57_301.pdf</nome_file><codice_raccomandata>685632270100</codice_raccomandata><data_esito>20/10/2021</data_esito><tipo_esito/><motivo_inesito/><campo_aggiuntivo/><nome/><cognome/><indirizzo/><cap/><citta/><provincia/></Raccomandata><Raccomandata><nome_file>039149700_57_304.pdf</nome_file><codice_raccomandata>685632272204</codice_raccomandata><data_esito>19/10/2021</data_esito><tipo_esito/><motivo_inesito/><campo_aggiuntivo/><nome/><cognome/><indirizzo/><cap/><citta/><provincia/></Raccomandata><Raccomandata><nome_file>039149700_57_307.pdf</nome_file><codice_raccomandata>685632279862</codice_raccomandata><data_esito>23/10/2021</data_esito><tipo_esito/><motivo_inesito/><campo_aggiuntivo/><nome/><cognome/><indirizzo/><cap/><citta/><provincia/></Raccomandata><Raccomandata><nome_file>039149700_57_310.pdf</nome_file><codice_raccomandata>685632279725</codice_raccomandata><data_esito>23/10/2021</data_esito><tipo_esito/><motivo_inesito/><campo_aggiuntivo/><nome/><cognome/><indirizzo/><cap/><citta/><provincia/></Raccomandata><Raccomandata><nome_file>039149700_57_313.pdf</nome_file><codice_raccomandata>685632272260</codice_raccomandata><data_esito>23/10/2021</data_esito><tipo_esito/><motivo_inesito/><campo_aggiuntivo/><nome/><cognome/><indirizzo/><cap/><citta/><provincia/></Raccomandata><Raccomandata><nome_file>039149700_57_316.pdf</nome_file><codice_raccomandata>685632272090</codice_raccomandata><data_esito>23/10/2021</data_esito><tipo_esito/><motivo_inesito/><campo_aggiuntivo/><nome/><cognome/><indirizzo/><cap/><citta/><provincia/></Raccomandata><Raccomandata><nome_file>039149700_57_319.pdf</nome_file><codice_raccomandata>685632272273</codice_raccomandata><data_esito>23/10/2021</data_esito><tipo_esito/><motivo_inesito/><campo_aggiuntivo/><nome/><cognome/><indirizzo/><cap/><citta/><provincia/></Raccomandata><Raccomandata><nome_file>039149700_57_322.pdf</nome_file><codice_raccomandata>685632275630</codice_raccomandata><data_esito>22/10/2021</data_esito><tipo_esito/><motivo_inesito/><campo_aggiuntivo/><nome/><cognome/><indirizzo/><cap/><citta/><provincia/></Raccomandata><Raccomandata><nome_file>039149700_57_325.pdf</nome_file><codice_raccomandata>685632283300</codice_raccomandata><data_esito>21/10/2021</data_esito><tipo_esito/><motivo_inesito/><campo_aggiuntivo/><nome/><cognome/><indirizzo/><cap/><citta/><provincia/></Raccomandata><Raccomandata><nome_file>039149700_57_328.pdf</nome_file><codice_raccomandata>685632279565</codice_raccomandata><data_esito>20/10/2021</data_esito><tipo_esito/><motivo_inesito/><campo_aggiuntivo/><nome/><cognome/><indirizzo/><cap/><citta/><provincia/></Raccomandata><Raccomandata><nome_file>039149700_57_331.pdf</nome_file><codice_raccomandata>685632284128</codice_raccomandata><data_esito>23/10/2021</data_esito><tipo_esito/><motivo_inesito/><campo_aggiuntivo/><nome/><cognome/><indirizzo/><cap/><citta/><provincia/></Raccomandata><Raccomandata><nome_file>039149700_57_334.pdf</nome_file><codice_raccomandata>685632270268</codice_raccomandata><data_esito>20/10/2021</data_esito><tipo_esito/><motivo_inesito/><campo_aggiuntivo/><nome/><cognome/><indirizzo/><cap/><citta/><provincia/></Raccomandata><Raccomandata><nome_file>039149700_57_337.pdf</nome_file><codice_raccomandata>685632269859</codice_raccomandata><data_esito>20/10/2021</data_esito><tipo_esito/><motivo_inesito/><campo_aggiuntivo/><nome/><cognome/><indirizzo/><cap/><citta/><provincia/></Raccomandata><Raccomandata><nome_file>039149700_57_340.pdf</nome_file><codice_raccomandata>685632278894</codice_raccomandata><data_esito>21/10/2021</data_esito><tipo_esito/><motivo_inesito/><campo_aggiuntivo/><nome/><cognome/><indirizzo/><cap/><citta/><provincia/></Raccomandata><Raccomandata><nome_file>039149700_57_343.pdf</nome_file><codice_raccomandata>685632283936</codice_raccomandata><data_esito>19/10/2021</data_esito><tipo_esito/><motivo_inesito/><campo_aggiuntivo/><nome/><cognome/><indirizzo/><cap/><citta/><provincia/></Raccomandata><Raccomandata><nome_file>039149700_57_346.pdf</nome_file><codice_raccomandata>685632279486</codice_raccomandata><data_esito>23/10/2021</data_esito><tipo_esito/><motivo_inesito/><campo_aggiuntivo/><nome/><cognome/><indirizzo/><cap/><citta/><provincia/></Raccomandata><Raccomandata><nome_file>039149700_57_349.pdf</nome_file><codice_raccomandata>685632264066</codice_raccomandata><data_esito>21/10/2021</data_esito><tipo_esito/><motivo_inesito/><campo_aggiuntivo/><nome/><cognome/><indirizzo/><cap/><citta/><provincia/></Raccomandata><Raccomandata><nome_file>039149700_57_352.pdf</nome_file><codice_raccomandata>685632271863</codice_raccomandata><data_esito>19/10/2021</data_esito><tipo_esito/><motivo_inesito/><campo_aggiuntivo/><nome/><cognome/><indirizzo/><cap/><citta/><provincia/></Raccomandata><Raccomandata><nome_file>039149700_57_355.pdf</nome_file><codice_raccomandata>685632269951</codice_raccomandata><data_esito>26/10/2021</data_esito><tipo_esito/><motivo_inesito/><campo_aggiuntivo/><nome/><cognome/><indirizzo/><cap/><citta/><provincia/></Raccomandata><Raccomandata><nome_file>039149700_57_358.pdf</nome_file><codice_raccomandata>685632278952</codice_raccomandata><data_esito>21/10/2021</data_esito><tipo_esito/><motivo_inesito/><campo_aggiuntivo/><nome/><cognome/><indirizzo/><cap/><citta/><provincia/></Raccomandata><Raccomandata><nome_file>039149700_57_361.pdf</nome_file><codice_raccomandata>685632265216</codice_raccomandata><data_esito>19/10/2021</data_esito><tipo_esito/><motivo_inesito/><campo_aggiuntivo/><nome/><cognome/><indirizzo/><cap/><citta/><provincia/></Raccomandata><Raccomandata><nome_file>039149700_57_364.pdf</nome_file><codice_raccomandata>685632274446</codice_raccomandata><data_esito>20/10/2021</data_esito><tipo_esito/><motivo_inesito/><campo_aggiuntivo/><nome/><cognome/><indirizzo/><cap/><citta/><provincia/></Raccomandata><Raccomandata><nome_file>039149700_57_367.pdf</nome_file><codice_raccomandata>685632281729</codice_raccomandata><data_esito>19/10/2021</data_esito><tipo_esito/><motivo_inesito/><campo_aggiuntivo/><nome/><cognome/><indirizzo/><cap/><citta/><provincia/></Raccomandata><Raccomandata><nome_file>039149700_57_370.pdf</nome_file><codice_raccomandata>685632265547</codice_raccomandata><data_esito>21/10/2021</data_esito><tipo_esito/><motivo_inesito/><campo_aggiuntivo/><nome/><cognome/><indirizzo/><cap/><citta/><provincia/></Raccomandata><Raccomandata><nome_file>039149700_57_373.pdf</nome_file><codice_raccomandata>685632280501</codice_raccomandata><data_esito>23/10/2021</data_esito><tipo_esito/><motivo_inesito/><campo_aggiuntivo/><nome/><cognome/><indirizzo/><cap/><citta/><provincia/></Raccomandata><Raccomandata><nome_file>039149700_57_376.pdf</nome_file><codice_raccomandata>685632279177</codice_raccomandata><data_esito>23/10/2021</data_esito><tipo_esito/><motivo_inesito/><campo_aggiuntivo/><nome/><cognome/><indirizzo/><cap/><citta/><provincia/></Raccomandata><Raccomandata><nome_file>039149700_57_379.pdf</nome_file><codice_raccomandata>685632278041</codice_raccomandata><data_esito>20/10/2021</data_esito><tipo_esito/><motivo_inesito/><campo_aggiuntivo/><nome/><cognome/><indirizzo/><cap/><citta/><provincia/></Raccomandata><Raccomandata><nome_file>039149700_57_382.pdf</nome_file><codice_raccomandata>685632272124</codice_raccomandata><data_esito>23/10/2021</data_esito><tipo_esito/><motivo_inesito/><campo_aggiuntivo/><nome/><cognome/><indirizzo/><cap/><citta/><provincia/></Raccomandata><Raccomandata><nome_file>039149700_57_385.pdf</nome_file><codice_raccomandata>685632263772</codice_raccomandata><data_esito>19/10/2021</data_esito><tipo_esito/><motivo_inesito/><campo_aggiuntivo/><nome/><cognome/><indirizzo/><cap/><citta/><provincia/></Raccomandata><Raccomandata><nome_file>039149700_57_388.pdf</nome_file><codice_raccomandata>685632282148</codice_raccomandata><data_esito>20/10/2021</data_esito><tipo_esito/><motivo_inesito/><campo_aggiuntivo/><nome/><cognome/><indirizzo/><cap/><citta/><provincia/></Raccomandata><Raccomandata><nome_file>039149700_57_391.pdf</nome_file><codice_raccomandata>685632274888</codice_raccomandata><data_esito>21/10/2021</data_esito><tipo_esito/><motivo_inesito/><campo_aggiuntivo/><nome/><cognome/><indirizzo/><cap/><citta/><provincia/></Raccomandata><Raccomandata><nome_file>039149700_57_394.pdf</nome_file><codice_raccomandata>685632279122</codice_raccomandata><data_esito>20/10/2021</data_esito><tipo_esito/><motivo_inesito/><campo_aggiuntivo/><nome/><cognome/><indirizzo/><cap/><citta/><provincia/></Raccomandata><Raccomandata><nome_file>039149700_57_397.pdf</nome_file><codice_raccomandata>685632275390</codice_raccomandata><data_esito>19/10/2021</data_esito><tipo_esito/><motivo_inesito/><campo_aggiuntivo/><nome/><cognome/><indirizzo/><cap/><citta/><provincia/></Raccomandata><Raccomandata><nome_file>039149700_57_400.pdf</nome_file><codice_raccomandata>685632271442</codice_raccomandata><data_esito>21/10/2021</data_esito><tipo_esito/><motivo_inesito/><campo_aggiuntivo/><nome/><cognome/><indirizzo/><cap/><citta/><provincia/></Raccomandata><Raccomandata><nome_file>039149700_57_403.pdf</nome_file><codice_raccomandata>685632277734</codice_raccomandata><data_esito>20/10/2021</data_esito><tipo_esito/><motivo_inesito/><campo_aggiuntivo/><nome/><cognome/><indirizzo/><cap/><citta/><provincia/></Raccomandata><Raccomandata><nome_file>039149700_57_406.pdf</nome_file><codice_raccomandata>685632265067</codice_raccomandata><data_esito>20/10/2021</data_esito><tipo_esito/><motivo_inesito/><campo_aggiuntivo/><nome/><cognome/><indirizzo/><cap/><citta/><provincia/></Raccomandata><Raccomandata><nome_file>039149700_57_409.pdf</nome_file><codice_raccomandata>685632264660</codice_raccomandata><data_esito>23/10/2021</data_esito><tipo_esito/><motivo_inesito/><campo_aggiuntivo/><nome/><cognome/><indirizzo/><cap/><citta/><provincia/></Raccomandata><Raccomandata><nome_file>039149700_57_412.pdf</nome_file><codice_raccomandata>685632274491</codice_raccomandata><data_esito>23/10/2021</data_esito><tipo_esito/><motivo_inesito/><campo_aggiuntivo/><nome/><cognome/><indirizzo/><cap/><citta/><provincia/></Raccomandata><Raccomandata><nome_file>039149700_57_415.pdf</nome_file><codice_raccomandata>685632283891</codice_raccomandata><data_esito>19/10/2021</data_esito><tipo_esito/><motivo_inesito/><campo_aggiuntivo/><nome/><cognome/><indirizzo/><cap/><citta/><provincia/></Raccomandata><Raccomandata><nome_file>039149700_57_418.pdf</nome_file><codice_raccomandata>685632284209</codice_raccomandata><data_esito>19/10/2021</data_esito><tipo_esito/><motivo_inesito/><campo_aggiuntivo/><nome/><cognome/><indirizzo/><cap/><citta/><provincia/></Raccomandata><Raccomandata><nome_file>039149700_57_421.pdf</nome_file><codice_raccomandata>685632283641</codice_raccomandata><data_esito>25/10/2021</data_esito><tipo_esito/><motivo_inesito/><campo_aggiuntivo/><nome/><cognome/><indirizzo/><cap/><citta/><provincia/></Raccomandata><Raccomandata><nome_file>039149700_57_424.pdf</nome_file><codice_raccomandata>685632275138</codice_raccomandata><data_esito>20/10/2021</data_esito><tipo_esito/><motivo_inesito/><campo_aggiuntivo/><nome/><cognome/><indirizzo/><cap/><citta/><provincia/></Raccomandata><Raccomandata><nome_file>039149700_57_427.pdf</nome_file><codice_raccomandata>685632264682</codice_raccomandata><data_esito>20/10/2021</data_esito><tipo_esito/><motivo_inesito/><campo_aggiuntivo/><nome/><cognome/><indirizzo/><cap/><citta/><provincia/></Raccomandata><Raccomandata><nome_file>039149700_57_430.pdf</nome_file><codice_raccomandata>685632266673</codice_raccomandata><data_esito>19/10/2021</data_esito><tipo_esito/><motivo_inesito/><campo_aggiuntivo/><nome/><cognome/><indirizzo/><cap/><citta/><provincia/></Raccomandata><Raccomandata><nome_file>039149700_57_433.pdf</nome_file><codice_raccomandata>685632279793</codice_raccomandata><data_esito>20/10/2021</data_esito><tipo_esito/><motivo_inesito/><campo_aggiuntivo/><nome/><cognome/><indirizzo/><cap/><citta/><provincia/></Raccomandata><Raccomandata><nome_file>039149700_57_436.pdf</nome_file><codice_raccomandata>685632282673</codice_raccomandata><data_esito>21/10/2021</data_esito><tipo_esito/><motivo_inesito/><campo_aggiuntivo/><nome/><cognome/><indirizzo/><cap/><citta/><provincia/></Raccomandata><Raccomandata><nome_file>039149700_57_439.pdf</nome_file><codice_raccomandata>685632272226</codice_raccomandata><data_esito>19/10/2021</data_esito><tipo_esito/><motivo_inesito/><campo_aggiuntivo/><nome/><cognome/><indirizzo/><cap/><citta/><provincia/></Raccomandata><Raccomandata><nome_file>039149700_57_442.pdf</nome_file><codice_raccomandata>685632280762</codice_raccomandata><data_esito>20/10/2021</data_esito><tipo_esito/><motivo_inesito/><campo_aggiuntivo/><nome/><cognome/><indirizzo/><cap/><citta/><provincia/></Raccomandata><Raccomandata><nome_file>039149700_57_445.pdf</nome_file><codice_raccomandata>685632273285</codice_raccomandata><data_esito>20/10/2021</data_esito><tipo_esito/><motivo_inesito/><campo_aggiuntivo/><nome/><cognome/><indirizzo/><cap/><citta/><provincia/></Raccomandata><Raccomandata><nome_file>039149700_57_448.pdf</nome_file><codice_raccomandata>685632263896</codice_raccomandata><data_esito>23/10/2021</data_esito><tipo_esito/><motivo_inesito/><campo_aggiuntivo/><nome/><cognome/><indirizzo/><cap/><citta/><provincia/></Raccomandata><Raccomandata><nome_file>039149700_57_451.pdf</nome_file><codice_raccomandata>685632264591</codice_raccomandata><data_esito>23/10/2021</data_esito><tipo_esito/><motivo_inesito/><campo_aggiuntivo/><nome/><cognome/><indirizzo/><cap/><citta/><provincia/></Raccomandata><Raccomandata><nome_file>039149700_57_454.pdf</nome_file><codice_raccomandata>685632269905</codice_raccomandata><data_esito>22/10/2021</data_esito><tipo_esito/><motivo_inesito/><campo_aggiuntivo/><nome/><cognome/><indirizzo/><cap/><citta/><provincia/></Raccomandata><Raccomandata><nome_file>039149700_57_457.pdf</nome_file><codice_raccomandata>685632278440</codice_raccomandata><data_esito>20/10/2021</data_esito><tipo_esito/><motivo_inesito/><campo_aggiuntivo/><nome/><cognome/><indirizzo/><cap/><citta/><provincia/></Raccomandata><Raccomandata><nome_file>039149700_57_460.pdf</nome_file><codice_raccomandata>685632275322</codice_raccomandata><data_esito>20/10/2021</data_esito><tipo_esito/><motivo_inesito/><campo_aggiuntivo/><nome/><cognome/><indirizzo/><cap/><citta/><provincia/></Raccomandata><Raccomandata><nome_file>039149700_57_463.pdf</nome_file><codice_raccomandata>685632278508</codice_raccomandata><data_esito>25/10/2021</data_esito><tipo_esito/><motivo_inesito/><campo_aggiuntivo/><nome/><cognome/><indirizzo/><cap/><citta/><provincia/></Raccomandata><Raccomandata><nome_file>039149700_57_466.pdf</nome_file><codice_raccomandata>685632278963</codice_raccomandata><data_esito>23/10/2021</data_esito><tipo_esito/><motivo_inesito/><campo_aggiuntivo/><nome/><cognome/><indirizzo/><cap/><citta/><provincia/></Raccomandata><Raccomandata><nome_file>039149700_57_469.pdf</nome_file><codice_raccomandata>685632279452</codice_raccomandata><data_esito>23/10/2021</data_esito><tipo_esito/><motivo_inesito/><campo_aggiuntivo/><nome/><cognome/><indirizzo/><cap/><citta/><provincia/></Raccomandata><Raccomandata><nome_file>039149700_57_472.pdf</nome_file><codice_raccomandata>685632273741</codice_raccomandata><data_esito>19/10/2021</data_esito><tipo_esito/><motivo_inesito/><campo_aggiuntivo/><nome/><cognome/><indirizzo/><cap/><citta/><provincia/></Raccomandata><Raccomandata><nome_file>039149700_57_475.pdf</nome_file><codice_raccomandata>685632272259</codice_raccomandata><data_esito>23/10/2021</data_esito><tipo_esito/><motivo_inesito/><campo_aggiuntivo/><nome/><cognome/><indirizzo/><cap/><citta/><provincia/></Raccomandata><Raccomandata><nome_file>039149700_57_478.pdf</nome_file><codice_raccomandata>685632282719</codice_raccomandata><data_esito>22/10/2021</data_esito><tipo_esito/><motivo_inesito/><campo_aggiuntivo/><nome/><cognome/><indirizzo/><cap/><citta/><provincia/></Raccomandata><Raccomandata><nome_file>039149700_57_481.pdf</nome_file><codice_raccomandata>685632274559</codice_raccomandata><data_esito>21/10/2021</data_esito><tipo_esito/><motivo_inesito/><campo_aggiuntivo/><nome/><cognome/><indirizzo/><cap/><citta/><provincia/></Raccomandata><Raccomandata><nome_file>039149700_57_484.pdf</nome_file><codice_raccomandata>685632271511</codice_raccomandata><data_esito>20/10/2021</data_esito><tipo_esito/><motivo_inesito/><campo_aggiuntivo/><nome/><cognome/><indirizzo/><cap/><citta/><provincia/></Raccomandata><Raccomandata><nome_file>039149700_57_487.pdf</nome_file><codice_raccomandata>685632281989</codice_raccomandata><data_esito>19/10/2021</data_esito><tipo_esito/><motivo_inesito/><campo_aggiuntivo/><nome/><cognome/><indirizzo/><cap/><citta/><provincia/></Raccomandata><Raccomandata><nome_file>039149700_57_490.pdf</nome_file><codice_raccomandata>685632277245</codice_raccomandata><data_esito>20/10/2021</data_esito><tipo_esito/><motivo_inesito/><campo_aggiuntivo/><nome/><cognome/><indirizzo/><cap/><citta/><provincia/></Raccomandata><Raccomandata><nome_file>039149700_57_493.pdf</nome_file><codice_raccomandata>685632264226</codice_raccomandata><data_esito>21/10/2021</data_esito><tipo_esito/><motivo_inesito/><campo_aggiuntivo/><nome/><cognome/><indirizzo/><cap/><citta/><provincia/></Raccomandata><Raccomandata><nome_file>039149700_57_496.pdf</nome_file><codice_raccomandata>685632265832</codice_raccomandata><data_esito>20/10/2021</data_esito><tipo_esito/><motivo_inesito/><campo_aggiuntivo/><nome/><cognome/><indirizzo/><cap/><citta/><provincia/></Raccomandata><Raccomandata><nome_file>039149700_57_499.pdf</nome_file><codice_raccomandata>685632272773</codice_raccomandata><data_esito>19/10/2021</data_esito><tipo_esito/><motivo_inesito/><campo_aggiuntivo/><nome/><cognome/><indirizzo/><cap/><citta/><provincia/></Raccomandata><Raccomandata><nome_file>039149700_57_502.pdf</nome_file><codice_raccomandata>685632265854</codice_raccomandata><data_esito>20/10/2021</data_esito><tipo_esito/><motivo_inesito/><campo_aggiuntivo/><nome/><cognome/><indirizzo/><cap/><citta/><provincia/></Raccomandata><Raccomandata><nome_file>039149700_57_505.pdf</nome_file><codice_raccomandata>685632281581</codice_raccomandata><data_esito>21/10/2021</data_esito><tipo_esito/><motivo_inesito/><campo_aggiuntivo/><nome/><cognome/><indirizzo/><cap/><citta/><provincia/></Raccomandata><Raccomandata><nome_file>039149700_57_508.pdf</nome_file><codice_raccomandata>685632274183</codice_raccomandata><data_esito>23/10/2021</data_esito><tipo_esito/><motivo_inesito/><campo_aggiuntivo/><nome/><cognome/><indirizzo/><cap/><citta/><provincia/></Raccomandata><Raccomandata><nome_file>039149700_57_511.pdf</nome_file><codice_raccomandata>685632279395</codice_raccomandata><data_esito>23/10/2021</data_esito><tipo_esito/><motivo_inesito/><campo_aggiuntivo/><nome/><cognome/><indirizzo/><cap/><citta/><provincia/></Raccomandata><Raccomandata><nome_file>039149700_57_514.pdf</nome_file><codice_raccomandata>685632274104</codice_raccomandata><data_esito>21/10/2021</data_esito><tipo_esito/><motivo_inesito/><campo_aggiuntivo/><nome/><cognome/><indirizzo/><cap/><citta/><provincia/></Raccomandata><Raccomandata><nome_file>039149700_57_517.pdf</nome_file><codice_raccomandata>685632279463</codice_raccomandata><data_esito>23/10/2021</data_esito><tipo_esito/><motivo_inesito/><campo_aggiuntivo/><nome/><cognome/><indirizzo/><cap/><citta/><provincia/></Raccomandata><Raccomandata><nome_file>039149700_57_520.pdf</nome_file><codice_raccomandata>685632281730</codice_raccomandata><data_esito>19/10/2021</data_esito><tipo_esito/><motivo_inesito/><campo_aggiuntivo/><nome/><cognome/><indirizzo/><cap/><citta/><provincia/></Raccomandata><Raccomandata><nome_file>039149700_57_523.pdf</nome_file><codice_raccomandata>685632273991</codice_raccomandata><data_esito>23/10/2021</data_esito><tipo_esito/><motivo_inesito/><campo_aggiuntivo/><nome/><cognome/><indirizzo/><cap/><citta/><provincia/></Raccomandata><Raccomandata><nome_file>039149700_57_526.pdf</nome_file><codice_raccomandata>685632276026</codice_raccomandata><data_esito>23/10/2021</data_esito><tipo_esito/><motivo_inesito/><campo_aggiuntivo/><nome/><cognome/><indirizzo/><cap/><citta/><provincia/></Raccomandata><Raccomandata><nome_file>039149700_57_529.pdf</nome_file><codice_raccomandata>685632272477</codice_raccomandata><data_esito>22/10/2021</data_esito><tipo_esito/><motivo_inesito/><campo_aggiuntivo/><nome/><cognome/><indirizzo/><cap/><citta/><provincia/></Raccomandata><Raccomandata><nome_file>039149700_57_532.pdf</nome_file><codice_raccomandata>685632276972</codice_raccomandata><data_esito>21/10/2021</data_esito><tipo_esito/><motivo_inesito/><campo_aggiuntivo/><nome/><cognome/><indirizzo/><cap/><citta/><provincia/></Raccomandata><Raccomandata><nome_file>039149700_57_535.pdf</nome_file><codice_raccomandata>685632282888</codice_raccomandata><data_esito>20/10/2021</data_esito><tipo_esito/><motivo_inesito/><campo_aggiuntivo/><nome/><cognome/><indirizzo/><cap/><citta/><provincia/></Raccomandata><Raccomandata><nome_file>039149700_57_538.pdf</nome_file><codice_raccomandata>685632274708</codice_raccomandata><data_esito>23/10/2021</data_esito><tipo_esito/><motivo_inesito/><campo_aggiuntivo/><nome/><cognome/><indirizzo/><cap/><citta/><provincia/></Raccomandata><Raccomandata><nome_file>039149700_57_541.pdf</nome_file><codice_raccomandata>685632275663</codice_raccomandata><data_esito>19/10/2021</data_esito><tipo_esito/><motivo_inesito/><campo_aggiuntivo/><nome/><cognome/><indirizzo/><cap/><citta/><provincia/></Raccomandata><Raccomandata><nome_file>039149700_57_544.pdf</nome_file><codice_raccomandata>685632268870</codice_raccomandata><data_esito>19/10/2021</data_esito><tipo_esito/><motivo_inesito/><campo_aggiuntivo/><nome/><cognome/><indirizzo/><cap/><citta/><provincia/></Raccomandata><Raccomandata><nome_file>039149700_57_547.pdf</nome_file><codice_raccomandata>685632275151</codice_raccomandata><data_esito>23/10/2021</data_esito><tipo_esito/><motivo_inesito/><campo_aggiuntivo/><nome/><cognome/><indirizzo/><cap/><citta/><provincia/></Raccomandata><Raccomandata><nome_file>039149700_57_550.pdf</nome_file><codice_raccomandata>685632278611</codice_raccomandata><data_esito>20/10/2021</data_esito><tipo_esito/><motivo_inesito/><campo_aggiuntivo/><nome/><cognome/><indirizzo/><cap/><citta/><provincia/></Raccomandata><Raccomandata><nome_file>039149700_57_553.pdf</nome_file><codice_raccomandata>685632276870</codice_raccomandata><data_esito>21/10/2021</data_esito><tipo_esito/><motivo_inesito/><campo_aggiuntivo/><nome/><cognome/><indirizzo/><cap/><citta/><provincia/></Raccomandata><Raccomandata><nome_file>039149700_57_556.pdf</nome_file><codice_raccomandata>685632281023</codice_raccomandata><data_esito>22/10/2021</data_esito><tipo_esito/><motivo_inesito/><campo_aggiuntivo/><nome/><cognome/><indirizzo/><cap/><citta/><provincia/></Raccomandata><Raccomandata><nome_file>039149700_57_559.pdf</nome_file><codice_raccomandata>685632273810</codice_raccomandata><data_esito>19/10/2021</data_esito><tipo_esito/><motivo_inesito/><campo_aggiuntivo/><nome/><cognome/><indirizzo/><cap/><citta/><provincia/></Raccomandata><Raccomandata><nome_file>039149700_57_562.pdf</nome_file><codice_raccomandata>685632270020</codice_raccomandata><data_esito>20/10/2021</data_esito><tipo_esito/><motivo_inesito/><campo_aggiuntivo/><nome/><cognome/><indirizzo/><cap/><citta/><provincia/></Raccomandata><Raccomandata><nome_file>039149700_57_565.pdf</nome_file><codice_raccomandata>685632272181</codice_raccomandata><data_esito>19/10/2021</data_esito><tipo_esito/><motivo_inesito/><campo_aggiuntivo/><nome/><cognome/><indirizzo/><cap/><citta/><provincia/></Raccomandata><Raccomandata><nome_file>039149700_57_568.pdf</nome_file><codice_raccomandata>685632270031</codice_raccomandata><data_esito>20/10/2021</data_esito><tipo_esito/><motivo_inesito/><campo_aggiuntivo/><nome/><cognome/><indirizzo/><cap/><citta/><provincia/></Raccomandata><Raccomandata><nome_file>039149700_57_571.pdf</nome_file><codice_raccomandata>685632280671</codice_raccomandata><data_esito>22/10/2021</data_esito><tipo_esito/><motivo_inesito/><campo_aggiuntivo/><nome/><cognome/><indirizzo/><cap/><citta/><provincia/></Raccomandata><Raccomandata><nome_file>039149700_57_574.pdf</nome_file><codice_raccomandata>685632283378</codice_raccomandata><data_esito>19/10/2021</data_esito><tipo_esito/><motivo_inesito/><campo_aggiuntivo/><nome/><cognome/><indirizzo/><cap/><citta/><provincia/></Raccomandata><Raccomandata><nome_file>039149700_57_577.pdf</nome_file><codice_raccomandata>685632272179</codice_raccomandata><data_esito>23/10/2021</data_esito><tipo_esito/><motivo_inesito/><campo_aggiuntivo/><nome/><cognome/><indirizzo/><cap/><citta/><provincia/></Raccomandata><Raccomandata><nome_file>039149700_57_580.pdf</nome_file><codice_raccomandata>685632264659</codice_raccomandata><data_esito>23/10/2021</data_esito><tipo_esito/><motivo_inesito/><campo_aggiuntivo/><nome/><cognome/><indirizzo/><cap/><citta/><provincia/></Raccomandata><Raccomandata><nome_file>039149700_57_583.pdf</nome_file><codice_raccomandata>685632281535</codice_raccomandata><data_esito>19/10/2021</data_esito><tipo_esito/><motivo_inesito/><campo_aggiuntivo/><nome/><cognome/><indirizzo/><cap/><citta/><provincia/></Raccomandata><Raccomandata><nome_file>039149700_57_586.pdf</nome_file><codice_raccomandata>685632283743</codice_raccomandata><data_esito>19/10/2021</data_esito><tipo_esito/><motivo_inesito/><campo_aggiuntivo/><nome/><cognome/><indirizzo/><cap/><citta/><provincia/></Raccomandata><Raccomandata><nome_file>039149700_57_589.pdf</nome_file><codice_raccomandata>685632277507</codice_raccomandata><data_esito>21/10/2021</data_esito><tipo_esito/><motivo_inesito/><campo_aggiuntivo/><nome/><cognome/><indirizzo/><cap/><citta/><provincia/></Raccomandata><Raccomandata><nome_file>039149700_57_592.pdf</nome_file><codice_raccomandata>685632281978</codice_raccomandata><data_esito>19/10/2021</data_esito><tipo_esito/><motivo_inesito/><campo_aggiuntivo/><nome/><cognome/><indirizzo/><cap/><citta/><provincia/></Raccomandata><Raccomandata><nome_file>039149700_57_595.pdf</nome_file><codice_raccomandata>685632278985</codice_raccomandata><data_esito>23/10/2021</data_esito><tipo_esito/><motivo_inesito/><campo_aggiuntivo/><nome/><cognome/><indirizzo/><cap/><citta/><provincia/></Raccomandata><Raccomandata><nome_file>039149700_57_598.pdf</nome_file><codice_raccomandata>685632268380</codice_raccomandata><data_esito>23/10/2021</data_esito><tipo_esito/><motivo_inesito/><campo_aggiuntivo/><nome/><cognome/><indirizzo/><cap/><citta/><provincia/></Raccomandata><Raccomandata><nome_file>039149700_57_601.pdf</nome_file><codice_raccomandata>685632283185</codice_raccomandata><data_esito>19/10/2021</data_esito><tipo_esito/><motivo_inesito/><campo_aggiuntivo/><nome/><cognome/><indirizzo/><cap/><citta/><provincia/></Raccomandata><Raccomandata><nome_file>039149700_57_604.pdf</nome_file><codice_raccomandata>685632271214</codice_raccomandata><data_esito>20/10/2021</data_esito><tipo_esito/><motivo_inesito/><campo_aggiuntivo/><nome/><cognome/><indirizzo/><cap/><citta/><provincia/></Raccomandata></Spedizione>
