<Spedizione Cliente="Z0088629" Archivio="IDF15090004_I.zip" Filename="IDF15090004_I.xml" NumeroRaccomandate="29"><Raccomandata><nome_file>038314300_57_7.pdf</nome_file><codice_raccomandata>685631982316</codice_raccomandata><data_esito/><tipo_esito/><motivo_inesito>09</motivo_inesito><campo_aggiuntivo/><nome/><cognome/><indirizzo/><cap/><citta/><provincia/></Raccomandata><Raccomandata><nome_file>038314300_57_10.pdf</nome_file><codice_raccomandata>685631991464</codice_raccomandata><data_esito/><tipo_esito/><motivo_inesito>10</motivo_inesito><campo_aggiuntivo/><nome/><cognome/><indirizzo/><cap/><citta/><provincia/></Raccomandata><Raccomandata><nome_file>038314300_57_13.pdf</nome_file><codice_raccomandata>685631988766</codice_raccomandata><data_esito/><tipo_esito/><motivo_inesito>09</motivo_inesito><campo_aggiuntivo/><nome/><cognome/><indirizzo/><cap/><citta/><provincia/></Raccomandata><Raccomandata><nome_file>038314300_57_16.pdf</nome_file><codice_raccomandata>685631978593</codice_raccomandata><data_esito/><tipo_esito/><motivo_inesito>09</motivo_inesito><campo_aggiuntivo/><nome/><cognome/><indirizzo/><cap/><citta/><provincia/></Raccomandata><Raccomandata><nome_file>038314300_57_19.pdf</nome_file><codice_raccomandata>685631978617</codice_raccomandata><data_esito/><tipo_esito/><motivo_inesito>09</motivo_inesito><campo_aggiuntivo/><nome/><cognome/><indirizzo/><cap/><citta/><provincia/></Raccomandata><Raccomandata><nome_file>038314300_57_22.pdf</nome_file><codice_raccomandata>685631976523</codice_raccomandata><data_esito/><tipo_esito/><motivo_inesito>09</motivo_inesito><campo_aggiuntivo/><nome/><cognome/><indirizzo/><cap/><citta/><provincia/></Raccomandata><Raccomandata><nome_file>038314300_57_25.pdf</nome_file><codice_raccomandata>685631976512</codice_raccomandata><data_esito/><tipo_esito/><motivo_inesito>09</motivo_inesito><campo_aggiuntivo/><nome/><cognome/><indirizzo/><cap/><citta/><provincia/></Raccomandata><Raccomandata><nome_file>038314300_57_28.pdf</nome_file><codice_raccomandata>685631991761</codice_raccomandata><data_esito/><tipo_esito/><motivo_inesito>09</motivo_inesito><campo_aggiuntivo/><nome/><cognome/><indirizzo/><cap/><citta/><provincia/></Raccomandata><Raccomandata><nome_file>038314300_57_31.pdf</nome_file><codice_raccomandata>685631997483</codice_raccomandata><data_esito/><tipo_esito/><motivo_inesito>09</motivo_inesito><campo_aggiuntivo/><nome/><cognome/><indirizzo/><cap/><citta/><provincia/></Raccomandata><Raccomandata><nome_file>038314300_57_34.pdf</nome_file><codice_raccomandata>685631997324</codice_raccomandata><data_esito/><tipo_esito/><motivo_inesito>09</motivo_inesito><campo_aggiuntivo/><nome/><cognome/><indirizzo/><cap/><citta/><provincia/></Raccomandata><Raccomandata><nome_file>038314300_57_37.pdf</nome_file><codice_raccomandata>685631988323</codice_raccomandata><data_esito/><tipo_esito/><motivo_inesito>09</motivo_inesito><campo_aggiuntivo/><nome/><cognome/><indirizzo/><cap/><citta/><provincia/></Raccomandata><Raccomandata><nome_file>038314300_57_40.pdf</nome_file><codice_raccomandata>685631994844</codice_raccomandata><data_esito/><tipo_esito/><motivo_inesito>09</motivo_inesito><campo_aggiuntivo/><nome/><cognome/><indirizzo/><cap/><citta/><provincia/></Raccomandata><Raccomandata><nome_file>038314300_57_43.pdf</nome_file><codice_raccomandata>685631967749</codice_raccomandata><data_esito/><tipo_esito/><motivo_inesito>09</motivo_inesito><campo_aggiuntivo/><nome/><cognome/><indirizzo/><cap/><citta/><provincia/></Raccomandata><Raccomandata><nome_file>038314300_57_46.pdf</nome_file><codice_raccomandata>685631981894</codice_raccomandata><data_esito/><tipo_esito/><motivo_inesito>09</motivo_inesito><campo_aggiuntivo/><nome/><cognome/><indirizzo/><cap/><citta/><provincia/></Raccomandata><Raccomandata><nome_file>038314300_57_49.pdf</nome_file><codice_raccomandata>685631990214</codice_raccomandata><data_esito/><tipo_esito/><motivo_inesito>09</motivo_inesito><campo_aggiuntivo/><nome/><cognome/><indirizzo/><cap/><citta/><provincia/></Raccomandata><Raccomandata><nome_file>038314300_57_52.pdf</nome_file><codice_raccomandata>685631980256</codice_raccomandata><data_esito/><tipo_esito/><motivo_inesito>09</motivo_inesito><campo_aggiuntivo/><nome/><cognome/><indirizzo/><cap/><citta/><provincia/></Raccomandata><Raccomandata><nome_file>038314300_57_55.pdf</nome_file><codice_raccomandata>685631994902</codice_raccomandata><data_esito/><tipo_esito/><motivo_inesito>09</motivo_inesito><campo_aggiuntivo/><nome/><cognome/><indirizzo/><cap/><citta/><provincia/></Raccomandata><Raccomandata><nome_file>038314300_57_58.pdf</nome_file><codice_raccomandata>685631997370</codice_raccomandata><data_esito/><tipo_esito/><motivo_inesito>09</motivo_inesito><campo_aggiuntivo/><nome/><cognome/><indirizzo/><cap/><citta/><provincia/></Raccomandata><Raccomandata><nome_file>038314300_57_61.pdf</nome_file><codice_raccomandata>685631997392</codice_raccomandata><data_esito/><tipo_esito/><motivo_inesito>09</motivo_inesito><campo_aggiuntivo/><nome/><cognome/><indirizzo/><cap/><citta/><provincia/></Raccomandata><Raccomandata><nome_file>038314300_57_64.pdf</nome_file><codice_raccomandata>685631997347</codice_raccomandata><data_esito/><tipo_esito/><motivo_inesito>09</motivo_inesito><campo_aggiuntivo/><nome/><cognome/><indirizzo/><cap/><citta/><provincia/></Raccomandata><Raccomandata><nome_file>038314300_57_67.pdf</nome_file><codice_raccomandata>685631996971</codice_raccomandata><data_esito/><tipo_esito/><motivo_inesito>09</motivo_inesito><campo_aggiuntivo/><nome/><cognome/><indirizzo/><cap/><citta/><provincia/></Raccomandata><Raccomandata><nome_file>038314300_57_70.pdf</nome_file><codice_raccomandata>685631979300</codice_raccomandata><data_esito/><tipo_esito/><motivo_inesito>09</motivo_inesito><campo_aggiuntivo/><nome/><cognome/><indirizzo/><cap/><citta/><provincia/></Raccomandata><Raccomandata><nome_file>038314300_57_73.pdf</nome_file><codice_raccomandata>685631969581</codice_raccomandata><data_esito/><tipo_esito/><motivo_inesito>09</motivo_inesito><campo_aggiuntivo/><nome/><cognome/><indirizzo/><cap/><citta/><provincia/></Raccomandata><Raccomandata><nome_file>038314300_57_76.pdf</nome_file><codice_raccomandata>685631976591</codice_raccomandata><data_esito/><tipo_esito/><motivo_inesito>09</motivo_inesito><campo_aggiuntivo/><nome/><cognome/><indirizzo/><cap/><citta/><provincia/></Raccomandata><Raccomandata><nome_file>038314300_57_79.pdf</nome_file><codice_raccomandata>685631976614</codice_raccomandata><data_esito/><tipo_esito/><motivo_inesito>09</motivo_inesito><campo_aggiuntivo/><nome/><cognome/><indirizzo/><cap/><citta/><provincia/></Raccomandata><Raccomandata><nome_file>038314300_57_82.pdf</nome_file><codice_raccomandata>685631976740</codice_raccomandata><data_esito/><tipo_esito/><motivo_inesito>09</motivo_inesito><campo_aggiuntivo/><nome/><cognome/><indirizzo/><cap/><citta/><provincia/></Raccomandata><Raccomandata><nome_file>038314300_57_85.pdf</nome_file><codice_raccomandata>685631976693</codice_raccomandata><data_esito/><tipo_esito/><motivo_inesito>09</motivo_inesito><campo_aggiuntivo/><nome/><cognome/><indirizzo/><cap/><citta/><provincia/></Raccomandata><Raccomandata><nome_file>038314300_57_88.pdf</nome_file><codice_raccomandata>685631976637</codice_raccomandata><data_esito/><tipo_esito/><motivo_inesito>09</motivo_inesito><campo_aggiuntivo/><nome/><cognome/><indirizzo/><cap/><citta/><provincia/></Raccomandata><Raccomandata><nome_file>038314300_57_91.pdf</nome_file><codice_raccomandata>685631976648</codice_raccomandata><data_esito/><tipo_esito/><motivo_inesito>09</motivo_inesito><campo_aggiuntivo/><nome/><cognome/><indirizzo/><cap/><citta/><provincia/></Raccomandata></Spedizione>
