<Spedizione Cliente="Z0088629" Archivio="IDF15090003_I.zip" Filename="IDF15090003_I.xml" NumeroRaccomandate="237"><Raccomandata><nome_file>038313300_57_7.pdf</nome_file><codice_raccomandata>685631981963</codice_raccomandata><data_esito/><tipo_esito/><motivo_inesito>04</motivo_inesito><campo_aggiuntivo/><nome/><cognome/><indirizzo/><cap/><citta/><provincia/></Raccomandata><Raccomandata><nome_file>038313300_57_10.pdf</nome_file><codice_raccomandata>685631968795</codice_raccomandata><data_esito/><tipo_esito/><motivo_inesito>04</motivo_inesito><campo_aggiuntivo/><nome/><cognome/><indirizzo/><cap/><citta/><provincia/></Raccomandata><Raccomandata><nome_file>038313300_57_13.pdf</nome_file><codice_raccomandata>685631967818</codice_raccomandata><data_esito/><tipo_esito/><motivo_inesito>04</motivo_inesito><campo_aggiuntivo/><nome/><cognome/><indirizzo/><cap/><citta/><provincia/></Raccomandata><Raccomandata><nome_file>038313300_57_16.pdf</nome_file><codice_raccomandata>685631995300</codice_raccomandata><data_esito/><tipo_esito/><motivo_inesito>04</motivo_inesito><campo_aggiuntivo/><nome/><cognome/><indirizzo/><cap/><citta/><provincia/></Raccomandata><Raccomandata><nome_file>038313300_57_19.pdf</nome_file><codice_raccomandata>685631968113</codice_raccomandata><data_esito/><tipo_esito/><motivo_inesito>04</motivo_inesito><campo_aggiuntivo/><nome/><cognome/><indirizzo/><cap/><citta/><provincia/></Raccomandata><Raccomandata><nome_file>038313300_57_22.pdf</nome_file><codice_raccomandata>685631986079</codice_raccomandata><data_esito/><tipo_esito/><motivo_inesito>04</motivo_inesito><campo_aggiuntivo/><nome/><cognome/><indirizzo/><cap/><citta/><provincia/></Raccomandata><Raccomandata><nome_file>038313300_57_25.pdf</nome_file><codice_raccomandata>685631984579</codice_raccomandata><data_esito/><tipo_esito/><motivo_inesito>04</motivo_inesito><campo_aggiuntivo/><nome/><cognome/><indirizzo/><cap/><citta/><provincia/></Raccomandata><Raccomandata><nome_file>038313300_57_28.pdf</nome_file><codice_raccomandata>685631986068</codice_raccomandata><data_esito/><tipo_esito/><motivo_inesito>04</motivo_inesito><campo_aggiuntivo/><nome/><cognome/><indirizzo/><cap/><citta/><provincia/></Raccomandata><Raccomandata><nome_file>038313300_57_31.pdf</nome_file><codice_raccomandata>685631972574</codice_raccomandata><data_esito/><tipo_esito/><motivo_inesito>04</motivo_inesito><campo_aggiuntivo/><nome/><cognome/><indirizzo/><cap/><citta/><provincia/></Raccomandata><Raccomandata><nome_file>038313300_57_34.pdf</nome_file><codice_raccomandata>685631984580</codice_raccomandata><data_esito/><tipo_esito/><motivo_inesito>04</motivo_inesito><campo_aggiuntivo/><nome/><cognome/><indirizzo/><cap/><citta/><provincia/></Raccomandata><Raccomandata><nome_file>038313300_57_37.pdf</nome_file><codice_raccomandata>685631990109</codice_raccomandata><data_esito/><tipo_esito/><motivo_inesito>04</motivo_inesito><campo_aggiuntivo/><nome/><cognome/><indirizzo/><cap/><citta/><provincia/></Raccomandata><Raccomandata><nome_file>038313300_57_40.pdf</nome_file><codice_raccomandata>685631986412</codice_raccomandata><data_esito/><tipo_esito/><motivo_inesito>04</motivo_inesito><campo_aggiuntivo/><nome/><cognome/><indirizzo/><cap/><citta/><provincia/></Raccomandata><Raccomandata><nome_file>038313300_57_43.pdf</nome_file><codice_raccomandata>685631984409</codice_raccomandata><data_esito/><tipo_esito/><motivo_inesito>04</motivo_inesito><campo_aggiuntivo/><nome/><cognome/><indirizzo/><cap/><citta/><provincia/></Raccomandata><Raccomandata><nome_file>038313300_57_46.pdf</nome_file><codice_raccomandata>685631988573</codice_raccomandata><data_esito/><tipo_esito/><motivo_inesito>04</motivo_inesito><campo_aggiuntivo/><nome/><cognome/><indirizzo/><cap/><citta/><provincia/></Raccomandata><Raccomandata><nome_file>038313300_57_49.pdf</nome_file><codice_raccomandata>685631987481</codice_raccomandata><data_esito/><tipo_esito/><motivo_inesito>04</motivo_inesito><campo_aggiuntivo/><nome/><cognome/><indirizzo/><cap/><citta/><provincia/></Raccomandata><Raccomandata><nome_file>038313300_57_52.pdf</nome_file><codice_raccomandata>685631988255</codice_raccomandata><data_esito/><tipo_esito/><motivo_inesito>04</motivo_inesito><campo_aggiuntivo/><nome/><cognome/><indirizzo/><cap/><citta/><provincia/></Raccomandata><Raccomandata><nome_file>038313300_57_55.pdf</nome_file><codice_raccomandata>685631990156</codice_raccomandata><data_esito/><tipo_esito/><motivo_inesito>04</motivo_inesito><campo_aggiuntivo/><nome/><cognome/><indirizzo/><cap/><citta/><provincia/></Raccomandata><Raccomandata><nome_file>038313300_57_58.pdf</nome_file><codice_raccomandata>685631984636</codice_raccomandata><data_esito/><tipo_esito/><motivo_inesito>04</motivo_inesito><campo_aggiuntivo/><nome/><cognome/><indirizzo/><cap/><citta/><provincia/></Raccomandata><Raccomandata><nome_file>038313300_57_61.pdf</nome_file><codice_raccomandata>685631982793</codice_raccomandata><data_esito/><tipo_esito/><motivo_inesito>04</motivo_inesito><campo_aggiuntivo/><nome/><cognome/><indirizzo/><cap/><citta/><provincia/></Raccomandata><Raccomandata><nome_file>038313300_57_64.pdf</nome_file><codice_raccomandata>685631974019</codice_raccomandata><data_esito/><tipo_esito/><motivo_inesito>04</motivo_inesito><campo_aggiuntivo/><nome/><cognome/><indirizzo/><cap/><citta/><provincia/></Raccomandata><Raccomandata><nome_file>038313300_57_67.pdf</nome_file><codice_raccomandata>685631997038</codice_raccomandata><data_esito/><tipo_esito/><motivo_inesito>04</motivo_inesito><campo_aggiuntivo/><nome/><cognome/><indirizzo/><cap/><citta/><provincia/></Raccomandata><Raccomandata><nome_file>038313300_57_70.pdf</nome_file><codice_raccomandata>685631985854</codice_raccomandata><data_esito/><tipo_esito/><motivo_inesito>04</motivo_inesito><campo_aggiuntivo/><nome/><cognome/><indirizzo/><cap/><citta/><provincia/></Raccomandata><Raccomandata><nome_file>038313300_57_73.pdf</nome_file><codice_raccomandata>685631985843</codice_raccomandata><data_esito/><tipo_esito/><motivo_inesito>04</motivo_inesito><campo_aggiuntivo/><nome/><cognome/><indirizzo/><cap/><citta/><provincia/></Raccomandata><Raccomandata><nome_file>038313300_57_76.pdf</nome_file><codice_raccomandata>685631984568</codice_raccomandata><data_esito/><tipo_esito/><motivo_inesito>04</motivo_inesito><campo_aggiuntivo/><nome/><cognome/><indirizzo/><cap/><citta/><provincia/></Raccomandata><Raccomandata><nome_file>038313300_57_79.pdf</nome_file><codice_raccomandata>685631984557</codice_raccomandata><data_esito/><tipo_esito/><motivo_inesito>04</motivo_inesito><campo_aggiuntivo/><nome/><cognome/><indirizzo/><cap/><citta/><provincia/></Raccomandata><Raccomandata><nome_file>038313300_57_82.pdf</nome_file><codice_raccomandata>685631984614</codice_raccomandata><data_esito/><tipo_esito/><motivo_inesito>04</motivo_inesito><campo_aggiuntivo/><nome/><cognome/><indirizzo/><cap/><citta/><provincia/></Raccomandata><Raccomandata><nome_file>038313300_57_85.pdf</nome_file><codice_raccomandata>685631987047</codice_raccomandata><data_esito/><tipo_esito/><motivo_inesito>04</motivo_inesito><campo_aggiuntivo/><nome/><cognome/><indirizzo/><cap/><citta/><provincia/></Raccomandata><Raccomandata><nome_file>038313300_57_88.pdf</nome_file><codice_raccomandata>685631993694</codice_raccomandata><data_esito/><tipo_esito/><motivo_inesito>04</motivo_inesito><campo_aggiuntivo/><nome/><cognome/><indirizzo/><cap/><citta/><provincia/></Raccomandata><Raccomandata><nome_file>038313300_57_91.pdf</nome_file><codice_raccomandata>685631996959</codice_raccomandata><data_esito/><tipo_esito/><motivo_inesito>04</motivo_inesito><campo_aggiuntivo/><nome/><cognome/><indirizzo/><cap/><citta/><provincia/></Raccomandata><Raccomandata><nome_file>038313300_57_94.pdf</nome_file><codice_raccomandata>685631986571</codice_raccomandata><data_esito/><tipo_esito/><motivo_inesito>04</motivo_inesito><campo_aggiuntivo/><nome/><cognome/><indirizzo/><cap/><citta/><provincia/></Raccomandata><Raccomandata><nome_file>038313300_57_97.pdf</nome_file><codice_raccomandata>685631988391</codice_raccomandata><data_esito/><tipo_esito/><motivo_inesito>04</motivo_inesito><campo_aggiuntivo/><nome/><cognome/><indirizzo/><cap/><citta/><provincia/></Raccomandata><Raccomandata><nome_file>038313300_57_100.pdf</nome_file><codice_raccomandata>685631989129</codice_raccomandata><data_esito/><tipo_esito/><motivo_inesito>04</motivo_inesito><campo_aggiuntivo/><nome/><cognome/><indirizzo/><cap/><citta/><provincia/></Raccomandata><Raccomandata><nome_file>038313300_57_103.pdf</nome_file><codice_raccomandata>685631985365</codice_raccomandata><data_esito/><tipo_esito/><motivo_inesito>04</motivo_inesito><campo_aggiuntivo/><nome/><cognome/><indirizzo/><cap/><citta/><provincia/></Raccomandata><Raccomandata><nome_file>038313300_57_106.pdf</nome_file><codice_raccomandata>685631975498</codice_raccomandata><data_esito/><tipo_esito/><motivo_inesito>04</motivo_inesito><campo_aggiuntivo/><nome/><cognome/><indirizzo/><cap/><citta/><provincia/></Raccomandata><Raccomandata><nome_file>038313300_57_109.pdf</nome_file><codice_raccomandata>685631980701</codice_raccomandata><data_esito/><tipo_esito/><motivo_inesito>04</motivo_inesito><campo_aggiuntivo/><nome/><cognome/><indirizzo/><cap/><citta/><provincia/></Raccomandata><Raccomandata><nome_file>038313300_57_112.pdf</nome_file><codice_raccomandata>685631987787</codice_raccomandata><data_esito/><tipo_esito/><motivo_inesito>04</motivo_inesito><campo_aggiuntivo/><nome/><cognome/><indirizzo/><cap/><citta/><provincia/></Raccomandata><Raccomandata><nome_file>038313300_57_115.pdf</nome_file><codice_raccomandata>685631989745</codice_raccomandata><data_esito/><tipo_esito/><motivo_inesito>04</motivo_inesito><campo_aggiuntivo/><nome/><cognome/><indirizzo/><cap/><citta/><provincia/></Raccomandata><Raccomandata><nome_file>038313300_57_118.pdf</nome_file><codice_raccomandata>685632074455</codice_raccomandata><data_esito/><tipo_esito/><motivo_inesito>04</motivo_inesito><campo_aggiuntivo/><nome/><cognome/><indirizzo/><cap/><citta/><provincia/></Raccomandata><Raccomandata><nome_file>038313300_57_121.pdf</nome_file><codice_raccomandata>685632074875</codice_raccomandata><data_esito/><tipo_esito/><motivo_inesito>04</motivo_inesito><campo_aggiuntivo/><nome/><cognome/><indirizzo/><cap/><citta/><provincia/></Raccomandata><Raccomandata><nome_file>038313300_57_124.pdf</nome_file><codice_raccomandata>685632065374</codice_raccomandata><data_esito/><tipo_esito/><motivo_inesito>04</motivo_inesito><campo_aggiuntivo/><nome/><cognome/><indirizzo/><cap/><citta/><provincia/></Raccomandata><Raccomandata><nome_file>038313300_57_127.pdf</nome_file><codice_raccomandata>685632062039</codice_raccomandata><data_esito/><tipo_esito/><motivo_inesito>04</motivo_inesito><campo_aggiuntivo/><nome/><cognome/><indirizzo/><cap/><citta/><provincia/></Raccomandata><Raccomandata><nome_file>038313300_57_130.pdf</nome_file><codice_raccomandata>685632065408</codice_raccomandata><data_esito/><tipo_esito/><motivo_inesito>04</motivo_inesito><campo_aggiuntivo/><nome/><cognome/><indirizzo/><cap/><citta/><provincia/></Raccomandata><Raccomandata><nome_file>038313300_57_133.pdf</nome_file><codice_raccomandata>685632065419</codice_raccomandata><data_esito/><tipo_esito/><motivo_inesito>04</motivo_inesito><campo_aggiuntivo/><nome/><cognome/><indirizzo/><cap/><citta/><provincia/></Raccomandata><Raccomandata><nome_file>038313300_57_136.pdf</nome_file><codice_raccomandata>685632065431</codice_raccomandata><data_esito/><tipo_esito/><motivo_inesito>04</motivo_inesito><campo_aggiuntivo/><nome/><cognome/><indirizzo/><cap/><citta/><provincia/></Raccomandata><Raccomandata><nome_file>038313300_57_139.pdf</nome_file><codice_raccomandata>685631981428</codice_raccomandata><data_esito/><tipo_esito/><motivo_inesito>04</motivo_inesito><campo_aggiuntivo/><nome/><cognome/><indirizzo/><cap/><citta/><provincia/></Raccomandata><Raccomandata><nome_file>038313300_57_142.pdf</nome_file><codice_raccomandata>685631984659</codice_raccomandata><data_esito/><tipo_esito/><motivo_inesito>04</motivo_inesito><campo_aggiuntivo/><nome/><cognome/><indirizzo/><cap/><citta/><provincia/></Raccomandata><Raccomandata><nome_file>038313300_57_145.pdf</nome_file><codice_raccomandata>685631984807</codice_raccomandata><data_esito/><tipo_esito/><motivo_inesito>04</motivo_inesito><campo_aggiuntivo/><nome/><cognome/><indirizzo/><cap/><citta/><provincia/></Raccomandata><Raccomandata><nome_file>038313300_57_148.pdf</nome_file><codice_raccomandata>685632068811</codice_raccomandata><data_esito/><tipo_esito/><motivo_inesito>04</motivo_inesito><campo_aggiuntivo/><nome/><cognome/><indirizzo/><cap/><citta/><provincia/></Raccomandata><Raccomandata><nome_file>038313300_57_151.pdf</nome_file><codice_raccomandata>685632063394</codice_raccomandata><data_esito/><tipo_esito/><motivo_inesito>04</motivo_inesito><campo_aggiuntivo/><nome/><cognome/><indirizzo/><cap/><citta/><provincia/></Raccomandata><Raccomandata><nome_file>038313300_57_154.pdf</nome_file><codice_raccomandata>685631980723</codice_raccomandata><data_esito/><tipo_esito/><motivo_inesito>04</motivo_inesito><campo_aggiuntivo/><nome/><cognome/><indirizzo/><cap/><citta/><provincia/></Raccomandata><Raccomandata><nome_file>038313300_57_157.pdf</nome_file><codice_raccomandata>685631974920</codice_raccomandata><data_esito/><tipo_esito/><motivo_inesito>04</motivo_inesito><campo_aggiuntivo/><nome/><cognome/><indirizzo/><cap/><citta/><provincia/></Raccomandata><Raccomandata><nome_file>038313300_57_160.pdf</nome_file><codice_raccomandata>685631997825</codice_raccomandata><data_esito/><tipo_esito/><motivo_inesito>04</motivo_inesito><campo_aggiuntivo/><nome/><cognome/><indirizzo/><cap/><citta/><provincia/></Raccomandata><Raccomandata><nome_file>038313300_57_163.pdf</nome_file><codice_raccomandata>685631978719</codice_raccomandata><data_esito/><tipo_esito/><motivo_inesito>04</motivo_inesito><campo_aggiuntivo/><nome/><cognome/><indirizzo/><cap/><citta/><provincia/></Raccomandata><Raccomandata><nome_file>038313300_57_166.pdf</nome_file><codice_raccomandata>685631988733</codice_raccomandata><data_esito/><tipo_esito/><motivo_inesito>04</motivo_inesito><campo_aggiuntivo/><nome/><cognome/><indirizzo/><cap/><citta/><provincia/></Raccomandata><Raccomandata><nome_file>038313300_57_169.pdf</nome_file><codice_raccomandata>685631988539</codice_raccomandata><data_esito/><tipo_esito/><motivo_inesito>04</motivo_inesito><campo_aggiuntivo/><nome/><cognome/><indirizzo/><cap/><citta/><provincia/></Raccomandata><Raccomandata><nome_file>038313300_57_172.pdf</nome_file><codice_raccomandata>685631986662</codice_raccomandata><data_esito/><tipo_esito/><motivo_inesito>04</motivo_inesito><campo_aggiuntivo/><nome/><cognome/><indirizzo/><cap/><citta/><provincia/></Raccomandata><Raccomandata><nome_file>038313300_57_175.pdf</nome_file><codice_raccomandata>685631986640</codice_raccomandata><data_esito/><tipo_esito/><motivo_inesito>04</motivo_inesito><campo_aggiuntivo/><nome/><cognome/><indirizzo/><cap/><citta/><provincia/></Raccomandata><Raccomandata><nome_file>038313300_57_178.pdf</nome_file><codice_raccomandata>685631982236</codice_raccomandata><data_esito/><tipo_esito/><motivo_inesito>04</motivo_inesito><campo_aggiuntivo/><nome/><cognome/><indirizzo/><cap/><citta/><provincia/></Raccomandata><Raccomandata><nome_file>038313300_57_181.pdf</nome_file><codice_raccomandata>685631984853</codice_raccomandata><data_esito/><tipo_esito/><motivo_inesito>04</motivo_inesito><campo_aggiuntivo/><nome/><cognome/><indirizzo/><cap/><citta/><provincia/></Raccomandata><Raccomandata><nome_file>038313300_57_184.pdf</nome_file><codice_raccomandata>685631986651</codice_raccomandata><data_esito/><tipo_esito/><motivo_inesito>04</motivo_inesito><campo_aggiuntivo/><nome/><cognome/><indirizzo/><cap/><citta/><provincia/></Raccomandata><Raccomandata><nome_file>038313300_57_187.pdf</nome_file><codice_raccomandata>685631984648</codice_raccomandata><data_esito/><tipo_esito/><motivo_inesito>04</motivo_inesito><campo_aggiuntivo/><nome/><cognome/><indirizzo/><cap/><citta/><provincia/></Raccomandata><Raccomandata><nome_file>038313300_57_190.pdf</nome_file><codice_raccomandata>685632062368</codice_raccomandata><data_esito/><tipo_esito/><motivo_inesito>04</motivo_inesito><campo_aggiuntivo/><nome/><cognome/><indirizzo/><cap/><citta/><provincia/></Raccomandata><Raccomandata><nome_file>038313300_57_193.pdf</nome_file><codice_raccomandata>685632071963</codice_raccomandata><data_esito/><tipo_esito/><motivo_inesito>04</motivo_inesito><campo_aggiuntivo/><nome/><cognome/><indirizzo/><cap/><citta/><provincia/></Raccomandata><Raccomandata><nome_file>038313300_57_196.pdf</nome_file><codice_raccomandata>685632072064</codice_raccomandata><data_esito/><tipo_esito/><motivo_inesito>04</motivo_inesito><campo_aggiuntivo/><nome/><cognome/><indirizzo/><cap/><citta/><provincia/></Raccomandata><Raccomandata><nome_file>038313300_57_199.pdf</nome_file><codice_raccomandata>685632060309</codice_raccomandata><data_esito/><tipo_esito/><motivo_inesito>04</motivo_inesito><campo_aggiuntivo/><nome/><cognome/><indirizzo/><cap/><citta/><provincia/></Raccomandata><Raccomandata><nome_file>038313300_57_202.pdf</nome_file><codice_raccomandata>685632065465</codice_raccomandata><data_esito/><tipo_esito/><motivo_inesito>04</motivo_inesito><campo_aggiuntivo/><nome/><cognome/><indirizzo/><cap/><citta/><provincia/></Raccomandata><Raccomandata><nome_file>038313300_57_205.pdf</nome_file><codice_raccomandata>685632065420</codice_raccomandata><data_esito/><tipo_esito/><motivo_inesito>04</motivo_inesito><campo_aggiuntivo/><nome/><cognome/><indirizzo/><cap/><citta/><provincia/></Raccomandata><Raccomandata><nome_file>038313300_57_208.pdf</nome_file><codice_raccomandata>685632067923</codice_raccomandata><data_esito/><tipo_esito/><motivo_inesito>04</motivo_inesito><campo_aggiuntivo/><nome/><cognome/><indirizzo/><cap/><citta/><provincia/></Raccomandata><Raccomandata><nome_file>038313300_57_211.pdf</nome_file><codice_raccomandata>685632060162</codice_raccomandata><data_esito/><tipo_esito/><motivo_inesito>04</motivo_inesito><campo_aggiuntivo/><nome/><cognome/><indirizzo/><cap/><citta/><provincia/></Raccomandata><Raccomandata><nome_file>038313300_57_214.pdf</nome_file><codice_raccomandata>685632069801</codice_raccomandata><data_esito/><tipo_esito/><motivo_inesito>04</motivo_inesito><campo_aggiuntivo/><nome/><cognome/><indirizzo/><cap/><citta/><provincia/></Raccomandata><Raccomandata><nome_file>038313300_57_217.pdf</nome_file><codice_raccomandata>685632069799</codice_raccomandata><data_esito/><tipo_esito/><motivo_inesito>04</motivo_inesito><campo_aggiuntivo/><nome/><cognome/><indirizzo/><cap/><citta/><provincia/></Raccomandata><Raccomandata><nome_file>038313300_57_220.pdf</nome_file><codice_raccomandata>685632071689</codice_raccomandata><data_esito/><tipo_esito/><motivo_inesito>04</motivo_inesito><campo_aggiuntivo/><nome/><cognome/><indirizzo/><cap/><citta/><provincia/></Raccomandata><Raccomandata><nome_file>038313300_57_223.pdf</nome_file><codice_raccomandata>685632069195</codice_raccomandata><data_esito/><tipo_esito/><motivo_inesito>04</motivo_inesito><campo_aggiuntivo/><nome/><cognome/><indirizzo/><cap/><citta/><provincia/></Raccomandata><Raccomandata><nome_file>038313300_57_226.pdf</nome_file><codice_raccomandata>685632065511</codice_raccomandata><data_esito/><tipo_esito/><motivo_inesito>04</motivo_inesito><campo_aggiuntivo/><nome/><cognome/><indirizzo/><cap/><citta/><provincia/></Raccomandata><Raccomandata><nome_file>038313300_57_229.pdf</nome_file><codice_raccomandata>685632063383</codice_raccomandata><data_esito/><tipo_esito/><motivo_inesito>04</motivo_inesito><campo_aggiuntivo/><nome/><cognome/><indirizzo/><cap/><citta/><provincia/></Raccomandata><Raccomandata><nome_file>038313300_57_232.pdf</nome_file><codice_raccomandata>685631975214</codice_raccomandata><data_esito/><tipo_esito/><motivo_inesito>04</motivo_inesito><campo_aggiuntivo/><nome/><cognome/><indirizzo/><cap/><citta/><provincia/></Raccomandata><Raccomandata><nome_file>038313300_57_235.pdf</nome_file><codice_raccomandata>685631975225</codice_raccomandata><data_esito/><tipo_esito/><motivo_inesito>04</motivo_inesito><campo_aggiuntivo/><nome/><cognome/><indirizzo/><cap/><citta/><provincia/></Raccomandata><Raccomandata><nome_file>038313300_57_238.pdf</nome_file><codice_raccomandata>685632065396</codice_raccomandata><data_esito/><tipo_esito/><motivo_inesito>04</motivo_inesito><campo_aggiuntivo/><nome/><cognome/><indirizzo/><cap/><citta/><provincia/></Raccomandata><Raccomandata><nome_file>038313300_57_241.pdf</nome_file><codice_raccomandata>685631969661</codice_raccomandata><data_esito/><tipo_esito/><motivo_inesito>04</motivo_inesito><campo_aggiuntivo/><nome/><cognome/><indirizzo/><cap/><citta/><provincia/></Raccomandata><Raccomandata><nome_file>038313300_57_244.pdf</nome_file><codice_raccomandata>685631969467</codice_raccomandata><data_esito/><tipo_esito/><motivo_inesito>04</motivo_inesito><campo_aggiuntivo/><nome/><cognome/><indirizzo/><cap/><citta/><provincia/></Raccomandata><Raccomandata><nome_file>038313300_57_247.pdf</nome_file><codice_raccomandata>685631984773</codice_raccomandata><data_esito/><tipo_esito/><motivo_inesito>04</motivo_inesito><campo_aggiuntivo/><nome/><cognome/><indirizzo/><cap/><citta/><provincia/></Raccomandata><Raccomandata><nome_file>038313300_57_250.pdf</nome_file><codice_raccomandata>685631982020</codice_raccomandata><data_esito/><tipo_esito/><motivo_inesito>04</motivo_inesito><campo_aggiuntivo/><nome/><cognome/><indirizzo/><cap/><citta/><provincia/></Raccomandata><Raccomandata><nome_file>038313300_57_253.pdf</nome_file><codice_raccomandata>685631988153</codice_raccomandata><data_esito/><tipo_esito/><motivo_inesito>04</motivo_inesito><campo_aggiuntivo/><nome/><cognome/><indirizzo/><cap/><citta/><provincia/></Raccomandata><Raccomandata><nome_file>038313300_57_256.pdf</nome_file><codice_raccomandata>685631988471</codice_raccomandata><data_esito/><tipo_esito/><motivo_inesito>04</motivo_inesito><campo_aggiuntivo/><nome/><cognome/><indirizzo/><cap/><citta/><provincia/></Raccomandata><Raccomandata><nome_file>038313300_57_259.pdf</nome_file><codice_raccomandata>685631998508</codice_raccomandata><data_esito/><tipo_esito/><motivo_inesito>04</motivo_inesito><campo_aggiuntivo/><nome/><cognome/><indirizzo/><cap/><citta/><provincia/></Raccomandata><Raccomandata><nome_file>038313300_57_262.pdf</nome_file><codice_raccomandata>685631985376</codice_raccomandata><data_esito/><tipo_esito/><motivo_inesito>04</motivo_inesito><campo_aggiuntivo/><nome/><cognome/><indirizzo/><cap/><citta/><provincia/></Raccomandata><Raccomandata><nome_file>038313300_57_265.pdf</nome_file><codice_raccomandata>685631977136</codice_raccomandata><data_esito/><tipo_esito/><motivo_inesito>09</motivo_inesito><campo_aggiuntivo/><nome/><cognome/><indirizzo/><cap/><citta/><provincia/></Raccomandata><Raccomandata><nome_file>038313300_57_268.pdf</nome_file><codice_raccomandata>685631975396</codice_raccomandata><data_esito/><tipo_esito/><motivo_inesito>09</motivo_inesito><campo_aggiuntivo/><nome/><cognome/><indirizzo/><cap/><citta/><provincia/></Raccomandata><Raccomandata><nome_file>038313300_57_271.pdf</nome_file><codice_raccomandata>685632075445</codice_raccomandata><data_esito/><tipo_esito/><motivo_inesito>09</motivo_inesito><campo_aggiuntivo/><nome/><cognome/><indirizzo/><cap/><citta/><provincia/></Raccomandata><Raccomandata><nome_file>038313300_57_274.pdf</nome_file><codice_raccomandata>685632074410</codice_raccomandata><data_esito/><tipo_esito/><motivo_inesito>09</motivo_inesito><campo_aggiuntivo/><nome/><cognome/><indirizzo/><cap/><citta/><provincia/></Raccomandata><Raccomandata><nome_file>038313300_57_277.pdf</nome_file><codice_raccomandata>685632075967</codice_raccomandata><data_esito/><tipo_esito/><motivo_inesito>09</motivo_inesito><campo_aggiuntivo/><nome/><cognome/><indirizzo/><cap/><citta/><provincia/></Raccomandata><Raccomandata><nome_file>038313300_57_280.pdf</nome_file><codice_raccomandata>685632074819</codice_raccomandata><data_esito/><tipo_esito/><motivo_inesito>09</motivo_inesito><campo_aggiuntivo/><nome/><cognome/><indirizzo/><cap/><citta/><provincia/></Raccomandata><Raccomandata><nome_file>038313300_57_283.pdf</nome_file><codice_raccomandata>685631969876</codice_raccomandata><data_esito/><tipo_esito/><motivo_inesito>09</motivo_inesito><campo_aggiuntivo/><nome/><cognome/><indirizzo/><cap/><citta/><provincia/></Raccomandata><Raccomandata><nome_file>038313300_57_286.pdf</nome_file><codice_raccomandata>685631969821</codice_raccomandata><data_esito/><tipo_esito/><motivo_inesito>09</motivo_inesito><campo_aggiuntivo/><nome/><cognome/><indirizzo/><cap/><citta/><provincia/></Raccomandata><Raccomandata><nome_file>038313300_57_289.pdf</nome_file><codice_raccomandata>685631985170</codice_raccomandata><data_esito/><tipo_esito/><motivo_inesito>09</motivo_inesito><campo_aggiuntivo/><nome/><cognome/><indirizzo/><cap/><citta/><provincia/></Raccomandata><Raccomandata><nome_file>038313300_57_292.pdf</nome_file><codice_raccomandata>685631985023</codice_raccomandata><data_esito/><tipo_esito/><motivo_inesito>09</motivo_inesito><campo_aggiuntivo/><nome/><cognome/><indirizzo/><cap/><citta/><provincia/></Raccomandata><Raccomandata><nome_file>038313300_57_295.pdf</nome_file><codice_raccomandata>685631987389</codice_raccomandata><data_esito/><tipo_esito/><motivo_inesito>09</motivo_inesito><campo_aggiuntivo/><nome/><cognome/><indirizzo/><cap/><citta/><provincia/></Raccomandata><Raccomandata><nome_file>038313300_57_298.pdf</nome_file><codice_raccomandata>685631986980</codice_raccomandata><data_esito/><tipo_esito/><motivo_inesito>09</motivo_inesito><campo_aggiuntivo/><nome/><cognome/><indirizzo/><cap/><citta/><provincia/></Raccomandata><Raccomandata><nome_file>038313300_57_301.pdf</nome_file><codice_raccomandata>685631988983</codice_raccomandata><data_esito/><tipo_esito/><motivo_inesito>09</motivo_inesito><campo_aggiuntivo/><nome/><cognome/><indirizzo/><cap/><citta/><provincia/></Raccomandata><Raccomandata><nome_file>038313300_57_304.pdf</nome_file><codice_raccomandata>685631982018</codice_raccomandata><data_esito/><tipo_esito/><motivo_inesito>09</motivo_inesito><campo_aggiuntivo/><nome/><cognome/><indirizzo/><cap/><citta/><provincia/></Raccomandata><Raccomandata><nome_file>038313300_57_307.pdf</nome_file><codice_raccomandata>685631988595</codice_raccomandata><data_esito/><tipo_esito/><motivo_inesito>09</motivo_inesito><campo_aggiuntivo/><nome/><cognome/><indirizzo/><cap/><citta/><provincia/></Raccomandata><Raccomandata><nome_file>038313300_57_310.pdf</nome_file><codice_raccomandata>685631980278</codice_raccomandata><data_esito/><tipo_esito/><motivo_inesito>09</motivo_inesito><campo_aggiuntivo/><nome/><cognome/><indirizzo/><cap/><citta/><provincia/></Raccomandata><Raccomandata><nome_file>038313300_57_313.pdf</nome_file><codice_raccomandata>685631980302</codice_raccomandata><data_esito/><tipo_esito/><motivo_inesito>09</motivo_inesito><campo_aggiuntivo/><nome/><cognome/><indirizzo/><cap/><citta/><provincia/></Raccomandata><Raccomandata><nome_file>038313300_57_316.pdf</nome_file><codice_raccomandata>685631980336</codice_raccomandata><data_esito/><tipo_esito/><motivo_inesito>09</motivo_inesito><campo_aggiuntivo/><nome/><cognome/><indirizzo/><cap/><citta/><provincia/></Raccomandata><Raccomandata><nome_file>038313300_57_319.pdf</nome_file><codice_raccomandata>685631980483</codice_raccomandata><data_esito/><tipo_esito/><motivo_inesito>09</motivo_inesito><campo_aggiuntivo/><nome/><cognome/><indirizzo/><cap/><citta/><provincia/></Raccomandata><Raccomandata><nome_file>038313300_57_322.pdf</nome_file><codice_raccomandata>685631990849</codice_raccomandata><data_esito/><tipo_esito/><motivo_inesito>09</motivo_inesito><campo_aggiuntivo/><nome/><cognome/><indirizzo/><cap/><citta/><provincia/></Raccomandata><Raccomandata><nome_file>038313300_57_325.pdf</nome_file><codice_raccomandata>685631993615</codice_raccomandata><data_esito/><tipo_esito/><motivo_inesito>09</motivo_inesito><campo_aggiuntivo/><nome/><cognome/><indirizzo/><cap/><citta/><provincia/></Raccomandata><Raccomandata><nome_file>038313300_57_328.pdf</nome_file><codice_raccomandata>685631993240</codice_raccomandata><data_esito/><tipo_esito/><motivo_inesito>09</motivo_inesito><campo_aggiuntivo/><nome/><cognome/><indirizzo/><cap/><citta/><provincia/></Raccomandata><Raccomandata><nome_file>038313300_57_331.pdf</nome_file><codice_raccomandata>685631993137</codice_raccomandata><data_esito/><tipo_esito/><motivo_inesito>09</motivo_inesito><campo_aggiuntivo/><nome/><cognome/><indirizzo/><cap/><citta/><provincia/></Raccomandata><Raccomandata><nome_file>038313300_57_334.pdf</nome_file><codice_raccomandata>685631993104</codice_raccomandata><data_esito/><tipo_esito/><motivo_inesito>09</motivo_inesito><campo_aggiuntivo/><nome/><cognome/><indirizzo/><cap/><citta/><provincia/></Raccomandata><Raccomandata><nome_file>038313300_57_337.pdf</nome_file><codice_raccomandata>685631984660</codice_raccomandata><data_esito/><tipo_esito/><motivo_inesito>09</motivo_inesito><campo_aggiuntivo/><nome/><cognome/><indirizzo/><cap/><citta/><provincia/></Raccomandata><Raccomandata><nome_file>038313300_57_340.pdf</nome_file><codice_raccomandata>685631971870</codice_raccomandata><data_esito/><tipo_esito/><motivo_inesito>09</motivo_inesito><campo_aggiuntivo/><nome/><cognome/><indirizzo/><cap/><citta/><provincia/></Raccomandata><Raccomandata><nome_file>038313300_57_343.pdf</nome_file><codice_raccomandata>685631976410</codice_raccomandata><data_esito/><tipo_esito/><motivo_inesito>09</motivo_inesito><campo_aggiuntivo/><nome/><cognome/><indirizzo/><cap/><citta/><provincia/></Raccomandata><Raccomandata><nome_file>038313300_57_346.pdf</nome_file><codice_raccomandata>685631967363</codice_raccomandata><data_esito/><tipo_esito/><motivo_inesito>09</motivo_inesito><campo_aggiuntivo/><nome/><cognome/><indirizzo/><cap/><citta/><provincia/></Raccomandata><Raccomandata><nome_file>038313300_57_349.pdf</nome_file><codice_raccomandata>685631975749</codice_raccomandata><data_esito/><tipo_esito/><motivo_inesito>09</motivo_inesito><campo_aggiuntivo/><nome/><cognome/><indirizzo/><cap/><citta/><provincia/></Raccomandata><Raccomandata><nome_file>038313300_57_352.pdf</nome_file><codice_raccomandata>685631971459</codice_raccomandata><data_esito/><tipo_esito/><motivo_inesito>09</motivo_inesito><campo_aggiuntivo/><nome/><cognome/><indirizzo/><cap/><citta/><provincia/></Raccomandata><Raccomandata><nome_file>038313300_57_355.pdf</nome_file><codice_raccomandata>685631981815</codice_raccomandata><data_esito/><tipo_esito/><motivo_inesito>09</motivo_inesito><campo_aggiuntivo/><nome/><cognome/><indirizzo/><cap/><citta/><provincia/></Raccomandata><Raccomandata><nome_file>038313300_57_358.pdf</nome_file><codice_raccomandata>685631980347</codice_raccomandata><data_esito/><tipo_esito/><motivo_inesito>09</motivo_inesito><campo_aggiuntivo/><nome/><cognome/><indirizzo/><cap/><citta/><provincia/></Raccomandata><Raccomandata><nome_file>038313300_57_361.pdf</nome_file><codice_raccomandata>685631980223</codice_raccomandata><data_esito/><tipo_esito/><motivo_inesito>09</motivo_inesito><campo_aggiuntivo/><nome/><cognome/><indirizzo/><cap/><citta/><provincia/></Raccomandata><Raccomandata><nome_file>038313300_57_364.pdf</nome_file><codice_raccomandata>685632059558</codice_raccomandata><data_esito/><tipo_esito/><motivo_inesito>09</motivo_inesito><campo_aggiuntivo/><nome/><cognome/><indirizzo/><cap/><citta/><provincia/></Raccomandata><Raccomandata><nome_file>038313300_57_367.pdf</nome_file><codice_raccomandata>685631993649</codice_raccomandata><data_esito/><tipo_esito/><motivo_inesito>09</motivo_inesito><campo_aggiuntivo/><nome/><cognome/><indirizzo/><cap/><citta/><provincia/></Raccomandata><Raccomandata><nome_file>038313300_57_370.pdf</nome_file><codice_raccomandata>685631992864</codice_raccomandata><data_esito/><tipo_esito/><motivo_inesito>09</motivo_inesito><campo_aggiuntivo/><nome/><cognome/><indirizzo/><cap/><citta/><provincia/></Raccomandata><Raccomandata><nome_file>038313300_57_373.pdf</nome_file><codice_raccomandata>685631992740</codice_raccomandata><data_esito/><tipo_esito/><motivo_inesito>09</motivo_inesito><campo_aggiuntivo/><nome/><cognome/><indirizzo/><cap/><citta/><provincia/></Raccomandata><Raccomandata><nome_file>038313300_57_376.pdf</nome_file><codice_raccomandata>685631992818</codice_raccomandata><data_esito/><tipo_esito/><motivo_inesito>09</motivo_inesito><campo_aggiuntivo/><nome/><cognome/><indirizzo/><cap/><citta/><provincia/></Raccomandata><Raccomandata><nome_file>038313300_57_379.pdf</nome_file><codice_raccomandata>685631992751</codice_raccomandata><data_esito/><tipo_esito/><motivo_inesito>09</motivo_inesito><campo_aggiuntivo/><nome/><cognome/><indirizzo/><cap/><citta/><provincia/></Raccomandata><Raccomandata><nome_file>038313300_57_382.pdf</nome_file><codice_raccomandata>685631981724</codice_raccomandata><data_esito/><tipo_esito/><motivo_inesito>09</motivo_inesito><campo_aggiuntivo/><nome/><cognome/><indirizzo/><cap/><citta/><provincia/></Raccomandata><Raccomandata><nome_file>038313300_57_385.pdf</nome_file><codice_raccomandata>685631981382</codice_raccomandata><data_esito/><tipo_esito/><motivo_inesito>09</motivo_inesito><campo_aggiuntivo/><nome/><cognome/><indirizzo/><cap/><citta/><provincia/></Raccomandata><Raccomandata><nome_file>038313300_57_388.pdf</nome_file><codice_raccomandata>685631980756</codice_raccomandata><data_esito/><tipo_esito/><motivo_inesito>09</motivo_inesito><campo_aggiuntivo/><nome/><cognome/><indirizzo/><cap/><citta/><provincia/></Raccomandata><Raccomandata><nome_file>038313300_57_391.pdf</nome_file><codice_raccomandata>685631977103</codice_raccomandata><data_esito/><tipo_esito/><motivo_inesito>09</motivo_inesito><campo_aggiuntivo/><nome/><cognome/><indirizzo/><cap/><citta/><provincia/></Raccomandata><Raccomandata><nome_file>038313300_57_394.pdf</nome_file><codice_raccomandata>685631975431</codice_raccomandata><data_esito/><tipo_esito/><motivo_inesito>09</motivo_inesito><campo_aggiuntivo/><nome/><cognome/><indirizzo/><cap/><citta/><provincia/></Raccomandata><Raccomandata><nome_file>038313300_57_397.pdf</nome_file><codice_raccomandata>685631972084</codice_raccomandata><data_esito/><tipo_esito/><motivo_inesito>09</motivo_inesito><campo_aggiuntivo/><nome/><cognome/><indirizzo/><cap/><citta/><provincia/></Raccomandata><Raccomandata><nome_file>038313300_57_400.pdf</nome_file><codice_raccomandata>685631979856</codice_raccomandata><data_esito/><tipo_esito/><motivo_inesito>09</motivo_inesito><campo_aggiuntivo/><nome/><cognome/><indirizzo/><cap/><citta/><provincia/></Raccomandata><Raccomandata><nome_file>038313300_57_403.pdf</nome_file><codice_raccomandata>685631991566</codice_raccomandata><data_esito/><tipo_esito/><motivo_inesito>09</motivo_inesito><campo_aggiuntivo/><nome/><cognome/><indirizzo/><cap/><citta/><provincia/></Raccomandata><Raccomandata><nome_file>038313300_57_406.pdf</nome_file><codice_raccomandata>685631991498</codice_raccomandata><data_esito/><tipo_esito/><motivo_inesito>09</motivo_inesito><campo_aggiuntivo/><nome/><cognome/><indirizzo/><cap/><citta/><provincia/></Raccomandata><Raccomandata><nome_file>038313300_57_409.pdf</nome_file><codice_raccomandata>685631981154</codice_raccomandata><data_esito/><tipo_esito/><motivo_inesito>09</motivo_inesito><campo_aggiuntivo/><nome/><cognome/><indirizzo/><cap/><citta/><provincia/></Raccomandata><Raccomandata><nome_file>038313300_57_412.pdf</nome_file><codice_raccomandata>685631981315</codice_raccomandata><data_esito/><tipo_esito/><motivo_inesito>09</motivo_inesito><campo_aggiuntivo/><nome/><cognome/><indirizzo/><cap/><citta/><provincia/></Raccomandata><Raccomandata><nome_file>038313300_57_415.pdf</nome_file><codice_raccomandata>685631982395</codice_raccomandata><data_esito/><tipo_esito/><motivo_inesito>09</motivo_inesito><campo_aggiuntivo/><nome/><cognome/><indirizzo/><cap/><citta/><provincia/></Raccomandata><Raccomandata><nome_file>038313300_57_418.pdf</nome_file><codice_raccomandata>685631968693</codice_raccomandata><data_esito/><tipo_esito/><motivo_inesito>09</motivo_inesito><campo_aggiuntivo/><nome/><cognome/><indirizzo/><cap/><citta/><provincia/></Raccomandata><Raccomandata><nome_file>038313300_57_421.pdf</nome_file><codice_raccomandata>685631968626</codice_raccomandata><data_esito/><tipo_esito/><motivo_inesito>09</motivo_inesito><campo_aggiuntivo/><nome/><cognome/><indirizzo/><cap/><citta/><provincia/></Raccomandata><Raccomandata><nome_file>038313300_57_424.pdf</nome_file><codice_raccomandata>685631995333</codice_raccomandata><data_esito/><tipo_esito/><motivo_inesito>09</motivo_inesito><campo_aggiuntivo/><nome/><cognome/><indirizzo/><cap/><citta/><provincia/></Raccomandata><Raccomandata><nome_file>038313300_57_427.pdf</nome_file><codice_raccomandata>685631992999</codice_raccomandata><data_esito/><tipo_esito/><motivo_inesito>09</motivo_inesito><campo_aggiuntivo/><nome/><cognome/><indirizzo/><cap/><citta/><provincia/></Raccomandata><Raccomandata><nome_file>038313300_57_430.pdf</nome_file><codice_raccomandata>685631982383</codice_raccomandata><data_esito/><tipo_esito/><motivo_inesito>09</motivo_inesito><campo_aggiuntivo/><nome/><cognome/><indirizzo/><cap/><citta/><provincia/></Raccomandata><Raccomandata><nome_file>038313300_57_433.pdf</nome_file><codice_raccomandata>685631982361</codice_raccomandata><data_esito/><tipo_esito/><motivo_inesito>09</motivo_inesito><campo_aggiuntivo/><nome/><cognome/><indirizzo/><cap/><citta/><provincia/></Raccomandata><Raccomandata><nome_file>038313300_57_436.pdf</nome_file><codice_raccomandata>685631967431</codice_raccomandata><data_esito/><tipo_esito/><motivo_inesito>09</motivo_inesito><campo_aggiuntivo/><nome/><cognome/><indirizzo/><cap/><citta/><provincia/></Raccomandata><Raccomandata><nome_file>038313300_57_439.pdf</nome_file><codice_raccomandata>685631979138</codice_raccomandata><data_esito/><tipo_esito/><motivo_inesito>09</motivo_inesito><campo_aggiuntivo/><nome/><cognome/><indirizzo/><cap/><citta/><provincia/></Raccomandata><Raccomandata><nome_file>038313300_57_442.pdf</nome_file><codice_raccomandata>685631972621</codice_raccomandata><data_esito/><tipo_esito/><motivo_inesito>09</motivo_inesito><campo_aggiuntivo/><nome/><cognome/><indirizzo/><cap/><citta/><provincia/></Raccomandata><Raccomandata><nome_file>038313300_57_445.pdf</nome_file><codice_raccomandata>685631989871</codice_raccomandata><data_esito/><tipo_esito/><motivo_inesito>09</motivo_inesito><campo_aggiuntivo/><nome/><cognome/><indirizzo/><cap/><citta/><provincia/></Raccomandata><Raccomandata><nome_file>038313300_57_448.pdf</nome_file><codice_raccomandata>685631976795</codice_raccomandata><data_esito/><tipo_esito/><motivo_inesito>09</motivo_inesito><campo_aggiuntivo/><nome/><cognome/><indirizzo/><cap/><citta/><provincia/></Raccomandata><Raccomandata><nome_file>038313300_57_451.pdf</nome_file><codice_raccomandata>685631992250</codice_raccomandata><data_esito/><tipo_esito/><motivo_inesito>09</motivo_inesito><campo_aggiuntivo/><nome/><cognome/><indirizzo/><cap/><citta/><provincia/></Raccomandata><Raccomandata><nome_file>038313300_57_454.pdf</nome_file><codice_raccomandata>685631992988</codice_raccomandata><data_esito/><tipo_esito/><motivo_inesito>09</motivo_inesito><campo_aggiuntivo/><nome/><cognome/><indirizzo/><cap/><citta/><provincia/></Raccomandata><Raccomandata><nome_file>038313300_57_457.pdf</nome_file><codice_raccomandata>685631993159</codice_raccomandata><data_esito/><tipo_esito/><motivo_inesito>09</motivo_inesito><campo_aggiuntivo/><nome/><cognome/><indirizzo/><cap/><citta/><provincia/></Raccomandata><Raccomandata><nome_file>038313300_57_460.pdf</nome_file><codice_raccomandata>685631993661</codice_raccomandata><data_esito/><tipo_esito/><motivo_inesito>09</motivo_inesito><campo_aggiuntivo/><nome/><cognome/><indirizzo/><cap/><citta/><provincia/></Raccomandata><Raccomandata><nome_file>038313300_57_463.pdf</nome_file><codice_raccomandata>685631993524</codice_raccomandata><data_esito/><tipo_esito/><motivo_inesito>09</motivo_inesito><campo_aggiuntivo/><nome/><cognome/><indirizzo/><cap/><citta/><provincia/></Raccomandata><Raccomandata><nome_file>038313300_57_466.pdf</nome_file><codice_raccomandata>685631988904</codice_raccomandata><data_esito/><tipo_esito/><motivo_inesito>09</motivo_inesito><campo_aggiuntivo/><nome/><cognome/><indirizzo/><cap/><citta/><provincia/></Raccomandata><Raccomandata><nome_file>038313300_57_469.pdf</nome_file><codice_raccomandata>685631994616</codice_raccomandata><data_esito/><tipo_esito/><motivo_inesito>09</motivo_inesito><campo_aggiuntivo/><nome/><cognome/><indirizzo/><cap/><citta/><provincia/></Raccomandata><Raccomandata><nome_file>038313300_57_472.pdf</nome_file><codice_raccomandata>685631981052</codice_raccomandata><data_esito/><tipo_esito/><motivo_inesito>09</motivo_inesito><campo_aggiuntivo/><nome/><cognome/><indirizzo/><cap/><citta/><provincia/></Raccomandata><Raccomandata><nome_file>038313300_57_475.pdf</nome_file><codice_raccomandata>685631985513</codice_raccomandata><data_esito/><tipo_esito/><motivo_inesito>09</motivo_inesito><campo_aggiuntivo/><nome/><cognome/><indirizzo/><cap/><citta/><provincia/></Raccomandata><Raccomandata><nome_file>038313300_57_478.pdf</nome_file><codice_raccomandata>685631987220</codice_raccomandata><data_esito/><tipo_esito/><motivo_inesito>09</motivo_inesito><campo_aggiuntivo/><nome/><cognome/><indirizzo/><cap/><citta/><provincia/></Raccomandata><Raccomandata><nome_file>038313300_57_481.pdf</nome_file><codice_raccomandata>685631985547</codice_raccomandata><data_esito/><tipo_esito/><motivo_inesito>09</motivo_inesito><campo_aggiuntivo/><nome/><cognome/><indirizzo/><cap/><citta/><provincia/></Raccomandata><Raccomandata><nome_file>038313300_57_484.pdf</nome_file><codice_raccomandata>685631987754</codice_raccomandata><data_esito/><tipo_esito/><motivo_inesito>09</motivo_inesito><campo_aggiuntivo/><nome/><cognome/><indirizzo/><cap/><citta/><provincia/></Raccomandata><Raccomandata><nome_file>038313300_57_487.pdf</nome_file><codice_raccomandata>685631981861</codice_raccomandata><data_esito/><tipo_esito/><motivo_inesito>09</motivo_inesito><campo_aggiuntivo/><nome/><cognome/><indirizzo/><cap/><citta/><provincia/></Raccomandata><Raccomandata><nome_file>038313300_57_490.pdf</nome_file><codice_raccomandata>685631977114</codice_raccomandata><data_esito/><tipo_esito/><motivo_inesito>09</motivo_inesito><campo_aggiuntivo/><nome/><cognome/><indirizzo/><cap/><citta/><provincia/></Raccomandata><Raccomandata><nome_file>038313300_57_493.pdf</nome_file><codice_raccomandata>685631976999</codice_raccomandata><data_esito/><tipo_esito/><motivo_inesito>09</motivo_inesito><campo_aggiuntivo/><nome/><cognome/><indirizzo/><cap/><citta/><provincia/></Raccomandata><Raccomandata><nome_file>038313300_57_496.pdf</nome_file><codice_raccomandata>685631986548</codice_raccomandata><data_esito/><tipo_esito/><motivo_inesito>09</motivo_inesito><campo_aggiuntivo/><nome/><cognome/><indirizzo/><cap/><citta/><provincia/></Raccomandata><Raccomandata><nome_file>038313300_57_499.pdf</nome_file><codice_raccomandata>685631981291</codice_raccomandata><data_esito/><tipo_esito/><motivo_inesito>09</motivo_inesito><campo_aggiuntivo/><nome/><cognome/><indirizzo/><cap/><citta/><provincia/></Raccomandata><Raccomandata><nome_file>038313300_57_502.pdf</nome_file><codice_raccomandata>685631981063</codice_raccomandata><data_esito/><tipo_esito/><motivo_inesito>09</motivo_inesito><campo_aggiuntivo/><nome/><cognome/><indirizzo/><cap/><citta/><provincia/></Raccomandata><Raccomandata><nome_file>038313300_57_505.pdf</nome_file><codice_raccomandata>685631990123</codice_raccomandata><data_esito/><tipo_esito/><motivo_inesito>09</motivo_inesito><campo_aggiuntivo/><nome/><cognome/><indirizzo/><cap/><citta/><provincia/></Raccomandata><Raccomandata><nome_file>038313300_57_508.pdf</nome_file><codice_raccomandata>685631972051</codice_raccomandata><data_esito/><tipo_esito/><motivo_inesito>09</motivo_inesito><campo_aggiuntivo/><nome/><cognome/><indirizzo/><cap/><citta/><provincia/></Raccomandata><Raccomandata><nome_file>038313300_57_511.pdf</nome_file><codice_raccomandata>685631977319</codice_raccomandata><data_esito/><tipo_esito/><motivo_inesito>09</motivo_inesito><campo_aggiuntivo/><nome/><cognome/><indirizzo/><cap/><citta/><provincia/></Raccomandata><Raccomandata><nome_file>038313300_57_514.pdf</nome_file><codice_raccomandata>685631987356</codice_raccomandata><data_esito/><tipo_esito/><motivo_inesito>09</motivo_inesito><campo_aggiuntivo/><nome/><cognome/><indirizzo/><cap/><citta/><provincia/></Raccomandata><Raccomandata><nome_file>038313300_57_517.pdf</nome_file><codice_raccomandata>685631983442</codice_raccomandata><data_esito/><tipo_esito/><motivo_inesito>09</motivo_inesito><campo_aggiuntivo/><nome/><cognome/><indirizzo/><cap/><citta/><provincia/></Raccomandata><Raccomandata><nome_file>038313300_57_520.pdf</nome_file><codice_raccomandata>685631980095</codice_raccomandata><data_esito/><tipo_esito/><motivo_inesito>09</motivo_inesito><campo_aggiuntivo/><nome/><cognome/><indirizzo/><cap/><citta/><provincia/></Raccomandata><Raccomandata><nome_file>038313300_57_523.pdf</nome_file><codice_raccomandata>685631993067</codice_raccomandata><data_esito/><tipo_esito/><motivo_inesito>09</motivo_inesito><campo_aggiuntivo/><nome/><cognome/><indirizzo/><cap/><citta/><provincia/></Raccomandata><Raccomandata><nome_file>038313300_57_526.pdf</nome_file><codice_raccomandata>685631980734</codice_raccomandata><data_esito/><tipo_esito/><motivo_inesito>09</motivo_inesito><campo_aggiuntivo/><nome/><cognome/><indirizzo/><cap/><citta/><provincia/></Raccomandata><Raccomandata><nome_file>038313300_57_529.pdf</nome_file><codice_raccomandata>685631987867</codice_raccomandata><data_esito/><tipo_esito/><motivo_inesito>09</motivo_inesito><campo_aggiuntivo/><nome/><cognome/><indirizzo/><cap/><citta/><provincia/></Raccomandata><Raccomandata><nome_file>038313300_57_532.pdf</nome_file><codice_raccomandata>685631986800</codice_raccomandata><data_esito/><tipo_esito/><motivo_inesito>09</motivo_inesito><campo_aggiuntivo/><nome/><cognome/><indirizzo/><cap/><citta/><provincia/></Raccomandata><Raccomandata><nome_file>038313300_57_535.pdf</nome_file><codice_raccomandata>685631989676</codice_raccomandata><data_esito/><tipo_esito/><motivo_inesito>09</motivo_inesito><campo_aggiuntivo/><nome/><cognome/><indirizzo/><cap/><citta/><provincia/></Raccomandata><Raccomandata><nome_file>038313300_57_538.pdf</nome_file><codice_raccomandata>685631979162</codice_raccomandata><data_esito/><tipo_esito/><motivo_inesito>09</motivo_inesito><campo_aggiuntivo/><nome/><cognome/><indirizzo/><cap/><citta/><provincia/></Raccomandata><Raccomandata><nome_file>038313300_57_541.pdf</nome_file><codice_raccomandata>685631992738</codice_raccomandata><data_esito/><tipo_esito/><motivo_inesito>09</motivo_inesito><campo_aggiuntivo/><nome/><cognome/><indirizzo/><cap/><citta/><provincia/></Raccomandata><Raccomandata><nome_file>038313300_57_544.pdf</nome_file><codice_raccomandata>685631991259</codice_raccomandata><data_esito/><tipo_esito/><motivo_inesito>09</motivo_inesito><campo_aggiuntivo/><nome/><cognome/><indirizzo/><cap/><citta/><provincia/></Raccomandata><Raccomandata><nome_file>038313300_57_547.pdf</nome_file><codice_raccomandata>685631968853</codice_raccomandata><data_esito/><tipo_esito/><motivo_inesito>09</motivo_inesito><campo_aggiuntivo/><nome/><cognome/><indirizzo/><cap/><citta/><provincia/></Raccomandata><Raccomandata><nome_file>038313300_57_550.pdf</nome_file><codice_raccomandata>685631987891</codice_raccomandata><data_esito/><tipo_esito/><motivo_inesito>09</motivo_inesito><campo_aggiuntivo/><nome/><cognome/><indirizzo/><cap/><citta/><provincia/></Raccomandata><Raccomandata><nome_file>038313300_57_553.pdf</nome_file><codice_raccomandata>685631992853</codice_raccomandata><data_esito/><tipo_esito/><motivo_inesito>09</motivo_inesito><campo_aggiuntivo/><nome/><cognome/><indirizzo/><cap/><citta/><provincia/></Raccomandata><Raccomandata><nome_file>038313300_57_556.pdf</nome_file><codice_raccomandata>685631990145</codice_raccomandata><data_esito/><tipo_esito/><motivo_inesito>09</motivo_inesito><campo_aggiuntivo/><nome/><cognome/><indirizzo/><cap/><citta/><provincia/></Raccomandata><Raccomandata><nome_file>038313300_57_559.pdf</nome_file><codice_raccomandata>685631992716</codice_raccomandata><data_esito/><tipo_esito/><motivo_inesito>09</motivo_inesito><campo_aggiuntivo/><nome/><cognome/><indirizzo/><cap/><citta/><provincia/></Raccomandata><Raccomandata><nome_file>038313300_57_562.pdf</nome_file><codice_raccomandata>685631997267</codice_raccomandata><data_esito/><tipo_esito/><motivo_inesito>09</motivo_inesito><campo_aggiuntivo/><nome/><cognome/><indirizzo/><cap/><citta/><provincia/></Raccomandata><Raccomandata><nome_file>038313300_57_565.pdf</nome_file><codice_raccomandata>685631978764</codice_raccomandata><data_esito/><tipo_esito/><motivo_inesito>09</motivo_inesito><campo_aggiuntivo/><nome/><cognome/><indirizzo/><cap/><citta/><provincia/></Raccomandata><Raccomandata><nome_file>038313300_57_568.pdf</nome_file><codice_raccomandata>685631978355</codice_raccomandata><data_esito/><tipo_esito/><motivo_inesito>09</motivo_inesito><campo_aggiuntivo/><nome/><cognome/><indirizzo/><cap/><citta/><provincia/></Raccomandata><Raccomandata><nome_file>038313300_57_571.pdf</nome_file><codice_raccomandata>685631978253</codice_raccomandata><data_esito/><tipo_esito/><motivo_inesito>09</motivo_inesito><campo_aggiuntivo/><nome/><cognome/><indirizzo/><cap/><citta/><provincia/></Raccomandata><Raccomandata><nome_file>038313300_57_574.pdf</nome_file><codice_raccomandata>685631979243</codice_raccomandata><data_esito/><tipo_esito/><motivo_inesito>09</motivo_inesito><campo_aggiuntivo/><nome/><cognome/><indirizzo/><cap/><citta/><provincia/></Raccomandata><Raccomandata><nome_file>038313300_57_577.pdf</nome_file><codice_raccomandata>685631982203</codice_raccomandata><data_esito/><tipo_esito/><motivo_inesito>09</motivo_inesito><campo_aggiuntivo/><nome/><cognome/><indirizzo/><cap/><citta/><provincia/></Raccomandata><Raccomandata><nome_file>038313300_57_580.pdf</nome_file><codice_raccomandata>685631982007</codice_raccomandata><data_esito/><tipo_esito/><motivo_inesito>09</motivo_inesito><campo_aggiuntivo/><nome/><cognome/><indirizzo/><cap/><citta/><provincia/></Raccomandata><Raccomandata><nome_file>038313300_57_583.pdf</nome_file><codice_raccomandata>685631989176</codice_raccomandata><data_esito/><tipo_esito/><motivo_inesito>09</motivo_inesito><campo_aggiuntivo/><nome/><cognome/><indirizzo/><cap/><citta/><provincia/></Raccomandata><Raccomandata><nome_file>038313300_57_586.pdf</nome_file><codice_raccomandata>685631995276</codice_raccomandata><data_esito/><tipo_esito/><motivo_inesito>09</motivo_inesito><campo_aggiuntivo/><nome/><cognome/><indirizzo/><cap/><citta/><provincia/></Raccomandata><Raccomandata><nome_file>038313300_57_589.pdf</nome_file><codice_raccomandata>685631969400</codice_raccomandata><data_esito/><tipo_esito/><motivo_inesito>09</motivo_inesito><campo_aggiuntivo/><nome/><cognome/><indirizzo/><cap/><citta/><provincia/></Raccomandata><Raccomandata><nome_file>038313300_57_592.pdf</nome_file><codice_raccomandata>685631969376</codice_raccomandata><data_esito/><tipo_esito/><motivo_inesito>09</motivo_inesito><campo_aggiuntivo/><nome/><cognome/><indirizzo/><cap/><citta/><provincia/></Raccomandata><Raccomandata><nome_file>038313300_57_595.pdf</nome_file><codice_raccomandata>685631997381</codice_raccomandata><data_esito/><tipo_esito/><motivo_inesito>09</motivo_inesito><campo_aggiuntivo/><nome/><cognome/><indirizzo/><cap/><citta/><provincia/></Raccomandata><Raccomandata><nome_file>038313300_57_598.pdf</nome_file><codice_raccomandata>685631994935</codice_raccomandata><data_esito/><tipo_esito/><motivo_inesito>09</motivo_inesito><campo_aggiuntivo/><nome/><cognome/><indirizzo/><cap/><citta/><provincia/></Raccomandata><Raccomandata><nome_file>038313300_57_601.pdf</nome_file><codice_raccomandata>685631989905</codice_raccomandata><data_esito/><tipo_esito/><motivo_inesito>09</motivo_inesito><campo_aggiuntivo/><nome/><cognome/><indirizzo/><cap/><citta/><provincia/></Raccomandata><Raccomandata><nome_file>038313300_57_604.pdf</nome_file><codice_raccomandata>685631996766</codice_raccomandata><data_esito/><tipo_esito/><motivo_inesito>09</motivo_inesito><campo_aggiuntivo/><nome/><cognome/><indirizzo/><cap/><citta/><provincia/></Raccomandata><Raccomandata><nome_file>038313300_57_607.pdf</nome_file><codice_raccomandata>685631997756</codice_raccomandata><data_esito/><tipo_esito/><motivo_inesito>09</motivo_inesito><campo_aggiuntivo/><nome/><cognome/><indirizzo/><cap/><citta/><provincia/></Raccomandata><Raccomandata><nome_file>038313300_57_610.pdf</nome_file><codice_raccomandata>685631997096</codice_raccomandata><data_esito/><tipo_esito/><motivo_inesito>09</motivo_inesito><campo_aggiuntivo/><nome/><cognome/><indirizzo/><cap/><citta/><provincia/></Raccomandata><Raccomandata><nome_file>038313300_57_613.pdf</nome_file><codice_raccomandata>685631994297</codice_raccomandata><data_esito/><tipo_esito/><motivo_inesito>09</motivo_inesito><campo_aggiuntivo/><nome/><cognome/><indirizzo/><cap/><citta/><provincia/></Raccomandata><Raccomandata><nome_file>038313300_57_616.pdf</nome_file><codice_raccomandata>685631997621</codice_raccomandata><data_esito/><tipo_esito/><motivo_inesito>09</motivo_inesito><campo_aggiuntivo/><nome/><cognome/><indirizzo/><cap/><citta/><provincia/></Raccomandata><Raccomandata><nome_file>038313300_57_619.pdf</nome_file><codice_raccomandata>685631996857</codice_raccomandata><data_esito/><tipo_esito/><motivo_inesito>09</motivo_inesito><campo_aggiuntivo/><nome/><cognome/><indirizzo/><cap/><citta/><provincia/></Raccomandata><Raccomandata><nome_file>038313300_57_622.pdf</nome_file><codice_raccomandata>685631997529</codice_raccomandata><data_esito/><tipo_esito/><motivo_inesito>09</motivo_inesito><campo_aggiuntivo/><nome/><cognome/><indirizzo/><cap/><citta/><provincia/></Raccomandata><Raccomandata><nome_file>038313300_57_625.pdf</nome_file><codice_raccomandata>685631995801</codice_raccomandata><data_esito/><tipo_esito/><motivo_inesito>09</motivo_inesito><campo_aggiuntivo/><nome/><cognome/><indirizzo/><cap/><citta/><provincia/></Raccomandata><Raccomandata><nome_file>038313300_57_628.pdf</nome_file><codice_raccomandata>685631978401</codice_raccomandata><data_esito/><tipo_esito/><motivo_inesito>09</motivo_inesito><campo_aggiuntivo/><nome/><cognome/><indirizzo/><cap/><citta/><provincia/></Raccomandata><Raccomandata><nome_file>038313300_57_631.pdf</nome_file><codice_raccomandata>685631978981</codice_raccomandata><data_esito/><tipo_esito/><motivo_inesito>09</motivo_inesito><campo_aggiuntivo/><nome/><cognome/><indirizzo/><cap/><citta/><provincia/></Raccomandata><Raccomandata><nome_file>038313300_57_634.pdf</nome_file><codice_raccomandata>685631993182</codice_raccomandata><data_esito/><tipo_esito/><motivo_inesito>09</motivo_inesito><campo_aggiuntivo/><nome/><cognome/><indirizzo/><cap/><citta/><provincia/></Raccomandata><Raccomandata><nome_file>038313300_57_637.pdf</nome_file><codice_raccomandata>685631975921</codice_raccomandata><data_esito/><tipo_esito/><motivo_inesito>09</motivo_inesito><campo_aggiuntivo/><nome/><cognome/><indirizzo/><cap/><citta/><provincia/></Raccomandata><Raccomandata><nome_file>038313300_57_640.pdf</nome_file><codice_raccomandata>685631992693</codice_raccomandata><data_esito/><tipo_esito/><motivo_inesito>09</motivo_inesito><campo_aggiuntivo/><nome/><cognome/><indirizzo/><cap/><citta/><provincia/></Raccomandata><Raccomandata><nome_file>038313300_57_643.pdf</nome_file><codice_raccomandata>685631976864</codice_raccomandata><data_esito/><tipo_esito/><motivo_inesito>09</motivo_inesito><campo_aggiuntivo/><nome/><cognome/><indirizzo/><cap/><citta/><provincia/></Raccomandata><Raccomandata><nome_file>038313300_57_646.pdf</nome_file><codice_raccomandata>685631993376</codice_raccomandata><data_esito/><tipo_esito/><motivo_inesito>09</motivo_inesito><campo_aggiuntivo/><nome/><cognome/><indirizzo/><cap/><citta/><provincia/></Raccomandata><Raccomandata><nome_file>038313300_57_649.pdf</nome_file><codice_raccomandata>685632075854</codice_raccomandata><data_esito/><tipo_esito/><motivo_inesito>09</motivo_inesito><campo_aggiuntivo/><nome/><cognome/><indirizzo/><cap/><citta/><provincia/></Raccomandata><Raccomandata><nome_file>038313300_57_652.pdf</nome_file><codice_raccomandata>685632075843</codice_raccomandata><data_esito/><tipo_esito/><motivo_inesito>09</motivo_inesito><campo_aggiuntivo/><nome/><cognome/><indirizzo/><cap/><citta/><provincia/></Raccomandata><Raccomandata><nome_file>038313300_57_655.pdf</nome_file><codice_raccomandata>685632075615</codice_raccomandata><data_esito/><tipo_esito/><motivo_inesito>09</motivo_inesito><campo_aggiuntivo/><nome/><cognome/><indirizzo/><cap/><citta/><provincia/></Raccomandata><Raccomandata><nome_file>038313300_57_658.pdf</nome_file><codice_raccomandata>685632076013</codice_raccomandata><data_esito/><tipo_esito/><motivo_inesito>09</motivo_inesito><campo_aggiuntivo/><nome/><cognome/><indirizzo/><cap/><citta/><provincia/></Raccomandata><Raccomandata><nome_file>038313300_57_661.pdf</nome_file><codice_raccomandata>685631974997</codice_raccomandata><data_esito/><tipo_esito/><motivo_inesito>09</motivo_inesito><campo_aggiuntivo/><nome/><cognome/><indirizzo/><cap/><citta/><provincia/></Raccomandata><Raccomandata><nome_file>038313300_57_664.pdf</nome_file><codice_raccomandata>685631981451</codice_raccomandata><data_esito/><tipo_esito/><motivo_inesito>09</motivo_inesito><campo_aggiuntivo/><nome/><cognome/><indirizzo/><cap/><citta/><provincia/></Raccomandata><Raccomandata><nome_file>038313300_57_667.pdf</nome_file><codice_raccomandata>685631990645</codice_raccomandata><data_esito/><tipo_esito/><motivo_inesito>09</motivo_inesito><campo_aggiuntivo/><nome/><cognome/><indirizzo/><cap/><citta/><provincia/></Raccomandata><Raccomandata><nome_file>038313300_57_670.pdf</nome_file><codice_raccomandata>685631981119</codice_raccomandata><data_esito/><tipo_esito/><motivo_inesito>09</motivo_inesito><campo_aggiuntivo/><nome/><cognome/><indirizzo/><cap/><citta/><provincia/></Raccomandata><Raccomandata><nome_file>038313300_57_673.pdf</nome_file><codice_raccomandata>685631995287</codice_raccomandata><data_esito/><tipo_esito/><motivo_inesito>09</motivo_inesito><campo_aggiuntivo/><nome/><cognome/><indirizzo/><cap/><citta/><provincia/></Raccomandata><Raccomandata><nome_file>038313300_57_676.pdf</nome_file><codice_raccomandata>685631967099</codice_raccomandata><data_esito/><tipo_esito/><motivo_inesito>09</motivo_inesito><campo_aggiuntivo/><nome/><cognome/><indirizzo/><cap/><citta/><provincia/></Raccomandata><Raccomandata><nome_file>038313300_57_679.pdf</nome_file><codice_raccomandata>685631993045</codice_raccomandata><data_esito/><tipo_esito/><motivo_inesito>09</motivo_inesito><campo_aggiuntivo/><nome/><cognome/><indirizzo/><cap/><citta/><provincia/></Raccomandata><Raccomandata><nome_file>038313300_57_682.pdf</nome_file><codice_raccomandata>685631993206</codice_raccomandata><data_esito/><tipo_esito/><motivo_inesito>09</motivo_inesito><campo_aggiuntivo/><nome/><cognome/><indirizzo/><cap/><citta/><provincia/></Raccomandata><Raccomandata><nome_file>038313300_57_685.pdf</nome_file><codice_raccomandata>685631993569</codice_raccomandata><data_esito/><tipo_esito/><motivo_inesito>09</motivo_inesito><campo_aggiuntivo/><nome/><cognome/><indirizzo/><cap/><citta/><provincia/></Raccomandata><Raccomandata><nome_file>038313300_57_688.pdf</nome_file><codice_raccomandata>685631976534</codice_raccomandata><data_esito/><tipo_esito/><motivo_inesito>09</motivo_inesito><campo_aggiuntivo/><nome/><cognome/><indirizzo/><cap/><citta/><provincia/></Raccomandata><Raccomandata><nome_file>038313300_57_691.pdf</nome_file><codice_raccomandata>685631987561</codice_raccomandata><data_esito/><tipo_esito/><motivo_inesito>09</motivo_inesito><campo_aggiuntivo/><nome/><cognome/><indirizzo/><cap/><citta/><provincia/></Raccomandata><Raccomandata><nome_file>038313300_57_694.pdf</nome_file><codice_raccomandata>685631978753</codice_raccomandata><data_esito/><tipo_esito/><motivo_inesito>09</motivo_inesito><campo_aggiuntivo/><nome/><cognome/><indirizzo/><cap/><citta/><provincia/></Raccomandata><Raccomandata><nome_file>038313300_57_697.pdf</nome_file><codice_raccomandata>685631979504</codice_raccomandata><data_esito/><tipo_esito/><motivo_inesito>09</motivo_inesito><campo_aggiuntivo/><nome/><cognome/><indirizzo/><cap/><citta/><provincia/></Raccomandata><Raccomandata><nome_file>038313300_57_700.pdf</nome_file><codice_raccomandata>685631990736</codice_raccomandata><data_esito/><tipo_esito/><motivo_inesito>09</motivo_inesito><campo_aggiuntivo/><nome/><cognome/><indirizzo/><cap/><citta/><provincia/></Raccomandata><Raccomandata><nome_file>038313300_57_703.pdf</nome_file><codice_raccomandata>685631990383</codice_raccomandata><data_esito/><tipo_esito/><motivo_inesito>09</motivo_inesito><campo_aggiuntivo/><nome/><cognome/><indirizzo/><cap/><citta/><provincia/></Raccomandata><Raccomandata><nome_file>038313300_57_706.pdf</nome_file><codice_raccomandata>685631990838</codice_raccomandata><data_esito/><tipo_esito/><motivo_inesito>09</motivo_inesito><campo_aggiuntivo/><nome/><cognome/><indirizzo/><cap/><citta/><provincia/></Raccomandata><Raccomandata><nome_file>038313300_57_709.pdf</nome_file><codice_raccomandata>685631998542</codice_raccomandata><data_esito/><tipo_esito/><motivo_inesito>09</motivo_inesito><campo_aggiuntivo/><nome/><cognome/><indirizzo/><cap/><citta/><provincia/></Raccomandata><Raccomandata><nome_file>038313300_57_712.pdf</nome_file><codice_raccomandata>685631981575</codice_raccomandata><data_esito/><tipo_esito/><motivo_inesito>09</motivo_inesito><campo_aggiuntivo/><nome/><cognome/><indirizzo/><cap/><citta/><provincia/></Raccomandata><Raccomandata><nome_file>038313300_57_715.pdf</nome_file><codice_raccomandata>685631981600</codice_raccomandata><data_esito/><tipo_esito/><motivo_inesito>09</motivo_inesito><campo_aggiuntivo/><nome/><cognome/><indirizzo/><cap/><citta/><provincia/></Raccomandata></Spedizione>
