<Spedizione Cliente="Z0088629" Archivio="IDF1508000D_E.zip" Filename="IDF1508000D_E.xml" NumeroRaccomandate="66"><Raccomandata><nome_file>039896900_57_7.pdf</nome_file><codice_raccomandata>685632278439</codice_raccomandata><data_esito>12/11/2021</data_esito><tipo_esito/><motivo_inesito/><campo_aggiuntivo/><nome/><cognome/><indirizzo/><cap/><citta/><provincia/></Raccomandata><Raccomandata><nome_file>039896900_57_10.pdf</nome_file><codice_raccomandata>685632275481</codice_raccomandata><data_esito>04/11/2021</data_esito><tipo_esito/><motivo_inesito/><campo_aggiuntivo/><nome/><cognome/><indirizzo/><cap/><citta/><provincia/></Raccomandata><Raccomandata><nome_file>039896900_57_13.pdf</nome_file><codice_raccomandata>685632283572</codice_raccomandata><data_esito>04/11/2021</data_esito><tipo_esito/><motivo_inesito/><campo_aggiuntivo/><nome/><cognome/><indirizzo/><cap/><citta/><provincia/></Raccomandata><Raccomandata><nome_file>039896900_57_16.pdf</nome_file><codice_raccomandata>685632266742</codice_raccomandata><data_esito>06/11/2021</data_esito><tipo_esito/><motivo_inesito/><campo_aggiuntivo/><nome/><cognome/><indirizzo/><cap/><citta/><provincia/></Raccomandata><Raccomandata><nome_file>039896900_57_19.pdf</nome_file><codice_raccomandata>685632277084</codice_raccomandata><data_esito>10/10/2021</data_esito><tipo_esito/><motivo_inesito/><campo_aggiuntivo/><nome/><cognome/><indirizzo/><cap/><citta/><provincia/></Raccomandata><Raccomandata><nome_file>039896900_57_22.pdf</nome_file><codice_raccomandata>685632267469</codice_raccomandata><data_esito>11/11/2021</data_esito><tipo_esito/><motivo_inesito/><campo_aggiuntivo/><nome/><cognome/><indirizzo/><cap/><citta/><provincia/></Raccomandata><Raccomandata><nome_file>039896900_57_25.pdf</nome_file><codice_raccomandata>685632266217</codice_raccomandata><data_esito>05/11/2021</data_esito><tipo_esito/><motivo_inesito/><campo_aggiuntivo/><nome/><cognome/><indirizzo/><cap/><citta/><provincia/></Raccomandata><Raccomandata><nome_file>039896900_57_28.pdf</nome_file><codice_raccomandata>685632397979</codice_raccomandata><data_esito>16/11/2021</data_esito><tipo_esito/><motivo_inesito/><campo_aggiuntivo/><nome/><cognome/><indirizzo/><cap/><citta/><provincia/></Raccomandata><Raccomandata><nome_file>039896900_57_31.pdf</nome_file><codice_raccomandata>685632267867</codice_raccomandata><data_esito>18/11/2021</data_esito><tipo_esito/><motivo_inesito/><campo_aggiuntivo/><nome/><cognome/><indirizzo/><cap/><citta/><provincia/></Raccomandata><Raccomandata><nome_file>039896900_57_34.pdf</nome_file><codice_raccomandata>685632397911</codice_raccomandata><data_esito>18/11/2021</data_esito><tipo_esito/><motivo_inesito/><campo_aggiuntivo/><nome/><cognome/><indirizzo/><cap/><citta/><provincia/></Raccomandata><Raccomandata><nome_file>039896900_57_37.pdf</nome_file><codice_raccomandata>685632382378</codice_raccomandata><data_esito>17/11/2021</data_esito><tipo_esito/><motivo_inesito/><campo_aggiuntivo/><nome/><cognome/><indirizzo/><cap/><citta/><provincia/></Raccomandata><Raccomandata><nome_file>039896900_57_40.pdf</nome_file><codice_raccomandata>685632398218</codice_raccomandata><data_esito>16/11/2021</data_esito><tipo_esito/><motivo_inesito/><campo_aggiuntivo/><nome/><cognome/><indirizzo/><cap/><citta/><provincia/></Raccomandata><Raccomandata><nome_file>039896900_57_43.pdf</nome_file><codice_raccomandata>685632385792</codice_raccomandata><data_esito>17/11/2021</data_esito><tipo_esito/><motivo_inesito/><campo_aggiuntivo/><nome/><cognome/><indirizzo/><cap/><citta/><provincia/></Raccomandata><Raccomandata><nome_file>039896900_57_46.pdf</nome_file><codice_raccomandata>685632385520</codice_raccomandata><data_esito>22/11/2021</data_esito><tipo_esito/><motivo_inesito/><campo_aggiuntivo/><nome/><cognome/><indirizzo/><cap/><citta/><provincia/></Raccomandata><Raccomandata><nome_file>039896900_57_49.pdf</nome_file><codice_raccomandata>685632361816</codice_raccomandata><data_esito>16/11/2021</data_esito><tipo_esito/><motivo_inesito/><campo_aggiuntivo/><nome/><cognome/><indirizzo/><cap/><citta/><provincia/></Raccomandata><Raccomandata><nome_file>039896900_57_52.pdf</nome_file><codice_raccomandata>685632396476</codice_raccomandata><data_esito>16/11/2021</data_esito><tipo_esito/><motivo_inesito/><campo_aggiuntivo/><nome/><cognome/><indirizzo/><cap/><citta/><provincia/></Raccomandata><Raccomandata><nome_file>039896900_57_55.pdf</nome_file><codice_raccomandata>685632386599</codice_raccomandata><data_esito>17/11/2021</data_esito><tipo_esito/><motivo_inesito/><campo_aggiuntivo/><nome/><cognome/><indirizzo/><cap/><citta/><provincia/></Raccomandata><Raccomandata><nome_file>039896900_57_58.pdf</nome_file><codice_raccomandata>685632387237</codice_raccomandata><data_esito>16/11/2021</data_esito><tipo_esito/><motivo_inesito/><campo_aggiuntivo/><nome/><cognome/><indirizzo/><cap/><citta/><provincia/></Raccomandata><Raccomandata><nome_file>039896900_57_61.pdf</nome_file><codice_raccomandata>685632277984</codice_raccomandata><data_esito>19/11/2021</data_esito><tipo_esito/><motivo_inesito/><campo_aggiuntivo/><nome/><cognome/><indirizzo/><cap/><citta/><provincia/></Raccomandata><Raccomandata><nome_file>039896900_57_64.pdf</nome_file><codice_raccomandata>685632266889</codice_raccomandata><data_esito>13/11/2021</data_esito><tipo_esito/><motivo_inesito/><campo_aggiuntivo/><nome/><cognome/><indirizzo/><cap/><citta/><provincia/></Raccomandata><Raccomandata><nome_file>039896900_57_67.pdf</nome_file><codice_raccomandata>685632281206</codice_raccomandata><data_esito>04/11/2021</data_esito><tipo_esito/><motivo_inesito/><campo_aggiuntivo/><nome/><cognome/><indirizzo/><cap/><citta/><provincia/></Raccomandata><Raccomandata><nome_file>039896900_57_70.pdf</nome_file><codice_raccomandata>685632395681</codice_raccomandata><data_esito>15/11/2021</data_esito><tipo_esito/><motivo_inesito/><campo_aggiuntivo/><nome/><cognome/><indirizzo/><cap/><citta/><provincia/></Raccomandata><Raccomandata><nome_file>039896900_57_73.pdf</nome_file><codice_raccomandata>685632385201</codice_raccomandata><data_esito>15/11/2021</data_esito><tipo_esito/><motivo_inesito/><campo_aggiuntivo/><nome/><cognome/><indirizzo/><cap/><citta/><provincia/></Raccomandata><Raccomandata><nome_file>039896900_57_76.pdf</nome_file><codice_raccomandata>685632362715</codice_raccomandata><data_esito>15/11/2021</data_esito><tipo_esito/><motivo_inesito/><campo_aggiuntivo/><nome/><cognome/><indirizzo/><cap/><citta/><provincia/></Raccomandata><Raccomandata><nome_file>039896900_57_79.pdf</nome_file><codice_raccomandata>685632394281</codice_raccomandata><data_esito>16/11/2021</data_esito><tipo_esito/><motivo_inesito/><campo_aggiuntivo/><nome/><cognome/><indirizzo/><cap/><citta/><provincia/></Raccomandata><Raccomandata><nome_file>039896900_57_82.pdf</nome_file><codice_raccomandata>685632389467</codice_raccomandata><data_esito>16/11/2021</data_esito><tipo_esito/><motivo_inesito/><campo_aggiuntivo/><nome/><cognome/><indirizzo/><cap/><citta/><provincia/></Raccomandata><Raccomandata><nome_file>039896900_57_85.pdf</nome_file><codice_raccomandata>685632388910</codice_raccomandata><data_esito>16/11/2021</data_esito><tipo_esito/><motivo_inesito/><campo_aggiuntivo/><nome/><cognome/><indirizzo/><cap/><citta/><provincia/></Raccomandata><Raccomandata><nome_file>039896900_57_88.pdf</nome_file><codice_raccomandata>685632387817</codice_raccomandata><data_esito>16/11/2021</data_esito><tipo_esito/><motivo_inesito/><campo_aggiuntivo/><nome/><cognome/><indirizzo/><cap/><citta/><provincia/></Raccomandata><Raccomandata><nome_file>039896900_57_91.pdf</nome_file><codice_raccomandata>685632383584</codice_raccomandata><data_esito>16/11/2021</data_esito><tipo_esito/><motivo_inesito/><campo_aggiuntivo/><nome/><cognome/><indirizzo/><cap/><citta/><provincia/></Raccomandata><Raccomandata><nome_file>039896900_57_94.pdf</nome_file><codice_raccomandata>685632368222</codice_raccomandata><data_esito>16/11/2021</data_esito><tipo_esito/><motivo_inesito/><campo_aggiuntivo/><nome/><cognome/><indirizzo/><cap/><citta/><provincia/></Raccomandata><Raccomandata><nome_file>039896900_57_97.pdf</nome_file><codice_raccomandata>685632271544</codice_raccomandata><data_esito>19/10/2021</data_esito><tipo_esito/><motivo_inesito/><campo_aggiuntivo/><nome/><cognome/><indirizzo/><cap/><citta/><provincia/></Raccomandata><Raccomandata><nome_file>039896900_57_100.pdf</nome_file><codice_raccomandata>685632267025</codice_raccomandata><data_esito>05/11/2021</data_esito><tipo_esito/><motivo_inesito/><campo_aggiuntivo/><nome/><cognome/><indirizzo/><cap/><citta/><provincia/></Raccomandata><Raccomandata><nome_file>039896900_57_103.pdf</nome_file><codice_raccomandata>685632267082</codice_raccomandata><data_esito>09/11/2021</data_esito><tipo_esito/><motivo_inesito/><campo_aggiuntivo/><nome/><cognome/><indirizzo/><cap/><citta/><provincia/></Raccomandata><Raccomandata><nome_file>039896900_57_106.pdf</nome_file><codice_raccomandata>685632392734</codice_raccomandata><data_esito>15/11/2021</data_esito><tipo_esito/><motivo_inesito/><campo_aggiuntivo/><nome/><cognome/><indirizzo/><cap/><citta/><provincia/></Raccomandata><Raccomandata><nome_file>039896900_57_109.pdf</nome_file><codice_raccomandata>685632390287</codice_raccomandata><data_esito>15/11/2021</data_esito><tipo_esito/><motivo_inesito/><campo_aggiuntivo/><nome/><cognome/><indirizzo/><cap/><citta/><provincia/></Raccomandata><Raccomandata><nome_file>039896900_57_112.pdf</nome_file><codice_raccomandata>685632271578</codice_raccomandata><data_esito>10/11/2021</data_esito><tipo_esito/><motivo_inesito/><campo_aggiuntivo/><nome/><cognome/><indirizzo/><cap/><citta/><provincia/></Raccomandata><Raccomandata><nome_file>039896900_57_115.pdf</nome_file><codice_raccomandata>685632275765</codice_raccomandata><data_esito>10/11/2021</data_esito><tipo_esito/><motivo_inesito/><campo_aggiuntivo/><nome/><cognome/><indirizzo/><cap/><citta/><provincia/></Raccomandata><Raccomandata><nome_file>039896900_57_118.pdf</nome_file><codice_raccomandata>685632265307</codice_raccomandata><data_esito>11/11/2021</data_esito><tipo_esito/><motivo_inesito/><campo_aggiuntivo/><nome/><cognome/><indirizzo/><cap/><citta/><provincia/></Raccomandata><Raccomandata><nome_file>039896900_57_121.pdf</nome_file><codice_raccomandata>685632387533</codice_raccomandata><data_esito>18/11/2021</data_esito><tipo_esito/><motivo_inesito/><campo_aggiuntivo/><nome/><cognome/><indirizzo/><cap/><citta/><provincia/></Raccomandata><Raccomandata><nome_file>039896900_57_124.pdf</nome_file><codice_raccomandata>685632386463</codice_raccomandata><data_esito>18/11/2021</data_esito><tipo_esito/><motivo_inesito/><campo_aggiuntivo/><nome/><cognome/><indirizzo/><cap/><citta/><provincia/></Raccomandata><Raccomandata><nome_file>039896900_57_127.pdf</nome_file><codice_raccomandata>685632386429</codice_raccomandata><data_esito>18/11/2021</data_esito><tipo_esito/><motivo_inesito/><campo_aggiuntivo/><nome/><cognome/><indirizzo/><cap/><citta/><provincia/></Raccomandata><Raccomandata><nome_file>039896900_57_130.pdf</nome_file><codice_raccomandata>685632386497</codice_raccomandata><data_esito>15/11/2021</data_esito><tipo_esito/><motivo_inesito/><campo_aggiuntivo/><nome/><cognome/><indirizzo/><cap/><citta/><provincia/></Raccomandata><Raccomandata><nome_file>039896900_57_133.pdf</nome_file><codice_raccomandata>685632362852</codice_raccomandata><data_esito>16/11/2021</data_esito><tipo_esito/><motivo_inesito/><campo_aggiuntivo/><nome/><cognome/><indirizzo/><cap/><citta/><provincia/></Raccomandata><Raccomandata><nome_file>039896900_57_136.pdf</nome_file><codice_raccomandata>685632386407</codice_raccomandata><data_esito>16/11/2021</data_esito><tipo_esito/><motivo_inesito/><campo_aggiuntivo/><nome/><cognome/><indirizzo/><cap/><citta/><provincia/></Raccomandata><Raccomandata><nome_file>039896900_57_139.pdf</nome_file><codice_raccomandata>685632395099</codice_raccomandata><data_esito>16/11/2021</data_esito><tipo_esito/><motivo_inesito/><campo_aggiuntivo/><nome/><cognome/><indirizzo/><cap/><citta/><provincia/></Raccomandata><Raccomandata><nome_file>039896900_57_142.pdf</nome_file><codice_raccomandata>685632400073</codice_raccomandata><data_esito>16/11/2021</data_esito><tipo_esito/><motivo_inesito/><campo_aggiuntivo/><nome/><cognome/><indirizzo/><cap/><citta/><provincia/></Raccomandata><Raccomandata><nome_file>039896900_57_145.pdf</nome_file><codice_raccomandata>685632380626</codice_raccomandata><data_esito>16/11/2021</data_esito><tipo_esito/><motivo_inesito/><campo_aggiuntivo/><nome/><cognome/><indirizzo/><cap/><citta/><provincia/></Raccomandata><Raccomandata><nome_file>039896900_57_148.pdf</nome_file><codice_raccomandata>685632362830</codice_raccomandata><data_esito>16/11/2021</data_esito><tipo_esito/><motivo_inesito/><campo_aggiuntivo/><nome/><cognome/><indirizzo/><cap/><citta/><provincia/></Raccomandata><Raccomandata><nome_file>039896900_57_151.pdf</nome_file><codice_raccomandata>685632367049</codice_raccomandata><data_esito>16/11/2021</data_esito><tipo_esito/><motivo_inesito/><campo_aggiuntivo/><nome/><cognome/><indirizzo/><cap/><citta/><provincia/></Raccomandata><Raccomandata><nome_file>039896900_57_154.pdf</nome_file><codice_raccomandata>685632397900</codice_raccomandata><data_esito>20/11/2021</data_esito><tipo_esito/><motivo_inesito/><campo_aggiuntivo/><nome/><cognome/><indirizzo/><cap/><citta/><provincia/></Raccomandata><Raccomandata><nome_file>039896900_57_157.pdf</nome_file><codice_raccomandata>685632397898</codice_raccomandata><data_esito>20/11/2021</data_esito><tipo_esito/><motivo_inesito/><campo_aggiuntivo/><nome/><cognome/><indirizzo/><cap/><citta/><provincia/></Raccomandata><Raccomandata><nome_file>039896900_57_160.pdf</nome_file><codice_raccomandata>685632383620</codice_raccomandata><data_esito>19/11/2021</data_esito><tipo_esito/><motivo_inesito/><campo_aggiuntivo/><nome/><cognome/><indirizzo/><cap/><citta/><provincia/></Raccomandata><Raccomandata><nome_file>039896900_57_163.pdf</nome_file><codice_raccomandata>685632396842</codice_raccomandata><data_esito>16/11/2021</data_esito><tipo_esito/><motivo_inesito/><campo_aggiuntivo/><nome/><cognome/><indirizzo/><cap/><citta/><provincia/></Raccomandata><Raccomandata><nome_file>039896900_57_166.pdf</nome_file><codice_raccomandata>685632382025</codice_raccomandata><data_esito>18/11/2021</data_esito><tipo_esito/><motivo_inesito/><campo_aggiuntivo/><nome/><cognome/><indirizzo/><cap/><citta/><provincia/></Raccomandata><Raccomandata><nome_file>039896900_57_169.pdf</nome_file><codice_raccomandata>685632383733</codice_raccomandata><data_esito>17/11/2021</data_esito><tipo_esito/><motivo_inesito/><campo_aggiuntivo/><nome/><cognome/><indirizzo/><cap/><citta/><provincia/></Raccomandata><Raccomandata><nome_file>039896900_57_172.pdf</nome_file><codice_raccomandata>685632391471</codice_raccomandata><data_esito>17/11/2021</data_esito><tipo_esito/><motivo_inesito/><campo_aggiuntivo/><nome/><cognome/><indirizzo/><cap/><citta/><provincia/></Raccomandata><Raccomandata><nome_file>039896900_57_175.pdf</nome_file><codice_raccomandata>685632367813</codice_raccomandata><data_esito>19/11/2021</data_esito><tipo_esito/><motivo_inesito/><campo_aggiuntivo/><nome/><cognome/><indirizzo/><cap/><citta/><provincia/></Raccomandata><Raccomandata><nome_file>039896900_57_178.pdf</nome_file><codice_raccomandata>685632383631</codice_raccomandata><data_esito>17/11/2021</data_esito><tipo_esito/><motivo_inesito/><campo_aggiuntivo/><nome/><cognome/><indirizzo/><cap/><citta/><provincia/></Raccomandata><Raccomandata><nome_file>039896900_57_181.pdf</nome_file><codice_raccomandata>685632388545</codice_raccomandata><data_esito>15/11/2021</data_esito><tipo_esito/><motivo_inesito/><campo_aggiuntivo/><nome/><cognome/><indirizzo/><cap/><citta/><provincia/></Raccomandata><Raccomandata><nome_file>039896900_57_184.pdf</nome_file><codice_raccomandata>685632267845</codice_raccomandata><data_esito>19/11/2021</data_esito><tipo_esito/><motivo_inesito/><campo_aggiuntivo/><nome/><cognome/><indirizzo/><cap/><citta/><provincia/></Raccomandata><Raccomandata><nome_file>039896900_57_187.pdf</nome_file><codice_raccomandata>685632274811</codice_raccomandata><data_esito>12/11/2021</data_esito><tipo_esito/><motivo_inesito/><campo_aggiuntivo/><nome/><cognome/><indirizzo/><cap/><citta/><provincia/></Raccomandata><Raccomandata><nome_file>039896900_57_190.pdf</nome_file><codice_raccomandata>685632266172</codice_raccomandata><data_esito>12/11/2021</data_esito><tipo_esito/><motivo_inesito/><campo_aggiuntivo/><nome/><cognome/><indirizzo/><cap/><citta/><provincia/></Raccomandata><Raccomandata><nome_file>039896900_57_193.pdf</nome_file><codice_raccomandata>685632398640</codice_raccomandata><data_esito>25/11/2021</data_esito><tipo_esito/><motivo_inesito/><campo_aggiuntivo/><nome/><cognome/><indirizzo/><cap/><citta/><provincia/></Raccomandata><Raccomandata><nome_file>039896900_57_196.pdf</nome_file><codice_raccomandata>685632384610</codice_raccomandata><data_esito>16/11/2021</data_esito><tipo_esito/><motivo_inesito/><campo_aggiuntivo/><nome/><cognome/><indirizzo/><cap/><citta/><provincia/></Raccomandata><Raccomandata><nome_file>039896900_57_199.pdf</nome_file><codice_raccomandata>685632398365</codice_raccomandata><data_esito>15/11/2021</data_esito><tipo_esito/><motivo_inesito/><campo_aggiuntivo/><nome/><cognome/><indirizzo/><cap/><citta/><provincia/></Raccomandata><Raccomandata><nome_file>039896900_57_202.pdf</nome_file><codice_raccomandata>685632398627</codice_raccomandata><data_esito>15/11/2021</data_esito><tipo_esito/><motivo_inesito/><campo_aggiuntivo/><nome/><cognome/><indirizzo/><cap/><citta/><provincia/></Raccomandata></Spedizione>
