<Spedizione Cliente="Z0088629" Archivio="IDF15090021_I.zip" Filename="IDF15090021_I.xml" NumeroRaccomandate="214"><Raccomandata><nome_file>039748900_57_7.pdf</nome_file><codice_raccomandata>685632383904</codice_raccomandata><data_esito/><tipo_esito/><motivo_inesito>07</motivo_inesito><campo_aggiuntivo/><nome/><cognome/><indirizzo/><cap/><citta/><provincia/></Raccomandata><Raccomandata><nome_file>039748900_57_10.pdf</nome_file><codice_raccomandata>685632383266</codice_raccomandata><data_esito/><tipo_esito/><motivo_inesito>07</motivo_inesito><campo_aggiuntivo/><nome/><cognome/><indirizzo/><cap/><citta/><provincia/></Raccomandata><Raccomandata><nome_file>039748900_57_16.pdf</nome_file><codice_raccomandata>685632398003</codice_raccomandata><data_esito/><tipo_esito/><motivo_inesito>07</motivo_inesito><campo_aggiuntivo/><nome/><cognome/><indirizzo/><cap/><citta/><provincia/></Raccomandata><Raccomandata><nome_file>039748900_57_19.pdf</nome_file><codice_raccomandata>685632367152</codice_raccomandata><data_esito/><tipo_esito/><motivo_inesito>04</motivo_inesito><campo_aggiuntivo/><nome/><cognome/><indirizzo/><cap/><citta/><provincia/></Raccomandata><Raccomandata><nome_file>039748900_57_22.pdf</nome_file><codice_raccomandata>685632367528</codice_raccomandata><data_esito/><tipo_esito/><motivo_inesito>04</motivo_inesito><campo_aggiuntivo/><nome/><cognome/><indirizzo/><cap/><citta/><provincia/></Raccomandata><Raccomandata><nome_file>039748900_57_25.pdf</nome_file><codice_raccomandata>685632367460</codice_raccomandata><data_esito/><tipo_esito/><motivo_inesito>04</motivo_inesito><campo_aggiuntivo/><nome/><cognome/><indirizzo/><cap/><citta/><provincia/></Raccomandata><Raccomandata><nome_file>039748900_57_28.pdf</nome_file><codice_raccomandata>685632367196</codice_raccomandata><data_esito/><tipo_esito/><motivo_inesito>04</motivo_inesito><campo_aggiuntivo/><nome/><cognome/><indirizzo/><cap/><citta/><provincia/></Raccomandata><Raccomandata><nome_file>039748900_57_31.pdf</nome_file><codice_raccomandata>685632367448</codice_raccomandata><data_esito/><tipo_esito/><motivo_inesito>04</motivo_inesito><campo_aggiuntivo/><nome/><cognome/><indirizzo/><cap/><citta/><provincia/></Raccomandata><Raccomandata><nome_file>039748900_57_34.pdf</nome_file><codice_raccomandata>685632392585</codice_raccomandata><data_esito/><tipo_esito/><motivo_inesito>04</motivo_inesito><campo_aggiuntivo/><nome/><cognome/><indirizzo/><cap/><citta/><provincia/></Raccomandata><Raccomandata><nome_file>039748900_57_37.pdf</nome_file><codice_raccomandata>685632394269</codice_raccomandata><data_esito/><tipo_esito/><motivo_inesito>04</motivo_inesito><campo_aggiuntivo/><nome/><cognome/><indirizzo/><cap/><citta/><provincia/></Raccomandata><Raccomandata><nome_file>039748900_57_40.pdf</nome_file><codice_raccomandata>685632382641</codice_raccomandata><data_esito/><tipo_esito/><motivo_inesito>04</motivo_inesito><campo_aggiuntivo/><nome/><cognome/><indirizzo/><cap/><citta/><provincia/></Raccomandata><Raccomandata><nome_file>039748900_57_43.pdf</nome_file><codice_raccomandata>685632385155</codice_raccomandata><data_esito/><tipo_esito/><motivo_inesito>04</motivo_inesito><campo_aggiuntivo/><nome/><cognome/><indirizzo/><cap/><citta/><provincia/></Raccomandata><Raccomandata><nome_file>039748900_57_46.pdf</nome_file><codice_raccomandata>685632368027</codice_raccomandata><data_esito/><tipo_esito/><motivo_inesito>04</motivo_inesito><campo_aggiuntivo/><nome/><cognome/><indirizzo/><cap/><citta/><provincia/></Raccomandata><Raccomandata><nome_file>039748900_57_49.pdf</nome_file><codice_raccomandata>685632385133</codice_raccomandata><data_esito/><tipo_esito/><motivo_inesito>04</motivo_inesito><campo_aggiuntivo/><nome/><cognome/><indirizzo/><cap/><citta/><provincia/></Raccomandata><Raccomandata><nome_file>039748900_57_52.pdf</nome_file><codice_raccomandata>685632381899</codice_raccomandata><data_esito/><tipo_esito/><motivo_inesito>04</motivo_inesito><campo_aggiuntivo/><nome/><cognome/><indirizzo/><cap/><citta/><provincia/></Raccomandata><Raccomandata><nome_file>039748900_57_55.pdf</nome_file><codice_raccomandata>685632367174</codice_raccomandata><data_esito/><tipo_esito/><motivo_inesito>04</motivo_inesito><campo_aggiuntivo/><nome/><cognome/><indirizzo/><cap/><citta/><provincia/></Raccomandata><Raccomandata><nome_file>039748900_57_58.pdf</nome_file><codice_raccomandata>685632387976</codice_raccomandata><data_esito/><tipo_esito/><motivo_inesito>04</motivo_inesito><campo_aggiuntivo/><nome/><cognome/><indirizzo/><cap/><citta/><provincia/></Raccomandata><Raccomandata><nome_file>039748900_57_61.pdf</nome_file><codice_raccomandata>685632386703</codice_raccomandata><data_esito/><tipo_esito/><motivo_inesito>04</motivo_inesito><campo_aggiuntivo/><nome/><cognome/><indirizzo/><cap/><citta/><provincia/></Raccomandata><Raccomandata><nome_file>039748900_57_64.pdf</nome_file><codice_raccomandata>685632386873</codice_raccomandata><data_esito/><tipo_esito/><motivo_inesito>04</motivo_inesito><campo_aggiuntivo/><nome/><cognome/><indirizzo/><cap/><citta/><provincia/></Raccomandata><Raccomandata><nome_file>039748900_57_67.pdf</nome_file><codice_raccomandata>685632368131</codice_raccomandata><data_esito/><tipo_esito/><motivo_inesito>04</motivo_inesito><campo_aggiuntivo/><nome/><cognome/><indirizzo/><cap/><citta/><provincia/></Raccomandata><Raccomandata><nome_file>039748900_57_70.pdf</nome_file><codice_raccomandata>685632384949</codice_raccomandata><data_esito/><tipo_esito/><motivo_inesito>01</motivo_inesito><campo_aggiuntivo/><nome/><cognome/><indirizzo/><cap/><citta/><provincia/></Raccomandata><Raccomandata><nome_file>039748900_57_73.pdf</nome_file><codice_raccomandata>685632395442</codice_raccomandata><data_esito/><tipo_esito/><motivo_inesito>01</motivo_inesito><campo_aggiuntivo/><nome/><cognome/><indirizzo/><cap/><citta/><provincia/></Raccomandata><Raccomandata><nome_file>039748900_57_76.pdf</nome_file><codice_raccomandata>685632388795</codice_raccomandata><data_esito/><tipo_esito/><motivo_inesito>01</motivo_inesito><campo_aggiuntivo/><nome/><cognome/><indirizzo/><cap/><citta/><provincia/></Raccomandata><Raccomandata><nome_file>039748900_57_79.pdf</nome_file><codice_raccomandata>685632396625</codice_raccomandata><data_esito/><tipo_esito/><motivo_inesito>01</motivo_inesito><campo_aggiuntivo/><nome/><cognome/><indirizzo/><cap/><citta/><provincia/></Raccomandata><Raccomandata><nome_file>039748900_57_82.pdf</nome_file><codice_raccomandata>685632389012</codice_raccomandata><data_esito/><tipo_esito/><motivo_inesito>01</motivo_inesito><campo_aggiuntivo/><nome/><cognome/><indirizzo/><cap/><citta/><provincia/></Raccomandata><Raccomandata><nome_file>039748900_57_85.pdf</nome_file><codice_raccomandata>685632384905</codice_raccomandata><data_esito/><tipo_esito/><motivo_inesito>01</motivo_inesito><campo_aggiuntivo/><nome/><cognome/><indirizzo/><cap/><citta/><provincia/></Raccomandata><Raccomandata><nome_file>039748900_57_88.pdf</nome_file><codice_raccomandata>685632388999</codice_raccomandata><data_esito/><tipo_esito/><motivo_inesito>01</motivo_inesito><campo_aggiuntivo/><nome/><cognome/><indirizzo/><cap/><citta/><provincia/></Raccomandata><Raccomandata><nome_file>039748900_57_91.pdf</nome_file><codice_raccomandata>685632388283</codice_raccomandata><data_esito/><tipo_esito/><motivo_inesito>01</motivo_inesito><campo_aggiuntivo/><nome/><cognome/><indirizzo/><cap/><citta/><provincia/></Raccomandata><Raccomandata><nome_file>039748900_57_94.pdf</nome_file><codice_raccomandata>685632397650</codice_raccomandata><data_esito/><tipo_esito/><motivo_inesito>01</motivo_inesito><campo_aggiuntivo/><nome/><cognome/><indirizzo/><cap/><citta/><provincia/></Raccomandata><Raccomandata><nome_file>039748900_57_97.pdf</nome_file><codice_raccomandata>685632384869</codice_raccomandata><data_esito/><tipo_esito/><motivo_inesito>01</motivo_inesito><campo_aggiuntivo/><nome/><cognome/><indirizzo/><cap/><citta/><provincia/></Raccomandata><Raccomandata><nome_file>039748900_57_100.pdf</nome_file><codice_raccomandata>685632367904</codice_raccomandata><data_esito/><tipo_esito/><motivo_inesito>01</motivo_inesito><campo_aggiuntivo/><nome/><cognome/><indirizzo/><cap/><citta/><provincia/></Raccomandata><Raccomandata><nome_file>039748900_57_103.pdf</nome_file><codice_raccomandata>685632362692</codice_raccomandata><data_esito/><tipo_esito/><motivo_inesito>01</motivo_inesito><campo_aggiuntivo/><nome/><cognome/><indirizzo/><cap/><citta/><provincia/></Raccomandata><Raccomandata><nome_file>039748900_57_106.pdf</nome_file><codice_raccomandata>685632367471</codice_raccomandata><data_esito/><tipo_esito/><motivo_inesito>01</motivo_inesito><campo_aggiuntivo/><nome/><cognome/><indirizzo/><cap/><citta/><provincia/></Raccomandata><Raccomandata><nome_file>039748900_57_109.pdf</nome_file><codice_raccomandata>685632388579</codice_raccomandata><data_esito/><tipo_esito/><motivo_inesito>01</motivo_inesito><campo_aggiuntivo/><nome/><cognome/><indirizzo/><cap/><citta/><provincia/></Raccomandata><Raccomandata><nome_file>039748900_57_112.pdf</nome_file><codice_raccomandata>685632394510</codice_raccomandata><data_esito/><tipo_esito/><motivo_inesito>01</motivo_inesito><campo_aggiuntivo/><nome/><cognome/><indirizzo/><cap/><citta/><provincia/></Raccomandata><Raccomandata><nome_file>039748900_57_115.pdf</nome_file><codice_raccomandata>685632396523</codice_raccomandata><data_esito/><tipo_esito/><motivo_inesito>01</motivo_inesito><campo_aggiuntivo/><nome/><cognome/><indirizzo/><cap/><citta/><provincia/></Raccomandata><Raccomandata><nome_file>039748900_57_118.pdf</nome_file><codice_raccomandata>685632382231</codice_raccomandata><data_esito/><tipo_esito/><motivo_inesito>01</motivo_inesito><campo_aggiuntivo/><nome/><cognome/><indirizzo/><cap/><citta/><provincia/></Raccomandata><Raccomandata><nome_file>039748900_57_121.pdf</nome_file><codice_raccomandata>685632368277</codice_raccomandata><data_esito/><tipo_esito/><motivo_inesito>01</motivo_inesito><campo_aggiuntivo/><nome/><cognome/><indirizzo/><cap/><citta/><provincia/></Raccomandata><Raccomandata><nome_file>039748900_57_124.pdf</nome_file><codice_raccomandata>685632387373</codice_raccomandata><data_esito/><tipo_esito/><motivo_inesito>01</motivo_inesito><campo_aggiuntivo/><nome/><cognome/><indirizzo/><cap/><citta/><provincia/></Raccomandata><Raccomandata><nome_file>039748900_57_127.pdf</nome_file><codice_raccomandata>685632396738</codice_raccomandata><data_esito/><tipo_esito/><motivo_inesito>01</motivo_inesito><campo_aggiuntivo/><nome/><cognome/><indirizzo/><cap/><citta/><provincia/></Raccomandata><Raccomandata><nome_file>039748900_57_130.pdf</nome_file><codice_raccomandata>685632396749</codice_raccomandata><data_esito/><tipo_esito/><motivo_inesito>09</motivo_inesito><campo_aggiuntivo/><nome/><cognome/><indirizzo/><cap/><citta/><provincia/></Raccomandata><Raccomandata><nome_file>039748900_57_133.pdf</nome_file><codice_raccomandata>685632361771</codice_raccomandata><data_esito/><tipo_esito/><motivo_inesito>09</motivo_inesito><campo_aggiuntivo/><nome/><cognome/><indirizzo/><cap/><citta/><provincia/></Raccomandata><Raccomandata><nome_file>039748900_57_136.pdf</nome_file><codice_raccomandata>685632278724</codice_raccomandata><data_esito/><tipo_esito/><motivo_inesito>09</motivo_inesito><campo_aggiuntivo/><nome/><cognome/><indirizzo/><cap/><citta/><provincia/></Raccomandata><Raccomandata><nome_file>039748900_57_139.pdf</nome_file><codice_raccomandata>685632284266</codice_raccomandata><data_esito/><tipo_esito/><motivo_inesito>09</motivo_inesito><campo_aggiuntivo/><nome/><cognome/><indirizzo/><cap/><citta/><provincia/></Raccomandata><Raccomandata><nome_file>039748900_57_142.pdf</nome_file><codice_raccomandata>685632388410</codice_raccomandata><data_esito/><tipo_esito/><motivo_inesito>09</motivo_inesito><campo_aggiuntivo/><nome/><cognome/><indirizzo/><cap/><citta/><provincia/></Raccomandata><Raccomandata><nome_file>039748900_57_145.pdf</nome_file><codice_raccomandata>685632383391</codice_raccomandata><data_esito/><tipo_esito/><motivo_inesito>09</motivo_inesito><campo_aggiuntivo/><nome/><cognome/><indirizzo/><cap/><citta/><provincia/></Raccomandata><Raccomandata><nome_file>039748900_57_148.pdf</nome_file><codice_raccomandata>685632388443</codice_raccomandata><data_esito/><tipo_esito/><motivo_inesito>09</motivo_inesito><campo_aggiuntivo/><nome/><cognome/><indirizzo/><cap/><citta/><provincia/></Raccomandata><Raccomandata><nome_file>039748900_57_151.pdf</nome_file><codice_raccomandata>685632398172</codice_raccomandata><data_esito/><tipo_esito/><motivo_inesito>09</motivo_inesito><campo_aggiuntivo/><nome/><cognome/><indirizzo/><cap/><citta/><provincia/></Raccomandata><Raccomandata><nome_file>039748900_57_154.pdf</nome_file><codice_raccomandata>685632397273</codice_raccomandata><data_esito/><tipo_esito/><motivo_inesito>09</motivo_inesito><campo_aggiuntivo/><nome/><cognome/><indirizzo/><cap/><citta/><provincia/></Raccomandata><Raccomandata><nome_file>039748900_57_157.pdf</nome_file><codice_raccomandata>685632388488</codice_raccomandata><data_esito/><tipo_esito/><motivo_inesito>09</motivo_inesito><campo_aggiuntivo/><nome/><cognome/><indirizzo/><cap/><citta/><provincia/></Raccomandata><Raccomandata><nome_file>039748900_57_160.pdf</nome_file><codice_raccomandata>685632396397</codice_raccomandata><data_esito/><tipo_esito/><motivo_inesito>09</motivo_inesito><campo_aggiuntivo/><nome/><cognome/><indirizzo/><cap/><citta/><provincia/></Raccomandata><Raccomandata><nome_file>039748900_57_163.pdf</nome_file><codice_raccomandata>685632382732</codice_raccomandata><data_esito/><tipo_esito/><motivo_inesito>09</motivo_inesito><campo_aggiuntivo/><nome/><cognome/><indirizzo/><cap/><citta/><provincia/></Raccomandata><Raccomandata><nome_file>039748900_57_166.pdf</nome_file><codice_raccomandata>685632386929</codice_raccomandata><data_esito/><tipo_esito/><motivo_inesito>09</motivo_inesito><campo_aggiuntivo/><nome/><cognome/><indirizzo/><cap/><citta/><provincia/></Raccomandata><Raccomandata><nome_file>039748900_57_169.pdf</nome_file><codice_raccomandata>685632386225</codice_raccomandata><data_esito/><tipo_esito/><motivo_inesito>09</motivo_inesito><campo_aggiuntivo/><nome/><cognome/><indirizzo/><cap/><citta/><provincia/></Raccomandata><Raccomandata><nome_file>039748900_57_172.pdf</nome_file><codice_raccomandata>685632367404</codice_raccomandata><data_esito/><tipo_esito/><motivo_inesito>09</motivo_inesito><campo_aggiuntivo/><nome/><cognome/><indirizzo/><cap/><citta/><provincia/></Raccomandata><Raccomandata><nome_file>039748900_57_175.pdf</nome_file><codice_raccomandata>685632367482</codice_raccomandata><data_esito/><tipo_esito/><motivo_inesito>09</motivo_inesito><campo_aggiuntivo/><nome/><cognome/><indirizzo/><cap/><citta/><provincia/></Raccomandata><Raccomandata><nome_file>039748900_57_178.pdf</nome_file><codice_raccomandata>685632392518</codice_raccomandata><data_esito/><tipo_esito/><motivo_inesito>09</motivo_inesito><campo_aggiuntivo/><nome/><cognome/><indirizzo/><cap/><citta/><provincia/></Raccomandata><Raccomandata><nome_file>039748900_57_181.pdf</nome_file><codice_raccomandata>685632362896</codice_raccomandata><data_esito/><tipo_esito/><motivo_inesito>09</motivo_inesito><campo_aggiuntivo/><nome/><cognome/><indirizzo/><cap/><citta/><provincia/></Raccomandata><Raccomandata><nome_file>039748900_57_184.pdf</nome_file><codice_raccomandata>685632381332</codice_raccomandata><data_esito/><tipo_esito/><motivo_inesito>09</motivo_inesito><campo_aggiuntivo/><nome/><cognome/><indirizzo/><cap/><citta/><provincia/></Raccomandata><Raccomandata><nome_file>039748900_57_187.pdf</nome_file><codice_raccomandata>685632392381</codice_raccomandata><data_esito/><tipo_esito/><motivo_inesito>09</motivo_inesito><campo_aggiuntivo/><nome/><cognome/><indirizzo/><cap/><citta/><provincia/></Raccomandata><Raccomandata><nome_file>039748900_57_190.pdf</nome_file><codice_raccomandata>685632392302</codice_raccomandata><data_esito/><tipo_esito/><motivo_inesito>09</motivo_inesito><campo_aggiuntivo/><nome/><cognome/><indirizzo/><cap/><citta/><provincia/></Raccomandata><Raccomandata><nome_file>039748900_57_193.pdf</nome_file><codice_raccomandata>685632382572</codice_raccomandata><data_esito/><tipo_esito/><motivo_inesito>09</motivo_inesito><campo_aggiuntivo/><nome/><cognome/><indirizzo/><cap/><citta/><provincia/></Raccomandata><Raccomandata><nome_file>039748900_57_196.pdf</nome_file><codice_raccomandata>685632395977</codice_raccomandata><data_esito/><tipo_esito/><motivo_inesito>09</motivo_inesito><campo_aggiuntivo/><nome/><cognome/><indirizzo/><cap/><citta/><provincia/></Raccomandata><Raccomandata><nome_file>039748900_57_199.pdf</nome_file><codice_raccomandata>685632387475</codice_raccomandata><data_esito/><tipo_esito/><motivo_inesito>09</motivo_inesito><campo_aggiuntivo/><nome/><cognome/><indirizzo/><cap/><citta/><provincia/></Raccomandata><Raccomandata><nome_file>039748900_57_202.pdf</nome_file><codice_raccomandata>685632385028</codice_raccomandata><data_esito/><tipo_esito/><motivo_inesito>09</motivo_inesito><campo_aggiuntivo/><nome/><cognome/><indirizzo/><cap/><citta/><provincia/></Raccomandata><Raccomandata><nome_file>039748900_57_205.pdf</nome_file><codice_raccomandata>685632385028</codice_raccomandata><data_esito/><tipo_esito/><motivo_inesito>09</motivo_inesito><campo_aggiuntivo/><nome/><cognome/><indirizzo/><cap/><citta/><provincia/></Raccomandata><Raccomandata><nome_file>039748900_57_208.pdf</nome_file><codice_raccomandata>685632366867</codice_raccomandata><data_esito/><tipo_esito/><motivo_inesito>09</motivo_inesito><campo_aggiuntivo/><nome/><cognome/><indirizzo/><cap/><citta/><provincia/></Raccomandata><Raccomandata><nome_file>039748900_57_211.pdf</nome_file><codice_raccomandata>685632396512</codice_raccomandata><data_esito/><tipo_esito/><motivo_inesito>09</motivo_inesito><campo_aggiuntivo/><nome/><cognome/><indirizzo/><cap/><citta/><provincia/></Raccomandata><Raccomandata><nome_file>039748900_57_214.pdf</nome_file><codice_raccomandata>685632388216</codice_raccomandata><data_esito/><tipo_esito/><motivo_inesito>09</motivo_inesito><campo_aggiuntivo/><nome/><cognome/><indirizzo/><cap/><citta/><provincia/></Raccomandata><Raccomandata><nome_file>039748900_57_217.pdf</nome_file><codice_raccomandata>685632362010</codice_raccomandata><data_esito/><tipo_esito/><motivo_inesito>09</motivo_inesito><campo_aggiuntivo/><nome/><cognome/><indirizzo/><cap/><citta/><provincia/></Raccomandata><Raccomandata><nome_file>039748900_57_220.pdf</nome_file><codice_raccomandata>685632383197</codice_raccomandata><data_esito/><tipo_esito/><motivo_inesito>09</motivo_inesito><campo_aggiuntivo/><nome/><cognome/><indirizzo/><cap/><citta/><provincia/></Raccomandata><Raccomandata><nome_file>039748900_57_223.pdf</nome_file><codice_raccomandata>685632392324</codice_raccomandata><data_esito/><tipo_esito/><motivo_inesito>09</motivo_inesito><campo_aggiuntivo/><nome/><cognome/><indirizzo/><cap/><citta/><provincia/></Raccomandata><Raccomandata><nome_file>039748900_57_226.pdf</nome_file><codice_raccomandata>685632367687</codice_raccomandata><data_esito/><tipo_esito/><motivo_inesito>09</motivo_inesito><campo_aggiuntivo/><nome/><cognome/><indirizzo/><cap/><citta/><provincia/></Raccomandata><Raccomandata><nome_file>039748900_57_229.pdf</nome_file><codice_raccomandata>685632381764</codice_raccomandata><data_esito/><tipo_esito/><motivo_inesito>09</motivo_inesito><campo_aggiuntivo/><nome/><cognome/><indirizzo/><cap/><citta/><provincia/></Raccomandata><Raccomandata><nome_file>039748900_57_232.pdf</nome_file><codice_raccomandata>685632381707</codice_raccomandata><data_esito/><tipo_esito/><motivo_inesito>09</motivo_inesito><campo_aggiuntivo/><nome/><cognome/><indirizzo/><cap/><citta/><provincia/></Raccomandata><Raccomandata><nome_file>039748900_57_235.pdf</nome_file><codice_raccomandata>685632362885</codice_raccomandata><data_esito/><tipo_esito/><motivo_inesito>09</motivo_inesito><campo_aggiuntivo/><nome/><cognome/><indirizzo/><cap/><citta/><provincia/></Raccomandata><Raccomandata><nome_file>039748900_57_238.pdf</nome_file><codice_raccomandata>685632388966</codice_raccomandata><data_esito/><tipo_esito/><motivo_inesito>09</motivo_inesito><campo_aggiuntivo/><nome/><cognome/><indirizzo/><cap/><citta/><provincia/></Raccomandata><Raccomandata><nome_file>039748900_57_241.pdf</nome_file><codice_raccomandata>685632395692</codice_raccomandata><data_esito/><tipo_esito/><motivo_inesito>09</motivo_inesito><campo_aggiuntivo/><nome/><cognome/><indirizzo/><cap/><citta/><provincia/></Raccomandata><Raccomandata><nome_file>039748900_57_244.pdf</nome_file><codice_raccomandata>685632382174</codice_raccomandata><data_esito/><tipo_esito/><motivo_inesito>09</motivo_inesito><campo_aggiuntivo/><nome/><cognome/><indirizzo/><cap/><citta/><provincia/></Raccomandata><Raccomandata><nome_file>039748900_57_247.pdf</nome_file><codice_raccomandata>685632384211</codice_raccomandata><data_esito/><tipo_esito/><motivo_inesito>09</motivo_inesito><campo_aggiuntivo/><nome/><cognome/><indirizzo/><cap/><citta/><provincia/></Raccomandata><Raccomandata><nome_file>039748900_57_250.pdf</nome_file><codice_raccomandata>685632397819</codice_raccomandata><data_esito/><tipo_esito/><motivo_inesito>09</motivo_inesito><campo_aggiuntivo/><nome/><cognome/><indirizzo/><cap/><citta/><provincia/></Raccomandata><Raccomandata><nome_file>039748900_57_253.pdf</nome_file><codice_raccomandata>685632382300</codice_raccomandata><data_esito/><tipo_esito/><motivo_inesito>09</motivo_inesito><campo_aggiuntivo/><nome/><cognome/><indirizzo/><cap/><citta/><provincia/></Raccomandata><Raccomandata><nome_file>039748900_57_256.pdf</nome_file><codice_raccomandata>685632385224</codice_raccomandata><data_esito/><tipo_esito/><motivo_inesito>09</motivo_inesito><campo_aggiuntivo/><nome/><cognome/><indirizzo/><cap/><citta/><provincia/></Raccomandata><Raccomandata><nome_file>039748900_57_259.pdf</nome_file><codice_raccomandata>685632386394</codice_raccomandata><data_esito/><tipo_esito/><motivo_inesito>09</motivo_inesito><campo_aggiuntivo/><nome/><cognome/><indirizzo/><cap/><citta/><provincia/></Raccomandata><Raccomandata><nome_file>039748900_57_262.pdf</nome_file><codice_raccomandata>685632384369</codice_raccomandata><data_esito/><tipo_esito/><motivo_inesito>09</motivo_inesito><campo_aggiuntivo/><nome/><cognome/><indirizzo/><cap/><citta/><provincia/></Raccomandata><Raccomandata><nome_file>039748900_57_265.pdf</nome_file><codice_raccomandata>685632367298</codice_raccomandata><data_esito/><tipo_esito/><motivo_inesito>09</motivo_inesito><campo_aggiuntivo/><nome/><cognome/><indirizzo/><cap/><citta/><provincia/></Raccomandata><Raccomandata><nome_file>039748900_57_268.pdf</nome_file><codice_raccomandata>685632385096</codice_raccomandata><data_esito/><tipo_esito/><motivo_inesito>09</motivo_inesito><campo_aggiuntivo/><nome/><cognome/><indirizzo/><cap/><citta/><provincia/></Raccomandata><Raccomandata><nome_file>039748900_57_271.pdf</nome_file><codice_raccomandata>685632400186</codice_raccomandata><data_esito/><tipo_esito/><motivo_inesito>09</motivo_inesito><campo_aggiuntivo/><nome/><cognome/><indirizzo/><cap/><citta/><provincia/></Raccomandata><Raccomandata><nome_file>039748900_57_274.pdf</nome_file><codice_raccomandata>685632396385</codice_raccomandata><data_esito/><tipo_esito/><motivo_inesito>09</motivo_inesito><campo_aggiuntivo/><nome/><cognome/><indirizzo/><cap/><citta/><provincia/></Raccomandata><Raccomandata><nome_file>039748900_57_277.pdf</nome_file><codice_raccomandata>685632390106</codice_raccomandata><data_esito/><tipo_esito/><motivo_inesito>09</motivo_inesito><campo_aggiuntivo/><nome/><cognome/><indirizzo/><cap/><citta/><provincia/></Raccomandata><Raccomandata><nome_file>039748900_57_280.pdf</nome_file><codice_raccomandata>685632384450</codice_raccomandata><data_esito/><tipo_esito/><motivo_inesito>09</motivo_inesito><campo_aggiuntivo/><nome/><cognome/><indirizzo/><cap/><citta/><provincia/></Raccomandata><Raccomandata><nome_file>039748900_57_283.pdf</nome_file><codice_raccomandata>685632391777</codice_raccomandata><data_esito/><tipo_esito/><motivo_inesito>09</motivo_inesito><campo_aggiuntivo/><nome/><cognome/><indirizzo/><cap/><citta/><provincia/></Raccomandata><Raccomandata><nome_file>039748900_57_286.pdf</nome_file><codice_raccomandata>685632391824</codice_raccomandata><data_esito/><tipo_esito/><motivo_inesito>09</motivo_inesito><campo_aggiuntivo/><nome/><cognome/><indirizzo/><cap/><citta/><provincia/></Raccomandata><Raccomandata><nome_file>039748900_57_289.pdf</nome_file><codice_raccomandata>685632389387</codice_raccomandata><data_esito/><tipo_esito/><motivo_inesito>09</motivo_inesito><campo_aggiuntivo/><nome/><cognome/><indirizzo/><cap/><citta/><provincia/></Raccomandata><Raccomandata><nome_file>039748900_57_292.pdf</nome_file><codice_raccomandata>685632394680</codice_raccomandata><data_esito/><tipo_esito/><motivo_inesito>09</motivo_inesito><campo_aggiuntivo/><nome/><cognome/><indirizzo/><cap/><citta/><provincia/></Raccomandata><Raccomandata><nome_file>039748900_57_295.pdf</nome_file><codice_raccomandata>685632383539</codice_raccomandata><data_esito/><tipo_esito/><motivo_inesito>09</motivo_inesito><campo_aggiuntivo/><nome/><cognome/><indirizzo/><cap/><citta/><provincia/></Raccomandata><Raccomandata><nome_file>039748900_57_298.pdf</nome_file><codice_raccomandata>685632398036</codice_raccomandata><data_esito/><tipo_esito/><motivo_inesito>09</motivo_inesito><campo_aggiuntivo/><nome/><cognome/><indirizzo/><cap/><citta/><provincia/></Raccomandata><Raccomandata><nome_file>039748900_57_301.pdf</nome_file><codice_raccomandata>685632388909</codice_raccomandata><data_esito/><tipo_esito/><motivo_inesito>09</motivo_inesito><campo_aggiuntivo/><nome/><cognome/><indirizzo/><cap/><citta/><provincia/></Raccomandata><Raccomandata><nome_file>039748900_57_304.pdf</nome_file><codice_raccomandata>685632389912</codice_raccomandata><data_esito/><tipo_esito/><motivo_inesito>09</motivo_inesito><campo_aggiuntivo/><nome/><cognome/><indirizzo/><cap/><citta/><provincia/></Raccomandata><Raccomandata><nome_file>039748900_57_307.pdf</nome_file><codice_raccomandata>685632383460</codice_raccomandata><data_esito/><tipo_esito/><motivo_inesito>09</motivo_inesito><campo_aggiuntivo/><nome/><cognome/><indirizzo/><cap/><citta/><provincia/></Raccomandata><Raccomandata><nome_file>039748900_57_310.pdf</nome_file><codice_raccomandata>685632388829</codice_raccomandata><data_esito/><tipo_esito/><motivo_inesito>09</motivo_inesito><campo_aggiuntivo/><nome/><cognome/><indirizzo/><cap/><citta/><provincia/></Raccomandata><Raccomandata><nome_file>039748900_57_313.pdf</nome_file><codice_raccomandata>685632396990</codice_raccomandata><data_esito/><tipo_esito/><motivo_inesito>09</motivo_inesito><campo_aggiuntivo/><nome/><cognome/><indirizzo/><cap/><citta/><provincia/></Raccomandata><Raccomandata><nome_file>039748900_57_316.pdf</nome_file><codice_raccomandata>685632395033</codice_raccomandata><data_esito/><tipo_esito/><motivo_inesito>09</motivo_inesito><campo_aggiuntivo/><nome/><cognome/><indirizzo/><cap/><citta/><provincia/></Raccomandata><Raccomandata><nome_file>039748900_57_319.pdf</nome_file><codice_raccomandata>685632396089</codice_raccomandata><data_esito/><tipo_esito/><motivo_inesito>09</motivo_inesito><campo_aggiuntivo/><nome/><cognome/><indirizzo/><cap/><citta/><provincia/></Raccomandata><Raccomandata><nome_file>039748900_57_322.pdf</nome_file><codice_raccomandata>685632386281</codice_raccomandata><data_esito/><tipo_esito/><motivo_inesito>09</motivo_inesito><campo_aggiuntivo/><nome/><cognome/><indirizzo/><cap/><citta/><provincia/></Raccomandata><Raccomandata><nome_file>039748900_57_325.pdf</nome_file><codice_raccomandata>685632363682</codice_raccomandata><data_esito/><tipo_esito/><motivo_inesito>09</motivo_inesito><campo_aggiuntivo/><nome/><cognome/><indirizzo/><cap/><citta/><provincia/></Raccomandata><Raccomandata><nome_file>039748900_57_328.pdf</nome_file><codice_raccomandata>685632386167</codice_raccomandata><data_esito/><tipo_esito/><motivo_inesito>09</motivo_inesito><campo_aggiuntivo/><nome/><cognome/><indirizzo/><cap/><citta/><provincia/></Raccomandata><Raccomandata><nome_file>039748900_57_331.pdf</nome_file><codice_raccomandata>685632395135</codice_raccomandata><data_esito/><tipo_esito/><motivo_inesito>09</motivo_inesito><campo_aggiuntivo/><nome/><cognome/><indirizzo/><cap/><citta/><provincia/></Raccomandata><Raccomandata><nome_file>039748900_57_334.pdf</nome_file><codice_raccomandata>685632395044</codice_raccomandata><data_esito/><tipo_esito/><motivo_inesito>09</motivo_inesito><campo_aggiuntivo/><nome/><cognome/><indirizzo/><cap/><citta/><provincia/></Raccomandata><Raccomandata><nome_file>039748900_57_340.pdf</nome_file><codice_raccomandata>685632386679</codice_raccomandata><data_esito/><tipo_esito/><motivo_inesito>09</motivo_inesito><campo_aggiuntivo/><nome/><cognome/><indirizzo/><cap/><citta/><provincia/></Raccomandata><Raccomandata><nome_file>039748900_57_343.pdf</nome_file><codice_raccomandata>685632388499</codice_raccomandata><data_esito/><tipo_esito/><motivo_inesito>09</motivo_inesito><campo_aggiuntivo/><nome/><cognome/><indirizzo/><cap/><citta/><provincia/></Raccomandata><Raccomandata><nome_file>039748900_57_346.pdf</nome_file><codice_raccomandata>685632380729</codice_raccomandata><data_esito/><tipo_esito/><motivo_inesito>09</motivo_inesito><campo_aggiuntivo/><nome/><cognome/><indirizzo/><cap/><citta/><provincia/></Raccomandata><Raccomandata><nome_file>039748900_57_349.pdf</nome_file><codice_raccomandata>685632387998</codice_raccomandata><data_esito/><tipo_esito/><motivo_inesito>09</motivo_inesito><campo_aggiuntivo/><nome/><cognome/><indirizzo/><cap/><citta/><provincia/></Raccomandata><Raccomandata><nome_file>039748900_57_352.pdf</nome_file><codice_raccomandata>685632386895</codice_raccomandata><data_esito/><tipo_esito/><motivo_inesito>09</motivo_inesito><campo_aggiuntivo/><nome/><cognome/><indirizzo/><cap/><citta/><provincia/></Raccomandata><Raccomandata><nome_file>039748900_57_355.pdf</nome_file><codice_raccomandata>685632367379</codice_raccomandata><data_esito/><tipo_esito/><motivo_inesito>09</motivo_inesito><campo_aggiuntivo/><nome/><cognome/><indirizzo/><cap/><citta/><provincia/></Raccomandata><Raccomandata><nome_file>039748900_57_358.pdf</nome_file><codice_raccomandata>685632361873</codice_raccomandata><data_esito/><tipo_esito/><motivo_inesito>09</motivo_inesito><campo_aggiuntivo/><nome/><cognome/><indirizzo/><cap/><citta/><provincia/></Raccomandata><Raccomandata><nome_file>039748900_57_361.pdf</nome_file><codice_raccomandata>685632386907</codice_raccomandata><data_esito/><tipo_esito/><motivo_inesito>09</motivo_inesito><campo_aggiuntivo/><nome/><cognome/><indirizzo/><cap/><citta/><provincia/></Raccomandata><Raccomandata><nome_file>039748900_57_364.pdf</nome_file><codice_raccomandata>685632400059</codice_raccomandata><data_esito/><tipo_esito/><motivo_inesito>09</motivo_inesito><campo_aggiuntivo/><nome/><cognome/><indirizzo/><cap/><citta/><provincia/></Raccomandata><Raccomandata><nome_file>039748900_57_367.pdf</nome_file><codice_raccomandata>685632395237</codice_raccomandata><data_esito/><tipo_esito/><motivo_inesito>09</motivo_inesito><campo_aggiuntivo/><nome/><cognome/><indirizzo/><cap/><citta/><provincia/></Raccomandata><Raccomandata><nome_file>039748900_57_370.pdf</nome_file><codice_raccomandata>685632395806</codice_raccomandata><data_esito/><tipo_esito/><motivo_inesito>09</motivo_inesito><campo_aggiuntivo/><nome/><cognome/><indirizzo/><cap/><citta/><provincia/></Raccomandata><Raccomandata><nome_file>039748900_57_373.pdf</nome_file><codice_raccomandata>685632389887</codice_raccomandata><data_esito/><tipo_esito/><motivo_inesito>09</motivo_inesito><campo_aggiuntivo/><nome/><cognome/><indirizzo/><cap/><citta/><provincia/></Raccomandata><Raccomandata><nome_file>039748900_57_376.pdf</nome_file><codice_raccomandata>685632395840</codice_raccomandata><data_esito/><tipo_esito/><motivo_inesito>09</motivo_inesito><campo_aggiuntivo/><nome/><cognome/><indirizzo/><cap/><citta/><provincia/></Raccomandata><Raccomandata><nome_file>039748900_57_379.pdf</nome_file><codice_raccomandata>685632387306</codice_raccomandata><data_esito/><tipo_esito/><motivo_inesito>09</motivo_inesito><campo_aggiuntivo/><nome/><cognome/><indirizzo/><cap/><citta/><provincia/></Raccomandata><Raccomandata><nome_file>039748900_57_382.pdf</nome_file><codice_raccomandata>685632395420</codice_raccomandata><data_esito/><tipo_esito/><motivo_inesito>09</motivo_inesito><campo_aggiuntivo/><nome/><cognome/><indirizzo/><cap/><citta/><provincia/></Raccomandata><Raccomandata><nome_file>039748900_57_385.pdf</nome_file><codice_raccomandata>685632387008</codice_raccomandata><data_esito/><tipo_esito/><motivo_inesito>09</motivo_inesito><campo_aggiuntivo/><nome/><cognome/><indirizzo/><cap/><citta/><provincia/></Raccomandata><Raccomandata><nome_file>039748900_57_388.pdf</nome_file><codice_raccomandata>685632382208</codice_raccomandata><data_esito/><tipo_esito/><motivo_inesito>09</motivo_inesito><campo_aggiuntivo/><nome/><cognome/><indirizzo/><cap/><citta/><provincia/></Raccomandata><Raccomandata><nome_file>039748900_57_391.pdf</nome_file><codice_raccomandata>685632400084</codice_raccomandata><data_esito/><tipo_esito/><motivo_inesito>09</motivo_inesito><campo_aggiuntivo/><nome/><cognome/><indirizzo/><cap/><citta/><provincia/></Raccomandata><Raccomandata><nome_file>039748900_57_394.pdf</nome_file><codice_raccomandata>685632395408</codice_raccomandata><data_esito/><tipo_esito/><motivo_inesito>09</motivo_inesito><campo_aggiuntivo/><nome/><cognome/><indirizzo/><cap/><citta/><provincia/></Raccomandata><Raccomandata><nome_file>039748900_57_397.pdf</nome_file><codice_raccomandata>685632384494</codice_raccomandata><data_esito/><tipo_esito/><motivo_inesito>09</motivo_inesito><campo_aggiuntivo/><nome/><cognome/><indirizzo/><cap/><citta/><provincia/></Raccomandata><Raccomandata><nome_file>039748900_57_400.pdf</nome_file><codice_raccomandata>685632390220</codice_raccomandata><data_esito/><tipo_esito/><motivo_inesito>09</motivo_inesito><campo_aggiuntivo/><nome/><cognome/><indirizzo/><cap/><citta/><provincia/></Raccomandata><Raccomandata><nome_file>039748900_57_403.pdf</nome_file><codice_raccomandata>685632390253</codice_raccomandata><data_esito/><tipo_esito/><motivo_inesito>09</motivo_inesito><campo_aggiuntivo/><nome/><cognome/><indirizzo/><cap/><citta/><provincia/></Raccomandata><Raccomandata><nome_file>039748900_57_406.pdf</nome_file><codice_raccomandata>685632361805</codice_raccomandata><data_esito/><tipo_esito/><motivo_inesito>03</motivo_inesito><campo_aggiuntivo/><nome/><cognome/><indirizzo/><cap/><citta/><provincia/></Raccomandata><Raccomandata><nome_file>039748900_57_409.pdf</nome_file><codice_raccomandata>685631976443</codice_raccomandata><data_esito/><tipo_esito/><motivo_inesito>03</motivo_inesito><campo_aggiuntivo/><nome/><cognome/><indirizzo/><cap/><citta/><provincia/></Raccomandata><Raccomandata><nome_file>039748900_57_412.pdf</nome_file><codice_raccomandata>685632383846</codice_raccomandata><data_esito/><tipo_esito/><motivo_inesito>03</motivo_inesito><campo_aggiuntivo/><nome/><cognome/><indirizzo/><cap/><citta/><provincia/></Raccomandata><Raccomandata><nome_file>039748900_57_415.pdf</nome_file><codice_raccomandata>685632396671</codice_raccomandata><data_esito/><tipo_esito/><motivo_inesito>03</motivo_inesito><campo_aggiuntivo/><nome/><cognome/><indirizzo/><cap/><citta/><provincia/></Raccomandata><Raccomandata><nome_file>039748900_57_418.pdf</nome_file><codice_raccomandata>685632386942</codice_raccomandata><data_esito/><tipo_esito/><motivo_inesito>03</motivo_inesito><campo_aggiuntivo/><nome/><cognome/><indirizzo/><cap/><citta/><provincia/></Raccomandata><Raccomandata><nome_file>039748900_57_421.pdf</nome_file><codice_raccomandata>685632386918</codice_raccomandata><data_esito/><tipo_esito/><motivo_inesito>03</motivo_inesito><campo_aggiuntivo/><nome/><cognome/><indirizzo/><cap/><citta/><provincia/></Raccomandata><Raccomandata><nome_file>039748900_57_424.pdf</nome_file><codice_raccomandata>685632395908</codice_raccomandata><data_esito/><tipo_esito/><motivo_inesito>03</motivo_inesito><campo_aggiuntivo/><nome/><cognome/><indirizzo/><cap/><citta/><provincia/></Raccomandata><Raccomandata><nome_file>039748900_57_427.pdf</nome_file><codice_raccomandata>685632384198</codice_raccomandata><data_esito/><tipo_esito/><motivo_inesito>03</motivo_inesito><campo_aggiuntivo/><nome/><cognome/><indirizzo/><cap/><citta/><provincia/></Raccomandata><Raccomandata><nome_file>039748900_57_430.pdf</nome_file><codice_raccomandata>685632381877</codice_raccomandata><data_esito/><tipo_esito/><motivo_inesito>03</motivo_inesito><campo_aggiuntivo/><nome/><cognome/><indirizzo/><cap/><citta/><provincia/></Raccomandata><Raccomandata><nome_file>039748900_57_433.pdf</nome_file><codice_raccomandata>685632368016</codice_raccomandata><data_esito/><tipo_esito/><motivo_inesito>03</motivo_inesito><campo_aggiuntivo/><nome/><cognome/><indirizzo/><cap/><citta/><provincia/></Raccomandata><Raccomandata><nome_file>039748900_57_436.pdf</nome_file><codice_raccomandata>685632395955</codice_raccomandata><data_esito/><tipo_esito/><motivo_inesito>03</motivo_inesito><campo_aggiuntivo/><nome/><cognome/><indirizzo/><cap/><citta/><provincia/></Raccomandata><Raccomandata><nome_file>039748900_57_439.pdf</nome_file><codice_raccomandata>685632395999</codice_raccomandata><data_esito/><tipo_esito/><motivo_inesito>03</motivo_inesito><campo_aggiuntivo/><nome/><cognome/><indirizzo/><cap/><citta/><provincia/></Raccomandata><Raccomandata><nome_file>039748900_57_442.pdf</nome_file><codice_raccomandata>685632367755</codice_raccomandata><data_esito/><tipo_esito/><motivo_inesito>03</motivo_inesito><campo_aggiuntivo/><nome/><cognome/><indirizzo/><cap/><citta/><provincia/></Raccomandata><Raccomandata><nome_file>039748900_57_445.pdf</nome_file><codice_raccomandata>685632389843</codice_raccomandata><data_esito/><tipo_esito/><motivo_inesito>03</motivo_inesito><campo_aggiuntivo/><nome/><cognome/><indirizzo/><cap/><citta/><provincia/></Raccomandata><Raccomandata><nome_file>039748900_57_448.pdf</nome_file><codice_raccomandata>685632394202</codice_raccomandata><data_esito/><tipo_esito/><motivo_inesito>03</motivo_inesito><campo_aggiuntivo/><nome/><cognome/><indirizzo/><cap/><citta/><provincia/></Raccomandata><Raccomandata><nome_file>039748900_57_451.pdf</nome_file><codice_raccomandata>685632391607</codice_raccomandata><data_esito/><tipo_esito/><motivo_inesito>03</motivo_inesito><campo_aggiuntivo/><nome/><cognome/><indirizzo/><cap/><citta/><provincia/></Raccomandata><Raccomandata><nome_file>039748900_57_454.pdf</nome_file><codice_raccomandata>685632272614</codice_raccomandata><data_esito/><tipo_esito/><motivo_inesito>03</motivo_inesito><campo_aggiuntivo/><nome/><cognome/><indirizzo/><cap/><citta/><provincia/></Raccomandata><Raccomandata><nome_file>039748900_57_457.pdf</nome_file><codice_raccomandata>685632272751</codice_raccomandata><data_esito/><tipo_esito/><motivo_inesito>03</motivo_inesito><campo_aggiuntivo/><nome/><cognome/><indirizzo/><cap/><citta/><provincia/></Raccomandata><Raccomandata><nome_file>039748900_57_460.pdf</nome_file><codice_raccomandata>685632272659</codice_raccomandata><data_esito/><tipo_esito/><motivo_inesito>03</motivo_inesito><campo_aggiuntivo/><nome/><cognome/><indirizzo/><cap/><citta/><provincia/></Raccomandata><Raccomandata><nome_file>039748900_57_463.pdf</nome_file><codice_raccomandata>685632263954</codice_raccomandata><data_esito/><tipo_esito/><motivo_inesito>10</motivo_inesito><campo_aggiuntivo/><nome/><cognome/><indirizzo/><cap/><citta/><provincia/></Raccomandata><Raccomandata><nome_file>039748900_57_466.pdf</nome_file><codice_raccomandata>685632272784</codice_raccomandata><data_esito/><tipo_esito/><motivo_inesito>10</motivo_inesito><campo_aggiuntivo/><nome/><cognome/><indirizzo/><cap/><citta/><provincia/></Raccomandata><Raccomandata><nome_file>039748900_57_469.pdf</nome_file><codice_raccomandata>685632272682</codice_raccomandata><data_esito/><tipo_esito/><motivo_inesito>10</motivo_inesito><campo_aggiuntivo/><nome/><cognome/><indirizzo/><cap/><citta/><provincia/></Raccomandata><Raccomandata><nome_file>039748900_57_472.pdf</nome_file><codice_raccomandata>685632272739</codice_raccomandata><data_esito/><tipo_esito/><motivo_inesito>10</motivo_inesito><campo_aggiuntivo/><nome/><cognome/><indirizzo/><cap/><citta/><provincia/></Raccomandata><Raccomandata><nome_file>039748900_57_475.pdf</nome_file><codice_raccomandata>685632272762</codice_raccomandata><data_esito/><tipo_esito/><motivo_inesito>10</motivo_inesito><campo_aggiuntivo/><nome/><cognome/><indirizzo/><cap/><citta/><provincia/></Raccomandata><Raccomandata><nome_file>039748900_57_478.pdf</nome_file><codice_raccomandata>685632272988</codice_raccomandata><data_esito/><tipo_esito/><motivo_inesito>10</motivo_inesito><campo_aggiuntivo/><nome/><cognome/><indirizzo/><cap/><citta/><provincia/></Raccomandata><Raccomandata><nome_file>039748900_57_481.pdf</nome_file><codice_raccomandata>685632282388</codice_raccomandata><data_esito/><tipo_esito/><motivo_inesito>10</motivo_inesito><campo_aggiuntivo/><nome/><cognome/><indirizzo/><cap/><citta/><provincia/></Raccomandata><Raccomandata><nome_file>039748900_57_484.pdf</nome_file><codice_raccomandata>685632267138</codice_raccomandata><data_esito/><tipo_esito/><motivo_inesito>10</motivo_inesito><campo_aggiuntivo/><nome/><cognome/><indirizzo/><cap/><citta/><provincia/></Raccomandata><Raccomandata><nome_file>039748900_57_487.pdf</nome_file><codice_raccomandata>685632283356</codice_raccomandata><data_esito/><tipo_esito/><motivo_inesito>10</motivo_inesito><campo_aggiuntivo/><nome/><cognome/><indirizzo/><cap/><citta/><provincia/></Raccomandata><Raccomandata><nome_file>039748900_57_490.pdf</nome_file><codice_raccomandata>685632283367</codice_raccomandata><data_esito/><tipo_esito/><motivo_inesito>10</motivo_inesito><campo_aggiuntivo/><nome/><cognome/><indirizzo/><cap/><citta/><provincia/></Raccomandata><Raccomandata><nome_file>039748900_57_493.pdf</nome_file><codice_raccomandata>685632265329</codice_raccomandata><data_esito/><tipo_esito/><motivo_inesito>10</motivo_inesito><campo_aggiuntivo/><nome/><cognome/><indirizzo/><cap/><citta/><provincia/></Raccomandata><Raccomandata><nome_file>039748900_57_496.pdf</nome_file><codice_raccomandata>685632283527</codice_raccomandata><data_esito/><tipo_esito/><motivo_inesito>10</motivo_inesito><campo_aggiuntivo/><nome/><cognome/><indirizzo/><cap/><citta/><provincia/></Raccomandata><Raccomandata><nome_file>039748900_57_499.pdf</nome_file><codice_raccomandata>685632272842</codice_raccomandata><data_esito/><tipo_esito/><motivo_inesito>10</motivo_inesito><campo_aggiuntivo/><nome/><cognome/><indirizzo/><cap/><citta/><provincia/></Raccomandata><Raccomandata><nome_file>039748900_57_502.pdf</nome_file><codice_raccomandata>685632276631</codice_raccomandata><data_esito/><tipo_esito/><motivo_inesito>10</motivo_inesito><campo_aggiuntivo/><nome/><cognome/><indirizzo/><cap/><citta/><provincia/></Raccomandata><Raccomandata><nome_file>039748900_57_505.pdf</nome_file><codice_raccomandata>685632277858</codice_raccomandata><data_esito/><tipo_esito/><motivo_inesito>10</motivo_inesito><campo_aggiuntivo/><nome/><cognome/><indirizzo/><cap/><citta/><provincia/></Raccomandata><Raccomandata><nome_file>039748900_57_508.pdf</nome_file><codice_raccomandata>685632270235</codice_raccomandata><data_esito/><tipo_esito/><motivo_inesito>10</motivo_inesito><campo_aggiuntivo/><nome/><cognome/><indirizzo/><cap/><citta/><provincia/></Raccomandata><Raccomandata><nome_file>039748900_57_511.pdf</nome_file><codice_raccomandata>685632270280</codice_raccomandata><data_esito/><tipo_esito/><motivo_inesito>10</motivo_inesito><campo_aggiuntivo/><nome/><cognome/><indirizzo/><cap/><citta/><provincia/></Raccomandata><Raccomandata><nome_file>039748900_57_514.pdf</nome_file><codice_raccomandata>685632264614</codice_raccomandata><data_esito/><tipo_esito/><motivo_inesito>10</motivo_inesito><campo_aggiuntivo/><nome/><cognome/><indirizzo/><cap/><citta/><provincia/></Raccomandata><Raccomandata><nome_file>039748900_57_517.pdf</nome_file><codice_raccomandata>685632264580</codice_raccomandata><data_esito/><tipo_esito/><motivo_inesito>10</motivo_inesito><campo_aggiuntivo/><nome/><cognome/><indirizzo/><cap/><citta/><provincia/></Raccomandata><Raccomandata><nome_file>039748900_57_520.pdf</nome_file><codice_raccomandata>685632279645</codice_raccomandata><data_esito/><tipo_esito/><motivo_inesito>10</motivo_inesito><campo_aggiuntivo/><nome/><cognome/><indirizzo/><cap/><citta/><provincia/></Raccomandata><Raccomandata><nome_file>039748900_57_523.pdf</nome_file><codice_raccomandata>685632279656</codice_raccomandata><data_esito/><tipo_esito/><motivo_inesito>10</motivo_inesito><campo_aggiuntivo/><nome/><cognome/><indirizzo/><cap/><citta/><provincia/></Raccomandata><Raccomandata><nome_file>039748900_57_526.pdf</nome_file><codice_raccomandata>685632263987</codice_raccomandata><data_esito/><tipo_esito/><motivo_inesito>10</motivo_inesito><campo_aggiuntivo/><nome/><cognome/><indirizzo/><cap/><citta/><provincia/></Raccomandata><Raccomandata><nome_file>039748900_57_529.pdf</nome_file><codice_raccomandata>685632284277</codice_raccomandata><data_esito/><tipo_esito/><motivo_inesito>10</motivo_inesito><campo_aggiuntivo/><nome/><cognome/><indirizzo/><cap/><citta/><provincia/></Raccomandata><Raccomandata><nome_file>039748900_57_532.pdf</nome_file><codice_raccomandata>685632272977</codice_raccomandata><data_esito/><tipo_esito/><motivo_inesito>10</motivo_inesito><campo_aggiuntivo/><nome/><cognome/><indirizzo/><cap/><citta/><provincia/></Raccomandata><Raccomandata><nome_file>039748900_57_535.pdf</nome_file><codice_raccomandata>685632383368</codice_raccomandata><data_esito/><tipo_esito/><motivo_inesito>10</motivo_inesito><campo_aggiuntivo/><nome/><cognome/><indirizzo/><cap/><citta/><provincia/></Raccomandata><Raccomandata><nome_file>039748900_57_538.pdf</nome_file><codice_raccomandata>685631971620</codice_raccomandata><data_esito/><tipo_esito/><motivo_inesito>10</motivo_inesito><campo_aggiuntivo/><nome/><cognome/><indirizzo/><cap/><citta/><provincia/></Raccomandata><Raccomandata><nome_file>039748900_57_541.pdf</nome_file><codice_raccomandata>685632271910</codice_raccomandata><data_esito/><tipo_esito/><motivo_inesito>10</motivo_inesito><campo_aggiuntivo/><nome/><cognome/><indirizzo/><cap/><citta/><provincia/></Raccomandata><Raccomandata><nome_file>039748900_57_544.pdf</nome_file><codice_raccomandata>685632263909</codice_raccomandata><data_esito/><tipo_esito/><motivo_inesito>10</motivo_inesito><campo_aggiuntivo/><nome/><cognome/><indirizzo/><cap/><citta/><provincia/></Raccomandata><Raccomandata><nome_file>039748900_57_547.pdf</nome_file><codice_raccomandata>685632271112</codice_raccomandata><data_esito/><tipo_esito/><motivo_inesito>10</motivo_inesito><campo_aggiuntivo/><nome/><cognome/><indirizzo/><cap/><citta/><provincia/></Raccomandata><Raccomandata><nome_file>039748900_57_550.pdf</nome_file><codice_raccomandata>685632271772</codice_raccomandata><data_esito/><tipo_esito/><motivo_inesito>10</motivo_inesito><campo_aggiuntivo/><nome/><cognome/><indirizzo/><cap/><citta/><provincia/></Raccomandata><Raccomandata><nome_file>039748900_57_553.pdf</nome_file><codice_raccomandata>685632271987</codice_raccomandata><data_esito/><tipo_esito/><motivo_inesito>10</motivo_inesito><campo_aggiuntivo/><nome/><cognome/><indirizzo/><cap/><citta/><provincia/></Raccomandata><Raccomandata><nome_file>039748900_57_556.pdf</nome_file><codice_raccomandata>685632271191</codice_raccomandata><data_esito/><tipo_esito/><motivo_inesito>10</motivo_inesito><campo_aggiuntivo/><nome/><cognome/><indirizzo/><cap/><citta/><provincia/></Raccomandata><Raccomandata><nome_file>039748900_57_559.pdf</nome_file><codice_raccomandata>685632271749</codice_raccomandata><data_esito/><tipo_esito/><motivo_inesito>10</motivo_inesito><campo_aggiuntivo/><nome/><cognome/><indirizzo/><cap/><citta/><provincia/></Raccomandata><Raccomandata><nome_file>039748900_57_562.pdf</nome_file><codice_raccomandata>685632282355</codice_raccomandata><data_esito/><tipo_esito/><motivo_inesito>10</motivo_inesito><campo_aggiuntivo/><nome/><cognome/><indirizzo/><cap/><citta/><provincia/></Raccomandata><Raccomandata><nome_file>039748900_57_565.pdf</nome_file><codice_raccomandata>685632273774</codice_raccomandata><data_esito/><tipo_esito/><motivo_inesito>10</motivo_inesito><campo_aggiuntivo/><nome/><cognome/><indirizzo/><cap/><citta/><provincia/></Raccomandata><Raccomandata><nome_file>039748900_57_568.pdf</nome_file><codice_raccomandata>685632273785</codice_raccomandata><data_esito/><tipo_esito/><motivo_inesito>10</motivo_inesito><campo_aggiuntivo/><nome/><cognome/><indirizzo/><cap/><citta/><provincia/></Raccomandata><Raccomandata><nome_file>039748900_57_571.pdf</nome_file><codice_raccomandata>685632281832</codice_raccomandata><data_esito/><tipo_esito/><motivo_inesito>10</motivo_inesito><campo_aggiuntivo/><nome/><cognome/><indirizzo/><cap/><citta/><provincia/></Raccomandata><Raccomandata><nome_file>039748900_57_574.pdf</nome_file><codice_raccomandata>685632283721</codice_raccomandata><data_esito/><tipo_esito/><motivo_inesito>10</motivo_inesito><campo_aggiuntivo/><nome/><cognome/><indirizzo/><cap/><citta/><provincia/></Raccomandata><Raccomandata><nome_file>039748900_57_577.pdf</nome_file><codice_raccomandata>685632283652</codice_raccomandata><data_esito/><tipo_esito/><motivo_inesito>10</motivo_inesito><campo_aggiuntivo/><nome/><cognome/><indirizzo/><cap/><citta/><provincia/></Raccomandata><Raccomandata><nome_file>039748900_57_580.pdf</nome_file><codice_raccomandata>685632282628</codice_raccomandata><data_esito/><tipo_esito/><motivo_inesito>10</motivo_inesito><campo_aggiuntivo/><nome/><cognome/><indirizzo/><cap/><citta/><provincia/></Raccomandata><Raccomandata><nome_file>039748900_57_583.pdf</nome_file><codice_raccomandata>685632282786</codice_raccomandata><data_esito/><tipo_esito/><motivo_inesito>10</motivo_inesito><campo_aggiuntivo/><nome/><cognome/><indirizzo/><cap/><citta/><provincia/></Raccomandata><Raccomandata><nome_file>039748900_57_586.pdf</nome_file><codice_raccomandata>685632282640</codice_raccomandata><data_esito/><tipo_esito/><motivo_inesito>10</motivo_inesito><campo_aggiuntivo/><nome/><cognome/><indirizzo/><cap/><citta/><provincia/></Raccomandata><Raccomandata><nome_file>039748900_57_589.pdf</nome_file><codice_raccomandata>685632282457</codice_raccomandata><data_esito/><tipo_esito/><motivo_inesito>10</motivo_inesito><campo_aggiuntivo/><nome/><cognome/><indirizzo/><cap/><citta/><provincia/></Raccomandata><Raccomandata><nome_file>039748900_57_592.pdf</nome_file><codice_raccomandata>685632281649</codice_raccomandata><data_esito/><tipo_esito/><motivo_inesito>10</motivo_inesito><campo_aggiuntivo/><nome/><cognome/><indirizzo/><cap/><citta/><provincia/></Raccomandata><Raccomandata><nome_file>039748900_57_595.pdf</nome_file><codice_raccomandata>685632271500</codice_raccomandata><data_esito/><tipo_esito/><motivo_inesito>10</motivo_inesito><campo_aggiuntivo/><nome/><cognome/><indirizzo/><cap/><citta/><provincia/></Raccomandata><Raccomandata><nome_file>039748900_57_598.pdf</nome_file><codice_raccomandata>685632281489</codice_raccomandata><data_esito/><tipo_esito/><motivo_inesito>10</motivo_inesito><campo_aggiuntivo/><nome/><cognome/><indirizzo/><cap/><citta/><provincia/></Raccomandata><Raccomandata><nome_file>039748900_57_601.pdf</nome_file><codice_raccomandata>685632280295</codice_raccomandata><data_esito/><tipo_esito/><motivo_inesito>10</motivo_inesito><campo_aggiuntivo/><nome/><cognome/><indirizzo/><cap/><citta/><provincia/></Raccomandata><Raccomandata><nome_file>039748900_57_604.pdf</nome_file><codice_raccomandata>685632275845</codice_raccomandata><data_esito/><tipo_esito/><motivo_inesito>10</motivo_inesito><campo_aggiuntivo/><nome/><cognome/><indirizzo/><cap/><citta/><provincia/></Raccomandata><Raccomandata><nome_file>039748900_57_607.pdf</nome_file><codice_raccomandata>685632280591</codice_raccomandata><data_esito/><tipo_esito/><motivo_inesito>10</motivo_inesito><campo_aggiuntivo/><nome/><cognome/><indirizzo/><cap/><citta/><provincia/></Raccomandata><Raccomandata><nome_file>039748900_57_610.pdf</nome_file><codice_raccomandata>685632280124</codice_raccomandata><data_esito/><tipo_esito/><motivo_inesito>10</motivo_inesito><campo_aggiuntivo/><nome/><cognome/><indirizzo/><cap/><citta/><provincia/></Raccomandata><Raccomandata><nome_file>039748900_57_613.pdf</nome_file><codice_raccomandata>685632280146</codice_raccomandata><data_esito/><tipo_esito/><motivo_inesito>10</motivo_inesito><campo_aggiuntivo/><nome/><cognome/><indirizzo/><cap/><citta/><provincia/></Raccomandata><Raccomandata><nome_file>039748900_57_616.pdf</nome_file><codice_raccomandata>685632280443</codice_raccomandata><data_esito/><tipo_esito/><motivo_inesito>10</motivo_inesito><campo_aggiuntivo/><nome/><cognome/><indirizzo/><cap/><citta/><provincia/></Raccomandata><Raccomandata><nome_file>039748900_57_619.pdf</nome_file><codice_raccomandata>685632278085</codice_raccomandata><data_esito/><tipo_esito/><motivo_inesito>10</motivo_inesito><campo_aggiuntivo/><nome/><cognome/><indirizzo/><cap/><citta/><provincia/></Raccomandata><Raccomandata><nome_file>039748900_57_622.pdf</nome_file><codice_raccomandata>685632278598</codice_raccomandata><data_esito/><tipo_esito/><motivo_inesito>10</motivo_inesito><campo_aggiuntivo/><nome/><cognome/><indirizzo/><cap/><citta/><provincia/></Raccomandata><Raccomandata><nome_file>039748900_57_625.pdf</nome_file><codice_raccomandata>685632283402</codice_raccomandata><data_esito/><tipo_esito/><motivo_inesito>10</motivo_inesito><campo_aggiuntivo/><nome/><cognome/><indirizzo/><cap/><citta/><provincia/></Raccomandata><Raccomandata><nome_file>039748900_57_628.pdf</nome_file><codice_raccomandata>685632270703</codice_raccomandata><data_esito/><tipo_esito/><motivo_inesito>10</motivo_inesito><campo_aggiuntivo/><nome/><cognome/><indirizzo/><cap/><citta/><provincia/></Raccomandata><Raccomandata><nome_file>039748900_57_631.pdf</nome_file><codice_raccomandata>685632271010</codice_raccomandata><data_esito/><tipo_esito/><motivo_inesito>10</motivo_inesito><campo_aggiuntivo/><nome/><cognome/><indirizzo/><cap/><citta/><provincia/></Raccomandata><Raccomandata><nome_file>039748900_57_634.pdf</nome_file><codice_raccomandata>685632271943</codice_raccomandata><data_esito/><tipo_esito/><motivo_inesito>10</motivo_inesito><campo_aggiuntivo/><nome/><cognome/><indirizzo/><cap/><citta/><provincia/></Raccomandata><Raccomandata><nome_file>039748900_57_637.pdf</nome_file><codice_raccomandata>685632271794</codice_raccomandata><data_esito/><tipo_esito/><motivo_inesito>10</motivo_inesito><campo_aggiuntivo/><nome/><cognome/><indirizzo/><cap/><citta/><provincia/></Raccomandata><Raccomandata><nome_file>039748900_57_640.pdf</nome_file><codice_raccomandata>685632271908</codice_raccomandata><data_esito/><tipo_esito/><motivo_inesito>10</motivo_inesito><campo_aggiuntivo/><nome/><cognome/><indirizzo/><cap/><citta/><provincia/></Raccomandata><Raccomandata><nome_file>039748900_57_643.pdf</nome_file><codice_raccomandata>685632271647</codice_raccomandata><data_esito/><tipo_esito/><motivo_inesito>10</motivo_inesito><campo_aggiuntivo/><nome/><cognome/><indirizzo/><cap/><citta/><provincia/></Raccomandata><Raccomandata><nome_file>039748900_57_646.pdf</nome_file><codice_raccomandata>685632268608</codice_raccomandata><data_esito/><tipo_esito/><motivo_inesito>10</motivo_inesito><campo_aggiuntivo/><nome/><cognome/><indirizzo/><cap/><citta/><provincia/></Raccomandata><Raccomandata><nome_file>039748900_57_649.pdf</nome_file><codice_raccomandata>685632265354</codice_raccomandata><data_esito/><tipo_esito/><motivo_inesito>10</motivo_inesito><campo_aggiuntivo/><nome/><cognome/><indirizzo/><cap/><citta/><provincia/></Raccomandata><Raccomandata><nome_file>039748900_57_652.pdf</nome_file><codice_raccomandata>685632265343</codice_raccomandata><data_esito/><tipo_esito/><motivo_inesito>10</motivo_inesito><campo_aggiuntivo/><nome/><cognome/><indirizzo/><cap/><citta/><provincia/></Raccomandata></Spedizione>
