<Spedizione Cliente="Z0088629" Archivio="IDF1509001F_I.zip" Filename="IDF1509001F_I.xml" NumeroRaccomandate="2"><Raccomandata><nome_file>039637500_57_7.pdf</nome_file><codice_raccomandata>685632384574</codice_raccomandata><data_esito/><tipo_esito/><motivo_inesito>02</motivo_inesito><campo_aggiuntivo/><nome/><cognome/><indirizzo/><cap/><citta/><provincia/></Raccomandata><Raccomandata><nome_file>039637500_57_10.pdf</nome_file><codice_raccomandata>685632387226</codice_raccomandata><data_esito/><tipo_esito/><motivo_inesito>02</motivo_inesito><campo_aggiuntivo/><nome/><cognome/><indirizzo/><cap/><citta/><provincia/></Raccomandata></Spedizione>
