<Spedizione Cliente="Z0088629" Archivio="IDF15080009_E.zip" Filename="IDF15080009_E.xml" NumeroRaccomandate="234"><Raccomandata><nome_file>039149800_57_7.pdf</nome_file><codice_raccomandata>685632270691</codice_raccomandata><data_esito>20/10/2021</data_esito><tipo_esito/><motivo_inesito/><campo_aggiuntivo/><nome/><cognome/><indirizzo/><cap/><citta/><provincia/></Raccomandata><Raccomandata><nome_file>039149800_57_10.pdf</nome_file><codice_raccomandata>685632271750</codice_raccomandata><data_esito>20/10/2021</data_esito><tipo_esito/><motivo_inesito/><campo_aggiuntivo/><nome/><cognome/><indirizzo/><cap/><citta/><provincia/></Raccomandata><Raccomandata><nome_file>039149800_57_13.pdf</nome_file><codice_raccomandata>685632270097</codice_raccomandata><data_esito>20/10/2021</data_esito><tipo_esito/><motivo_inesito/><campo_aggiuntivo/><nome/><cognome/><indirizzo/><cap/><citta/><provincia/></Raccomandata><Raccomandata><nome_file>039149800_57_16.pdf</nome_file><codice_raccomandata>685632284197</codice_raccomandata><data_esito>20/10/2021</data_esito><tipo_esito/><motivo_inesito/><campo_aggiuntivo/><nome/><cognome/><indirizzo/><cap/><citta/><provincia/></Raccomandata><Raccomandata><nome_file>039149800_57_19.pdf</nome_file><codice_raccomandata>685632271385</codice_raccomandata><data_esito>20/10/2021</data_esito><tipo_esito/><motivo_inesito/><campo_aggiuntivo/><nome/><cognome/><indirizzo/><cap/><citta/><provincia/></Raccomandata><Raccomandata><nome_file>039149800_57_22.pdf</nome_file><codice_raccomandata>685632269701</codice_raccomandata><data_esito>19/10/2021</data_esito><tipo_esito/><motivo_inesito/><campo_aggiuntivo/><nome/><cognome/><indirizzo/><cap/><citta/><provincia/></Raccomandata><Raccomandata><nome_file>039149800_57_25.pdf</nome_file><codice_raccomandata>685632263727</codice_raccomandata><data_esito>19/10/2021</data_esito><tipo_esito/><motivo_inesito/><campo_aggiuntivo/><nome/><cognome/><indirizzo/><cap/><citta/><provincia/></Raccomandata><Raccomandata><nome_file>039149800_57_28.pdf</nome_file><codice_raccomandata>685632269095</codice_raccomandata><data_esito>19/10/2021</data_esito><tipo_esito/><motivo_inesito/><campo_aggiuntivo/><nome/><cognome/><indirizzo/><cap/><citta/><provincia/></Raccomandata><Raccomandata><nome_file>039149800_57_31.pdf</nome_file><codice_raccomandata>685632269303</codice_raccomandata><data_esito>19/10/2021</data_esito><tipo_esito/><motivo_inesito/><campo_aggiuntivo/><nome/><cognome/><indirizzo/><cap/><citta/><provincia/></Raccomandata><Raccomandata><nome_file>039149800_57_34.pdf</nome_file><codice_raccomandata>685632272579</codice_raccomandata><data_esito>19/10/2021</data_esito><tipo_esito/><motivo_inesito/><campo_aggiuntivo/><nome/><cognome/><indirizzo/><cap/><citta/><provincia/></Raccomandata><Raccomandata><nome_file>039149800_57_37.pdf</nome_file><codice_raccomandata>685632281433</codice_raccomandata><data_esito>20/10/2021</data_esito><tipo_esito/><motivo_inesito/><campo_aggiuntivo/><nome/><cognome/><indirizzo/><cap/><citta/><provincia/></Raccomandata><Raccomandata><nome_file>039149800_57_40.pdf</nome_file><codice_raccomandata>685632263442</codice_raccomandata><data_esito>20/10/2021</data_esito><tipo_esito/><motivo_inesito/><campo_aggiuntivo/><nome/><cognome/><indirizzo/><cap/><citta/><provincia/></Raccomandata><Raccomandata><nome_file>039149800_57_43.pdf</nome_file><codice_raccomandata>685632279964</codice_raccomandata><data_esito>20/10/2021</data_esito><tipo_esito/><motivo_inesito/><campo_aggiuntivo/><nome/><cognome/><indirizzo/><cap/><citta/><provincia/></Raccomandata><Raccomandata><nome_file>039149800_57_46.pdf</nome_file><codice_raccomandata>685632265091</codice_raccomandata><data_esito>20/10/2021</data_esito><tipo_esito/><motivo_inesito/><campo_aggiuntivo/><nome/><cognome/><indirizzo/><cap/><citta/><provincia/></Raccomandata><Raccomandata><nome_file>039149800_57_49.pdf</nome_file><codice_raccomandata>685632283538</codice_raccomandata><data_esito>19/10/2021</data_esito><tipo_esito/><motivo_inesito/><campo_aggiuntivo/><nome/><cognome/><indirizzo/><cap/><citta/><provincia/></Raccomandata><Raccomandata><nome_file>039149800_57_52.pdf</nome_file><codice_raccomandata>685632275458</codice_raccomandata><data_esito>20/10/2021</data_esito><tipo_esito/><motivo_inesito/><campo_aggiuntivo/><nome/><cognome/><indirizzo/><cap/><citta/><provincia/></Raccomandata><Raccomandata><nome_file>039149800_57_55.pdf</nome_file><codice_raccomandata>685632274366</codice_raccomandata><data_esito>20/10/2021</data_esito><tipo_esito/><motivo_inesito/><campo_aggiuntivo/><nome/><cognome/><indirizzo/><cap/><citta/><provincia/></Raccomandata><Raccomandata><nome_file>039149800_57_58.pdf</nome_file><codice_raccomandata>685632283606</codice_raccomandata><data_esito>20/10/2021</data_esito><tipo_esito/><motivo_inesito/><campo_aggiuntivo/><nome/><cognome/><indirizzo/><cap/><citta/><provincia/></Raccomandata><Raccomandata><nome_file>039149800_57_61.pdf</nome_file><codice_raccomandata>685632277438</codice_raccomandata><data_esito>20/10/2021</data_esito><tipo_esito/><motivo_inesito/><campo_aggiuntivo/><nome/><cognome/><indirizzo/><cap/><citta/><provincia/></Raccomandata><Raccomandata><nome_file>039149800_57_64.pdf</nome_file><codice_raccomandata>685632275230</codice_raccomandata><data_esito>20/10/2021</data_esito><tipo_esito/><motivo_inesito/><campo_aggiuntivo/><nome/><cognome/><indirizzo/><cap/><citta/><provincia/></Raccomandata><Raccomandata><nome_file>039149800_57_67.pdf</nome_file><codice_raccomandata>685632263998</codice_raccomandata><data_esito>20/10/2021</data_esito><tipo_esito/><motivo_inesito/><campo_aggiuntivo/><nome/><cognome/><indirizzo/><cap/><citta/><provincia/></Raccomandata><Raccomandata><nome_file>039149800_57_70.pdf</nome_file><codice_raccomandata>685632273205</codice_raccomandata><data_esito>20/10/2021</data_esito><tipo_esito/><motivo_inesito/><campo_aggiuntivo/><nome/><cognome/><indirizzo/><cap/><citta/><provincia/></Raccomandata><Raccomandata><nome_file>039149800_57_73.pdf</nome_file><codice_raccomandata>685632274161</codice_raccomandata><data_esito>19/10/2021</data_esito><tipo_esito/><motivo_inesito/><campo_aggiuntivo/><nome/><cognome/><indirizzo/><cap/><citta/><provincia/></Raccomandata><Raccomandata><nome_file>039149800_57_76.pdf</nome_file><codice_raccomandata>685632273478</codice_raccomandata><data_esito>20/10/2021</data_esito><tipo_esito/><motivo_inesito/><campo_aggiuntivo/><nome/><cognome/><indirizzo/><cap/><citta/><provincia/></Raccomandata><Raccomandata><nome_file>039149800_57_79.pdf</nome_file><codice_raccomandata>685632271101</codice_raccomandata><data_esito>20/10/2021</data_esito><tipo_esito/><motivo_inesito/><campo_aggiuntivo/><nome/><cognome/><indirizzo/><cap/><citta/><provincia/></Raccomandata><Raccomandata><nome_file>039149800_57_82.pdf</nome_file><codice_raccomandata>685632281912</codice_raccomandata><data_esito>19/10/2021</data_esito><tipo_esito/><motivo_inesito/><campo_aggiuntivo/><nome/><cognome/><indirizzo/><cap/><citta/><provincia/></Raccomandata><Raccomandata><nome_file>039149800_57_85.pdf</nome_file><codice_raccomandata>685632269016</codice_raccomandata><data_esito>20/10/2021</data_esito><tipo_esito/><motivo_inesito/><campo_aggiuntivo/><nome/><cognome/><indirizzo/><cap/><citta/><provincia/></Raccomandata><Raccomandata><nome_file>039149800_57_88.pdf</nome_file><codice_raccomandata>685632280227</codice_raccomandata><data_esito>20/10/2021</data_esito><tipo_esito/><motivo_inesito/><campo_aggiuntivo/><nome/><cognome/><indirizzo/><cap/><citta/><provincia/></Raccomandata><Raccomandata><nome_file>039149800_57_91.pdf</nome_file><codice_raccomandata>685632270816</codice_raccomandata><data_esito>20/10/2021</data_esito><tipo_esito/><motivo_inesito/><campo_aggiuntivo/><nome/><cognome/><indirizzo/><cap/><citta/><provincia/></Raccomandata><Raccomandata><nome_file>039149800_57_94.pdf</nome_file><codice_raccomandata>685632283424</codice_raccomandata><data_esito>23/10/2021</data_esito><tipo_esito/><motivo_inesito/><campo_aggiuntivo/><nome/><cognome/><indirizzo/><cap/><citta/><provincia/></Raccomandata><Raccomandata><nome_file>039149800_57_97.pdf</nome_file><codice_raccomandata>685632268368</codice_raccomandata><data_esito>20/10/2021</data_esito><tipo_esito/><motivo_inesito/><campo_aggiuntivo/><nome/><cognome/><indirizzo/><cap/><citta/><provincia/></Raccomandata><Raccomandata><nome_file>039149800_57_100.pdf</nome_file><codice_raccomandata>685632270760</codice_raccomandata><data_esito>20/10/2021</data_esito><tipo_esito/><motivo_inesito/><campo_aggiuntivo/><nome/><cognome/><indirizzo/><cap/><citta/><provincia/></Raccomandata><Raccomandata><nome_file>039149800_57_103.pdf</nome_file><codice_raccomandata>685632265876</codice_raccomandata><data_esito>23/10/2021</data_esito><tipo_esito/><motivo_inesito/><campo_aggiuntivo/><nome/><cognome/><indirizzo/><cap/><citta/><provincia/></Raccomandata><Raccomandata><nome_file>039149800_57_106.pdf</nome_file><codice_raccomandata>685632270418</codice_raccomandata><data_esito>20/10/2021</data_esito><tipo_esito/><motivo_inesito/><campo_aggiuntivo/><nome/><cognome/><indirizzo/><cap/><citta/><provincia/></Raccomandata><Raccomandata><nome_file>039149800_57_109.pdf</nome_file><codice_raccomandata>685632279691</codice_raccomandata><data_esito>23/10/2021</data_esito><tipo_esito/><motivo_inesito/><campo_aggiuntivo/><nome/><cognome/><indirizzo/><cap/><citta/><provincia/></Raccomandata><Raccomandata><nome_file>039149800_57_112.pdf</nome_file><codice_raccomandata>685632264546</codice_raccomandata><data_esito>22/10/2021</data_esito><tipo_esito/><motivo_inesito/><campo_aggiuntivo/><nome/><cognome/><indirizzo/><cap/><citta/><provincia/></Raccomandata><Raccomandata><nome_file>039149800_57_115.pdf</nome_file><codice_raccomandata>685632279316</codice_raccomandata><data_esito>20/10/2021</data_esito><tipo_esito/><motivo_inesito/><campo_aggiuntivo/><nome/><cognome/><indirizzo/><cap/><citta/><provincia/></Raccomandata><Raccomandata><nome_file>039149800_57_118.pdf</nome_file><codice_raccomandata>685632265570</codice_raccomandata><data_esito>20/10/2021</data_esito><tipo_esito/><motivo_inesito/><campo_aggiuntivo/><nome/><cognome/><indirizzo/><cap/><citta/><provincia/></Raccomandata><Raccomandata><nome_file>039149800_57_121.pdf</nome_file><codice_raccomandata>685632279623</codice_raccomandata><data_esito>23/10/2021</data_esito><tipo_esito/><motivo_inesito/><campo_aggiuntivo/><nome/><cognome/><indirizzo/><cap/><citta/><provincia/></Raccomandata><Raccomandata><nome_file>039149800_57_124.pdf</nome_file><codice_raccomandata>685632279918</codice_raccomandata><data_esito>21/10/2021</data_esito><tipo_esito/><motivo_inesito/><campo_aggiuntivo/><nome/><cognome/><indirizzo/><cap/><citta/><provincia/></Raccomandata><Raccomandata><nome_file>039149800_57_127.pdf</nome_file><codice_raccomandata>685632274253</codice_raccomandata><data_esito>21/10/2021</data_esito><tipo_esito/><motivo_inesito/><campo_aggiuntivo/><nome/><cognome/><indirizzo/><cap/><citta/><provincia/></Raccomandata><Raccomandata><nome_file>039149800_57_130.pdf</nome_file><codice_raccomandata>685632282309</codice_raccomandata><data_esito>23/10/2021</data_esito><tipo_esito/><motivo_inesito/><campo_aggiuntivo/><nome/><cognome/><indirizzo/><cap/><citta/><provincia/></Raccomandata><Raccomandata><nome_file>039149800_57_133.pdf</nome_file><codice_raccomandata>685632279895</codice_raccomandata><data_esito>23/10/2021</data_esito><tipo_esito/><motivo_inesito/><campo_aggiuntivo/><nome/><cognome/><indirizzo/><cap/><citta/><provincia/></Raccomandata><Raccomandata><nome_file>039149800_57_136.pdf</nome_file><codice_raccomandata>685632266252</codice_raccomandata><data_esito>23/10/2021</data_esito><tipo_esito/><motivo_inesito/><campo_aggiuntivo/><nome/><cognome/><indirizzo/><cap/><citta/><provincia/></Raccomandata><Raccomandata><nome_file>039149800_57_139.pdf</nome_file><codice_raccomandata>685632283878</codice_raccomandata><data_esito>25/10/2021</data_esito><tipo_esito/><motivo_inesito/><campo_aggiuntivo/><nome/><cognome/><indirizzo/><cap/><citta/><provincia/></Raccomandata><Raccomandata><nome_file>039149800_57_142.pdf</nome_file><codice_raccomandata>685632276881</codice_raccomandata><data_esito>21/10/2021</data_esito><tipo_esito/><motivo_inesito/><campo_aggiuntivo/><nome/><cognome/><indirizzo/><cap/><citta/><provincia/></Raccomandata><Raccomandata><nome_file>039149800_57_145.pdf</nome_file><codice_raccomandata>685632272421</codice_raccomandata><data_esito>21/10/2021</data_esito><tipo_esito/><motivo_inesito/><campo_aggiuntivo/><nome/><cognome/><indirizzo/><cap/><citta/><provincia/></Raccomandata><Raccomandata><nome_file>039149800_57_148.pdf</nome_file><codice_raccomandata>685632278496</codice_raccomandata><data_esito>23/10/2021</data_esito><tipo_esito/><motivo_inesito/><campo_aggiuntivo/><nome/><cognome/><indirizzo/><cap/><citta/><provincia/></Raccomandata><Raccomandata><nome_file>039149800_57_151.pdf</nome_file><codice_raccomandata>685632276437</codice_raccomandata><data_esito>21/10/2021</data_esito><tipo_esito/><motivo_inesito/><campo_aggiuntivo/><nome/><cognome/><indirizzo/><cap/><citta/><provincia/></Raccomandata><Raccomandata><nome_file>039149800_57_154.pdf</nome_file><codice_raccomandata>685632269860</codice_raccomandata><data_esito>21/10/2021</data_esito><tipo_esito/><motivo_inesito/><campo_aggiuntivo/><nome/><cognome/><indirizzo/><cap/><citta/><provincia/></Raccomandata><Raccomandata><nome_file>039149800_57_157.pdf</nome_file><codice_raccomandata>685632273763</codice_raccomandata><data_esito>21/10/2021</data_esito><tipo_esito/><motivo_inesito/><campo_aggiuntivo/><nome/><cognome/><indirizzo/><cap/><citta/><provincia/></Raccomandata><Raccomandata><nome_file>039149800_57_160.pdf</nome_file><codice_raccomandata>685632283025</codice_raccomandata><data_esito>20/10/2021</data_esito><tipo_esito/><motivo_inesito/><campo_aggiuntivo/><nome/><cognome/><indirizzo/><cap/><citta/><provincia/></Raccomandata><Raccomandata><nome_file>039149800_57_163.pdf</nome_file><codice_raccomandata>685632283492</codice_raccomandata><data_esito>21/10/2021</data_esito><tipo_esito/><motivo_inesito/><campo_aggiuntivo/><nome/><cognome/><indirizzo/><cap/><citta/><provincia/></Raccomandata><Raccomandata><nome_file>039149800_57_166.pdf</nome_file><codice_raccomandata>685632269530</codice_raccomandata><data_esito>19/10/2021</data_esito><tipo_esito/><motivo_inesito/><campo_aggiuntivo/><nome/><cognome/><indirizzo/><cap/><citta/><provincia/></Raccomandata><Raccomandata><nome_file>039149800_57_169.pdf</nome_file><codice_raccomandata>685632274423</codice_raccomandata><data_esito>20/10/2021</data_esito><tipo_esito/><motivo_inesito/><campo_aggiuntivo/><nome/><cognome/><indirizzo/><cap/><citta/><provincia/></Raccomandata><Raccomandata><nome_file>039149800_57_172.pdf</nome_file><codice_raccomandata>685632272886</codice_raccomandata><data_esito>20/10/2021</data_esito><tipo_esito/><motivo_inesito/><campo_aggiuntivo/><nome/><cognome/><indirizzo/><cap/><citta/><provincia/></Raccomandata><Raccomandata><nome_file>039149800_57_175.pdf</nome_file><codice_raccomandata>685632283014</codice_raccomandata><data_esito>20/10/2021</data_esito><tipo_esito/><motivo_inesito/><campo_aggiuntivo/><nome/><cognome/><indirizzo/><cap/><citta/><provincia/></Raccomandata><Raccomandata><nome_file>039149800_57_178.pdf</nome_file><codice_raccomandata>685632283550</codice_raccomandata><data_esito>19/10/2021</data_esito><tipo_esito/><motivo_inesito/><campo_aggiuntivo/><nome/><cognome/><indirizzo/><cap/><citta/><provincia/></Raccomandata><Raccomandata><nome_file>039149800_57_181.pdf</nome_file><codice_raccomandata>685632271590</codice_raccomandata><data_esito>21/10/2021</data_esito><tipo_esito/><motivo_inesito/><campo_aggiuntivo/><nome/><cognome/><indirizzo/><cap/><citta/><provincia/></Raccomandata><Raccomandata><nome_file>039149800_57_184.pdf</nome_file><codice_raccomandata>685632281376</codice_raccomandata><data_esito>19/10/2021</data_esito><tipo_esito/><motivo_inesito/><campo_aggiuntivo/><nome/><cognome/><indirizzo/><cap/><citta/><provincia/></Raccomandata><Raccomandata><nome_file>039149800_57_187.pdf</nome_file><codice_raccomandata>685632280011</codice_raccomandata><data_esito>19/10/2021</data_esito><tipo_esito/><motivo_inesito/><campo_aggiuntivo/><nome/><cognome/><indirizzo/><cap/><citta/><provincia/></Raccomandata><Raccomandata><nome_file>039149800_57_190.pdf</nome_file><codice_raccomandata>685632271830</codice_raccomandata><data_esito>19/10/2021</data_esito><tipo_esito/><motivo_inesito/><campo_aggiuntivo/><nome/><cognome/><indirizzo/><cap/><citta/><provincia/></Raccomandata><Raccomandata><nome_file>039149800_57_193.pdf</nome_file><codice_raccomandata>685632282902</codice_raccomandata><data_esito>19/10/2021</data_esito><tipo_esito/><motivo_inesito/><campo_aggiuntivo/><nome/><cognome/><indirizzo/><cap/><citta/><provincia/></Raccomandata><Raccomandata><nome_file>039149800_57_196.pdf</nome_file><codice_raccomandata>685632266651</codice_raccomandata><data_esito>21/10/2021</data_esito><tipo_esito/><motivo_inesito/><campo_aggiuntivo/><nome/><cognome/><indirizzo/><cap/><citta/><provincia/></Raccomandata><Raccomandata><nome_file>039149800_57_199.pdf</nome_file><codice_raccomandata>685632282104</codice_raccomandata><data_esito>20/10/2021</data_esito><tipo_esito/><motivo_inesito/><campo_aggiuntivo/><nome/><cognome/><indirizzo/><cap/><citta/><provincia/></Raccomandata><Raccomandata><nome_file>039149800_57_202.pdf</nome_file><codice_raccomandata>685632270997</codice_raccomandata><data_esito>20/10/2021</data_esito><tipo_esito/><motivo_inesito/><campo_aggiuntivo/><nome/><cognome/><indirizzo/><cap/><citta/><provincia/></Raccomandata><Raccomandata><nome_file>039149800_57_205.pdf</nome_file><codice_raccomandata>685632282446</codice_raccomandata><data_esito>19/10/2021</data_esito><tipo_esito/><motivo_inesito/><campo_aggiuntivo/><nome/><cognome/><indirizzo/><cap/><citta/><provincia/></Raccomandata><Raccomandata><nome_file>039149800_57_208.pdf</nome_file><codice_raccomandata>685632270053</codice_raccomandata><data_esito>26/10/2021</data_esito><tipo_esito/><motivo_inesito/><campo_aggiuntivo/><nome/><cognome/><indirizzo/><cap/><citta/><provincia/></Raccomandata><Raccomandata><nome_file>039149800_57_211.pdf</nome_file><codice_raccomandata>685632271567</codice_raccomandata><data_esito>22/10/2021</data_esito><tipo_esito/><motivo_inesito/><campo_aggiuntivo/><nome/><cognome/><indirizzo/><cap/><citta/><provincia/></Raccomandata><Raccomandata><nome_file>039149800_57_214.pdf</nome_file><codice_raccomandata>685632279771</codice_raccomandata><data_esito>23/10/2021</data_esito><tipo_esito/><motivo_inesito/><campo_aggiuntivo/><nome/><cognome/><indirizzo/><cap/><citta/><provincia/></Raccomandata><Raccomandata><nome_file>039149800_57_217.pdf</nome_file><codice_raccomandata>685632279007</codice_raccomandata><data_esito>23/10/2021</data_esito><tipo_esito/><motivo_inesito/><campo_aggiuntivo/><nome/><cognome/><indirizzo/><cap/><citta/><provincia/></Raccomandata><Raccomandata><nome_file>039149800_57_220.pdf</nome_file><codice_raccomandata>685632275060</codice_raccomandata><data_esito>23/10/2021</data_esito><tipo_esito/><motivo_inesito/><campo_aggiuntivo/><nome/><cognome/><indirizzo/><cap/><citta/><provincia/></Raccomandata><Raccomandata><nome_file>039149800_57_223.pdf</nome_file><codice_raccomandata>685632279258</codice_raccomandata><data_esito>23/10/2021</data_esito><tipo_esito/><motivo_inesito/><campo_aggiuntivo/><nome/><cognome/><indirizzo/><cap/><citta/><provincia/></Raccomandata><Raccomandata><nome_file>039149800_57_226.pdf</nome_file><codice_raccomandata>685632283561</codice_raccomandata><data_esito>19/10/2021</data_esito><tipo_esito/><motivo_inesito/><campo_aggiuntivo/><nome/><cognome/><indirizzo/><cap/><citta/><provincia/></Raccomandata><Raccomandata><nome_file>039149800_57_229.pdf</nome_file><codice_raccomandata>685632278393</codice_raccomandata><data_esito>21/10/2021</data_esito><tipo_esito/><motivo_inesito/><campo_aggiuntivo/><nome/><cognome/><indirizzo/><cap/><citta/><provincia/></Raccomandata><Raccomandata><nome_file>039149800_57_232.pdf</nome_file><codice_raccomandata>685632275856</codice_raccomandata><data_esito>19/10/2021</data_esito><tipo_esito/><motivo_inesito/><campo_aggiuntivo/><nome/><cognome/><indirizzo/><cap/><citta/><provincia/></Raccomandata><Raccomandata><nome_file>039149800_57_235.pdf</nome_file><codice_raccomandata>685632264237</codice_raccomandata><data_esito>22/10/2021</data_esito><tipo_esito/><motivo_inesito/><campo_aggiuntivo/><nome/><cognome/><indirizzo/><cap/><citta/><provincia/></Raccomandata><Raccomandata><nome_file>039149800_57_238.pdf</nome_file><codice_raccomandata>685632284210</codice_raccomandata><data_esito>22/10/2021</data_esito><tipo_esito/><motivo_inesito/><campo_aggiuntivo/><nome/><cognome/><indirizzo/><cap/><citta/><provincia/></Raccomandata><Raccomandata><nome_file>039149800_57_241.pdf</nome_file><codice_raccomandata>685632277699</codice_raccomandata><data_esito>23/10/2021</data_esito><tipo_esito/><motivo_inesito/><campo_aggiuntivo/><nome/><cognome/><indirizzo/><cap/><citta/><provincia/></Raccomandata><Raccomandata><nome_file>039149800_57_244.pdf</nome_file><codice_raccomandata>685632275721</codice_raccomandata><data_esito>22/10/2021</data_esito><tipo_esito/><motivo_inesito/><campo_aggiuntivo/><nome/><cognome/><indirizzo/><cap/><citta/><provincia/></Raccomandata><Raccomandata><nome_file>039149800_57_247.pdf</nome_file><codice_raccomandata>685632264626</codice_raccomandata><data_esito>23/10/2021</data_esito><tipo_esito/><motivo_inesito/><campo_aggiuntivo/><nome/><cognome/><indirizzo/><cap/><citta/><provincia/></Raccomandata><Raccomandata><nome_file>039149800_57_250.pdf</nome_file><codice_raccomandata>685632282968</codice_raccomandata><data_esito>22/10/2021</data_esito><tipo_esito/><motivo_inesito/><campo_aggiuntivo/><nome/><cognome/><indirizzo/><cap/><citta/><provincia/></Raccomandata><Raccomandata><nome_file>039149800_57_253.pdf</nome_file><codice_raccomandata>685632263885</codice_raccomandata><data_esito>20/10/2021</data_esito><tipo_esito/><motivo_inesito/><campo_aggiuntivo/><nome/><cognome/><indirizzo/><cap/><citta/><provincia/></Raccomandata><Raccomandata><nome_file>039149800_57_256.pdf</nome_file><codice_raccomandata>685632271167</codice_raccomandata><data_esito>20/10/2021</data_esito><tipo_esito/><motivo_inesito/><campo_aggiuntivo/><nome/><cognome/><indirizzo/><cap/><citta/><provincia/></Raccomandata><Raccomandata><nome_file>039149800_57_259.pdf</nome_file><codice_raccomandata>685632265147</codice_raccomandata><data_esito>20/10/2021</data_esito><tipo_esito/><motivo_inesito/><campo_aggiuntivo/><nome/><cognome/><indirizzo/><cap/><citta/><provincia/></Raccomandata><Raccomandata><nome_file>039149800_57_262.pdf</nome_file><codice_raccomandata>685632268050</codice_raccomandata><data_esito>20/10/2021</data_esito><tipo_esito/><motivo_inesito/><campo_aggiuntivo/><nome/><cognome/><indirizzo/><cap/><citta/><provincia/></Raccomandata><Raccomandata><nome_file>039149800_57_265.pdf</nome_file><codice_raccomandata>685632283674</codice_raccomandata><data_esito>19/10/2021</data_esito><tipo_esito/><motivo_inesito/><campo_aggiuntivo/><nome/><cognome/><indirizzo/><cap/><citta/><provincia/></Raccomandata><Raccomandata><nome_file>039149800_57_268.pdf</nome_file><codice_raccomandata>685632279031</codice_raccomandata><data_esito>22/10/2021</data_esito><tipo_esito/><motivo_inesito/><campo_aggiuntivo/><nome/><cognome/><indirizzo/><cap/><citta/><provincia/></Raccomandata><Raccomandata><nome_file>039149800_57_271.pdf</nome_file><codice_raccomandata>685632266013</codice_raccomandata><data_esito>19/10/2021</data_esito><tipo_esito/><motivo_inesito/><campo_aggiuntivo/><nome/><cognome/><indirizzo/><cap/><citta/><provincia/></Raccomandata><Raccomandata><nome_file>039149800_57_274.pdf</nome_file><codice_raccomandata>685632272022</codice_raccomandata><data_esito>20/10/2021</data_esito><tipo_esito/><motivo_inesito/><campo_aggiuntivo/><nome/><cognome/><indirizzo/><cap/><citta/><provincia/></Raccomandata><Raccomandata><nome_file>039149800_57_277.pdf</nome_file><codice_raccomandata>685632271692</codice_raccomandata><data_esito>20/10/2021</data_esito><tipo_esito/><motivo_inesito/><campo_aggiuntivo/><nome/><cognome/><indirizzo/><cap/><citta/><provincia/></Raccomandata><Raccomandata><nome_file>039149800_57_280.pdf</nome_file><codice_raccomandata>685632277483</codice_raccomandata><data_esito>21/10/2021</data_esito><tipo_esito/><motivo_inesito/><campo_aggiuntivo/><nome/><cognome/><indirizzo/><cap/><citta/><provincia/></Raccomandata><Raccomandata><nome_file>039149800_57_283.pdf</nome_file><codice_raccomandata>685632265467</codice_raccomandata><data_esito>21/10/2021</data_esito><tipo_esito/><motivo_inesito/><campo_aggiuntivo/><nome/><cognome/><indirizzo/><cap/><citta/><provincia/></Raccomandata><Raccomandata><nome_file>039149800_57_286.pdf</nome_file><codice_raccomandata>685632264819</codice_raccomandata><data_esito>19/10/2021</data_esito><tipo_esito/><motivo_inesito/><campo_aggiuntivo/><nome/><cognome/><indirizzo/><cap/><citta/><provincia/></Raccomandata><Raccomandata><nome_file>039149800_57_289.pdf</nome_file><codice_raccomandata>685632280238</codice_raccomandata><data_esito>19/10/2021</data_esito><tipo_esito/><motivo_inesito/><campo_aggiuntivo/><nome/><cognome/><indirizzo/><cap/><citta/><provincia/></Raccomandata><Raccomandata><nome_file>039149800_57_292.pdf</nome_file><codice_raccomandata>685632269745</codice_raccomandata><data_esito>19/10/2021</data_esito><tipo_esito/><motivo_inesito/><campo_aggiuntivo/><nome/><cognome/><indirizzo/><cap/><citta/><provincia/></Raccomandata><Raccomandata><nome_file>039149800_57_295.pdf</nome_file><codice_raccomandata>685632269118</codice_raccomandata><data_esito>19/10/2021</data_esito><tipo_esito/><motivo_inesito/><campo_aggiuntivo/><nome/><cognome/><indirizzo/><cap/><citta/><provincia/></Raccomandata><Raccomandata><nome_file>039149800_57_298.pdf</nome_file><codice_raccomandata>685632283220</codice_raccomandata><data_esito>19/10/2021</data_esito><tipo_esito/><motivo_inesito/><campo_aggiuntivo/><nome/><cognome/><indirizzo/><cap/><citta/><provincia/></Raccomandata><Raccomandata><nome_file>039149800_57_301.pdf</nome_file><codice_raccomandata>685632279929</codice_raccomandata><data_esito>19/10/2021</data_esito><tipo_esito/><motivo_inesito/><campo_aggiuntivo/><nome/><cognome/><indirizzo/><cap/><citta/><provincia/></Raccomandata><Raccomandata><nome_file>039149800_57_304.pdf</nome_file><codice_raccomandata>685632280886</codice_raccomandata><data_esito>20/10/2021</data_esito><tipo_esito/><motivo_inesito/><campo_aggiuntivo/><nome/><cognome/><indirizzo/><cap/><citta/><provincia/></Raccomandata><Raccomandata><nome_file>039149800_57_307.pdf</nome_file><codice_raccomandata>685632270510</codice_raccomandata><data_esito>20/10/2021</data_esito><tipo_esito/><motivo_inesito/><campo_aggiuntivo/><nome/><cognome/><indirizzo/><cap/><citta/><provincia/></Raccomandata><Raccomandata><nome_file>039149800_57_310.pdf</nome_file><codice_raccomandata>685632273672</codice_raccomandata><data_esito>20/10/2021</data_esito><tipo_esito/><motivo_inesito/><campo_aggiuntivo/><nome/><cognome/><indirizzo/><cap/><citta/><provincia/></Raccomandata><Raccomandata><nome_file>039149800_57_313.pdf</nome_file><codice_raccomandata>685632264717</codice_raccomandata><data_esito>20/10/2021</data_esito><tipo_esito/><motivo_inesito/><campo_aggiuntivo/><nome/><cognome/><indirizzo/><cap/><citta/><provincia/></Raccomandata><Raccomandata><nome_file>039149800_57_316.pdf</nome_file><codice_raccomandata>685632270736</codice_raccomandata><data_esito>20/10/2021</data_esito><tipo_esito/><motivo_inesito/><campo_aggiuntivo/><nome/><cognome/><indirizzo/><cap/><citta/><provincia/></Raccomandata><Raccomandata><nome_file>039149800_57_319.pdf</nome_file><codice_raccomandata>685632264375</codice_raccomandata><data_esito>20/10/2021</data_esito><tipo_esito/><motivo_inesito/><campo_aggiuntivo/><nome/><cognome/><indirizzo/><cap/><citta/><provincia/></Raccomandata><Raccomandata><nome_file>039149800_57_322.pdf</nome_file><codice_raccomandata>685632276915</codice_raccomandata><data_esito>20/10/2021</data_esito><tipo_esito/><motivo_inesito/><campo_aggiuntivo/><nome/><cognome/><indirizzo/><cap/><citta/><provincia/></Raccomandata><Raccomandata><nome_file>039149800_57_325.pdf</nome_file><codice_raccomandata>685632277427</codice_raccomandata><data_esito>20/10/2021</data_esito><tipo_esito/><motivo_inesito/><campo_aggiuntivo/><nome/><cognome/><indirizzo/><cap/><citta/><provincia/></Raccomandata><Raccomandata><nome_file>039149800_57_328.pdf</nome_file><codice_raccomandata>685632275754</codice_raccomandata><data_esito>20/10/2021</data_esito><tipo_esito/><motivo_inesito/><campo_aggiuntivo/><nome/><cognome/><indirizzo/><cap/><citta/><provincia/></Raccomandata><Raccomandata><nome_file>039149800_57_331.pdf</nome_file><codice_raccomandata>685632276324</codice_raccomandata><data_esito>19/10/2021</data_esito><tipo_esito/><motivo_inesito/><campo_aggiuntivo/><nome/><cognome/><indirizzo/><cap/><citta/><provincia/></Raccomandata><Raccomandata><nome_file>039149800_57_334.pdf</nome_file><codice_raccomandata>685632272318</codice_raccomandata><data_esito>19/10/2021</data_esito><tipo_esito/><motivo_inesito/><campo_aggiuntivo/><nome/><cognome/><indirizzo/><cap/><citta/><provincia/></Raccomandata><Raccomandata><nome_file>039149800_57_337.pdf</nome_file><codice_raccomandata>685632272192</codice_raccomandata><data_esito>19/10/2021</data_esito><tipo_esito/><motivo_inesito/><campo_aggiuntivo/><nome/><cognome/><indirizzo/><cap/><citta/><provincia/></Raccomandata><Raccomandata><nome_file>039149800_57_340.pdf</nome_file><codice_raccomandata>685632275195</codice_raccomandata><data_esito>19/10/2021</data_esito><tipo_esito/><motivo_inesito/><campo_aggiuntivo/><nome/><cognome/><indirizzo/><cap/><citta/><provincia/></Raccomandata><Raccomandata><nome_file>039149800_57_343.pdf</nome_file><codice_raccomandata>685632281558</codice_raccomandata><data_esito>19/10/2021</data_esito><tipo_esito/><motivo_inesito/><campo_aggiuntivo/><nome/><cognome/><indirizzo/><cap/><citta/><provincia/></Raccomandata><Raccomandata><nome_file>039149800_57_346.pdf</nome_file><codice_raccomandata>685632263715</codice_raccomandata><data_esito>19/10/2021</data_esito><tipo_esito/><motivo_inesito/><campo_aggiuntivo/><nome/><cognome/><indirizzo/><cap/><citta/><provincia/></Raccomandata><Raccomandata><nome_file>039149800_57_349.pdf</nome_file><codice_raccomandata>685632265400</codice_raccomandata><data_esito>19/10/2021</data_esito><tipo_esito/><motivo_inesito/><campo_aggiuntivo/><nome/><cognome/><indirizzo/><cap/><citta/><provincia/></Raccomandata><Raccomandata><nome_file>039149800_57_352.pdf</nome_file><codice_raccomandata>685632265490</codice_raccomandata><data_esito>19/10/2021</data_esito><tipo_esito/><motivo_inesito/><campo_aggiuntivo/><nome/><cognome/><indirizzo/><cap/><citta/><provincia/></Raccomandata><Raccomandata><nome_file>039149800_57_355.pdf</nome_file><codice_raccomandata>685632281078</codice_raccomandata><data_esito>20/10/2021</data_esito><tipo_esito/><motivo_inesito/><campo_aggiuntivo/><nome/><cognome/><indirizzo/><cap/><citta/><provincia/></Raccomandata><Raccomandata><nome_file>039149800_57_358.pdf</nome_file><codice_raccomandata>685632268287</codice_raccomandata><data_esito>19/10/2021</data_esito><tipo_esito/><motivo_inesito/><campo_aggiuntivo/><nome/><cognome/><indirizzo/><cap/><citta/><provincia/></Raccomandata><Raccomandata><nome_file>039149800_57_361.pdf</nome_file><codice_raccomandata>685632280831</codice_raccomandata><data_esito>20/10/2021</data_esito><tipo_esito/><motivo_inesito/><campo_aggiuntivo/><nome/><cognome/><indirizzo/><cap/><citta/><provincia/></Raccomandata><Raccomandata><nome_file>039149800_57_364.pdf</nome_file><codice_raccomandata>685632270111</codice_raccomandata><data_esito>20/10/2021</data_esito><tipo_esito/><motivo_inesito/><campo_aggiuntivo/><nome/><cognome/><indirizzo/><cap/><citta/><provincia/></Raccomandata><Raccomandata><nome_file>039149800_57_367.pdf</nome_file><codice_raccomandata>685632269825</codice_raccomandata><data_esito>19/10/2021</data_esito><tipo_esito/><motivo_inesito/><campo_aggiuntivo/><nome/><cognome/><indirizzo/><cap/><citta/><provincia/></Raccomandata><Raccomandata><nome_file>039149800_57_370.pdf</nome_file><codice_raccomandata>685632274639</codice_raccomandata><data_esito>22/10/2021</data_esito><tipo_esito/><motivo_inesito/><campo_aggiuntivo/><nome/><cognome/><indirizzo/><cap/><citta/><provincia/></Raccomandata><Raccomandata><nome_file>039149800_57_373.pdf</nome_file><codice_raccomandata>685632276892</codice_raccomandata><data_esito>20/10/2021</data_esito><tipo_esito/><motivo_inesito/><campo_aggiuntivo/><nome/><cognome/><indirizzo/><cap/><citta/><provincia/></Raccomandata><Raccomandata><nome_file>039149800_57_376.pdf</nome_file><codice_raccomandata>685632269768</codice_raccomandata><data_esito>20/10/2021</data_esito><tipo_esito/><motivo_inesito/><campo_aggiuntivo/><nome/><cognome/><indirizzo/><cap/><citta/><provincia/></Raccomandata><Raccomandata><nome_file>039149800_57_379.pdf</nome_file><codice_raccomandata>685632280397</codice_raccomandata><data_esito>19/10/2021</data_esito><tipo_esito/><motivo_inesito/><campo_aggiuntivo/><nome/><cognome/><indirizzo/><cap/><citta/><provincia/></Raccomandata><Raccomandata><nome_file>039149800_57_382.pdf</nome_file><codice_raccomandata>685632264637</codice_raccomandata><data_esito>20/10/2021</data_esito><tipo_esito/><motivo_inesito/><campo_aggiuntivo/><nome/><cognome/><indirizzo/><cap/><citta/><provincia/></Raccomandata><Raccomandata><nome_file>039149800_57_385.pdf</nome_file><codice_raccomandata>685632280477</codice_raccomandata><data_esito>19/10/2021</data_esito><tipo_esito/><motivo_inesito/><campo_aggiuntivo/><nome/><cognome/><indirizzo/><cap/><citta/><provincia/></Raccomandata><Raccomandata><nome_file>039149800_57_388.pdf</nome_file><codice_raccomandata>685632278746</codice_raccomandata><data_esito>20/10/2021</data_esito><tipo_esito/><motivo_inesito/><campo_aggiuntivo/><nome/><cognome/><indirizzo/><cap/><citta/><provincia/></Raccomandata><Raccomandata><nome_file>039149800_57_391.pdf</nome_file><codice_raccomandata>685632282913</codice_raccomandata><data_esito>19/10/2021</data_esito><tipo_esito/><motivo_inesito/><campo_aggiuntivo/><nome/><cognome/><indirizzo/><cap/><citta/><provincia/></Raccomandata><Raccomandata><nome_file>039149800_57_394.pdf</nome_file><codice_raccomandata>685632272999</codice_raccomandata><data_esito>15/10/2021</data_esito><tipo_esito/><motivo_inesito/><campo_aggiuntivo/><nome/><cognome/><indirizzo/><cap/><citta/><provincia/></Raccomandata><Raccomandata><nome_file>039149800_57_397.pdf</nome_file><codice_raccomandata>685631959260</codice_raccomandata><data_esito>09/09/2021</data_esito><tipo_esito/><motivo_inesito/><campo_aggiuntivo/><nome/><cognome/><indirizzo/><cap/><citta/><provincia/></Raccomandata><Raccomandata><nome_file>039149800_57_400.pdf</nome_file><codice_raccomandata>685632273730</codice_raccomandata><data_esito>19/10/2021</data_esito><tipo_esito/><motivo_inesito/><campo_aggiuntivo/><nome/><cognome/><indirizzo/><cap/><citta/><provincia/></Raccomandata><Raccomandata><nome_file>039149800_57_403.pdf</nome_file><codice_raccomandata>685632282275</codice_raccomandata><data_esito>20/10/2021</data_esito><tipo_esito/><motivo_inesito/><campo_aggiuntivo/><nome/><cognome/><indirizzo/><cap/><citta/><provincia/></Raccomandata><Raccomandata><nome_file>039149800_57_406.pdf</nome_file><codice_raccomandata>685632273342</codice_raccomandata><data_esito>19/10/2021</data_esito><tipo_esito/><motivo_inesito/><campo_aggiuntivo/><nome/><cognome/><indirizzo/><cap/><citta/><provincia/></Raccomandata><Raccomandata><nome_file>039149800_57_409.pdf</nome_file><codice_raccomandata>685632275880</codice_raccomandata><data_esito>19/10/2021</data_esito><tipo_esito/><motivo_inesito/><campo_aggiuntivo/><nome/><cognome/><indirizzo/><cap/><citta/><provincia/></Raccomandata><Raccomandata><nome_file>039149800_57_412.pdf</nome_file><codice_raccomandata>685632274913</codice_raccomandata><data_esito>19/10/2021</data_esito><tipo_esito/><motivo_inesito/><campo_aggiuntivo/><nome/><cognome/><indirizzo/><cap/><citta/><provincia/></Raccomandata><Raccomandata><nome_file>039149800_57_415.pdf</nome_file><codice_raccomandata>685632265034</codice_raccomandata><data_esito>19/10/2021</data_esito><tipo_esito/><motivo_inesito/><campo_aggiuntivo/><nome/><cognome/><indirizzo/><cap/><citta/><provincia/></Raccomandata><Raccomandata><nome_file>039149800_57_418.pdf</nome_file><codice_raccomandata>685632275469</codice_raccomandata><data_esito>19/10/2021</data_esito><tipo_esito/><motivo_inesito/><campo_aggiuntivo/><nome/><cognome/><indirizzo/><cap/><citta/><provincia/></Raccomandata><Raccomandata><nome_file>039149800_57_421.pdf</nome_file><codice_raccomandata>685632274560</codice_raccomandata><data_esito>10/10/2021</data_esito><tipo_esito/><motivo_inesito/><campo_aggiuntivo/><nome/><cognome/><indirizzo/><cap/><citta/><provincia/></Raccomandata><Raccomandata><nome_file>039149800_57_424.pdf</nome_file><codice_raccomandata>685632274822</codice_raccomandata><data_esito>19/10/2021</data_esito><tipo_esito/><motivo_inesito/><campo_aggiuntivo/><nome/><cognome/><indirizzo/><cap/><citta/><provincia/></Raccomandata><Raccomandata><nome_file>039149800_57_427.pdf</nome_file><codice_raccomandata>685632280499</codice_raccomandata><data_esito>19/10/2021</data_esito><tipo_esito/><motivo_inesito/><campo_aggiuntivo/><nome/><cognome/><indirizzo/><cap/><citta/><provincia/></Raccomandata><Raccomandata><nome_file>039149800_57_430.pdf</nome_file><codice_raccomandata>685632268061</codice_raccomandata><data_esito>19/10/2021</data_esito><tipo_esito/><motivo_inesito/><campo_aggiuntivo/><nome/><cognome/><indirizzo/><cap/><citta/><provincia/></Raccomandata><Raccomandata><nome_file>039149800_57_433.pdf</nome_file><codice_raccomandata>685632268426</codice_raccomandata><data_esito>19/10/2021</data_esito><tipo_esito/><motivo_inesito/><campo_aggiuntivo/><nome/><cognome/><indirizzo/><cap/><citta/><provincia/></Raccomandata><Raccomandata><nome_file>039149800_57_436.pdf</nome_file><codice_raccomandata>685632283150</codice_raccomandata><data_esito>20/10/2021</data_esito><tipo_esito/><motivo_inesito/><campo_aggiuntivo/><nome/><cognome/><indirizzo/><cap/><citta/><provincia/></Raccomandata><Raccomandata><nome_file>039149800_57_439.pdf</nome_file><codice_raccomandata>685632268664</codice_raccomandata><data_esito>19/10/2021</data_esito><tipo_esito/><motivo_inesito/><campo_aggiuntivo/><nome/><cognome/><indirizzo/><cap/><citta/><provincia/></Raccomandata><Raccomandata><nome_file>039149800_57_442.pdf</nome_file><codice_raccomandata>685632283127</codice_raccomandata><data_esito>19/10/2021</data_esito><tipo_esito/><motivo_inesito/><campo_aggiuntivo/><nome/><cognome/><indirizzo/><cap/><citta/><provincia/></Raccomandata><Raccomandata><nome_file>039149800_57_445.pdf</nome_file><codice_raccomandata>685632265205</codice_raccomandata><data_esito>19/10/2021</data_esito><tipo_esito/><motivo_inesito/><campo_aggiuntivo/><nome/><cognome/><indirizzo/><cap/><citta/><provincia/></Raccomandata><Raccomandata><nome_file>039149800_57_448.pdf</nome_file><codice_raccomandata>685632281592</codice_raccomandata><data_esito>19/10/2021</data_esito><tipo_esito/><motivo_inesito/><campo_aggiuntivo/><nome/><cognome/><indirizzo/><cap/><citta/><provincia/></Raccomandata><Raccomandata><nome_file>039149800_57_451.pdf</nome_file><codice_raccomandata>685632280512</codice_raccomandata><data_esito>19/10/2021</data_esito><tipo_esito/><motivo_inesito/><campo_aggiuntivo/><nome/><cognome/><indirizzo/><cap/><citta/><provincia/></Raccomandata><Raccomandata><nome_file>039149800_57_454.pdf</nome_file><codice_raccomandata>685632279759</codice_raccomandata><data_esito>20/10/2021</data_esito><tipo_esito/><motivo_inesito/><campo_aggiuntivo/><nome/><cognome/><indirizzo/><cap/><citta/><provincia/></Raccomandata><Raccomandata><nome_file>039149800_57_457.pdf</nome_file><codice_raccomandata>685632058113</codice_raccomandata><data_esito>19/10/2021</data_esito><tipo_esito/><motivo_inesito/><campo_aggiuntivo/><nome/><cognome/><indirizzo/><cap/><citta/><provincia/></Raccomandata><Raccomandata><nome_file>039149800_57_460.pdf</nome_file><codice_raccomandata>685632056202</codice_raccomandata><data_esito>16/10/2021</data_esito><tipo_esito/><motivo_inesito/><campo_aggiuntivo/><nome/><cognome/><indirizzo/><cap/><citta/><provincia/></Raccomandata><Raccomandata><nome_file>039149800_57_463.pdf</nome_file><codice_raccomandata>685631974907</codice_raccomandata><data_esito>21/10/2021</data_esito><tipo_esito/><motivo_inesito/><campo_aggiuntivo/><nome/><cognome/><indirizzo/><cap/><citta/><provincia/></Raccomandata><Raccomandata><nome_file>039149800_57_466.pdf</nome_file><codice_raccomandata>685632069218</codice_raccomandata><data_esito>19/10/2021</data_esito><tipo_esito/><motivo_inesito/><campo_aggiuntivo/><nome/><cognome/><indirizzo/><cap/><citta/><provincia/></Raccomandata><Raccomandata><nome_file>039149800_57_469.pdf</nome_file><codice_raccomandata>685631975896</codice_raccomandata><data_esito>19/10/2021</data_esito><tipo_esito/><motivo_inesito/><campo_aggiuntivo/><nome/><cognome/><indirizzo/><cap/><citta/><provincia/></Raccomandata><Raccomandata><nome_file>039149800_57_472.pdf</nome_file><codice_raccomandata>685632071655</codice_raccomandata><data_esito>19/10/2021</data_esito><tipo_esito/><motivo_inesito/><campo_aggiuntivo/><nome/><cognome/><indirizzo/><cap/><citta/><provincia/></Raccomandata><Raccomandata><nome_file>039149800_57_475.pdf</nome_file><codice_raccomandata>685632065738</codice_raccomandata><data_esito>13/10/2021</data_esito><tipo_esito/><motivo_inesito/><campo_aggiuntivo/><nome/><cognome/><indirizzo/><cap/><citta/><provincia/></Raccomandata><Raccomandata><nome_file>039149800_57_478.pdf</nome_file><codice_raccomandata>685632060765</codice_raccomandata><data_esito>18/10/2021</data_esito><tipo_esito/><motivo_inesito/><campo_aggiuntivo/><nome/><cognome/><indirizzo/><cap/><citta/><provincia/></Raccomandata><Raccomandata><nome_file>039149800_57_481.pdf</nome_file><codice_raccomandata>685632075103</codice_raccomandata><data_esito>15/10/2021</data_esito><tipo_esito/><motivo_inesito/><campo_aggiuntivo/><nome/><cognome/><indirizzo/><cap/><citta/><provincia/></Raccomandata><Raccomandata><nome_file>039149800_57_484.pdf</nome_file><codice_raccomandata>685632070940</codice_raccomandata><data_esito>15/10/2021</data_esito><tipo_esito/><motivo_inesito/><campo_aggiuntivo/><nome/><cognome/><indirizzo/><cap/><citta/><provincia/></Raccomandata><Raccomandata><nome_file>039149800_57_487.pdf</nome_file><codice_raccomandata>685632058011</codice_raccomandata><data_esito>15/10/2021</data_esito><tipo_esito/><motivo_inesito/><campo_aggiuntivo/><nome/><cognome/><indirizzo/><cap/><citta/><provincia/></Raccomandata><Raccomandata><nome_file>039149800_57_490.pdf</nome_file><codice_raccomandata>685632070951</codice_raccomandata><data_esito>15/10/2021</data_esito><tipo_esito/><motivo_inesito/><campo_aggiuntivo/><nome/><cognome/><indirizzo/><cap/><citta/><provincia/></Raccomandata><Raccomandata><nome_file>039149800_57_493.pdf</nome_file><codice_raccomandata>685632058192</codice_raccomandata><data_esito>25/10/2021</data_esito><tipo_esito/><motivo_inesito/><campo_aggiuntivo/><nome/><cognome/><indirizzo/><cap/><citta/><provincia/></Raccomandata><Raccomandata><nome_file>039149800_57_496.pdf</nome_file><codice_raccomandata>685632068720</codice_raccomandata><data_esito>15/10/2021</data_esito><tipo_esito/><motivo_inesito/><campo_aggiuntivo/><nome/><cognome/><indirizzo/><cap/><citta/><provincia/></Raccomandata><Raccomandata><nome_file>039149800_57_499.pdf</nome_file><codice_raccomandata>685632055713</codice_raccomandata><data_esito>14/10/2021</data_esito><tipo_esito/><motivo_inesito/><campo_aggiuntivo/><nome/><cognome/><indirizzo/><cap/><citta/><provincia/></Raccomandata><Raccomandata><nome_file>039149800_57_502.pdf</nome_file><codice_raccomandata>685632069253</codice_raccomandata><data_esito>21/10/2021</data_esito><tipo_esito/><motivo_inesito/><campo_aggiuntivo/><nome/><cognome/><indirizzo/><cap/><citta/><provincia/></Raccomandata><Raccomandata><nome_file>039149800_57_505.pdf</nome_file><codice_raccomandata>685631975167</codice_raccomandata><data_esito>19/10/2021</data_esito><tipo_esito/><motivo_inesito/><campo_aggiuntivo/><nome/><cognome/><indirizzo/><cap/><citta/><provincia/></Raccomandata><Raccomandata><nome_file>039149800_57_508.pdf</nome_file><codice_raccomandata>685632062472</codice_raccomandata><data_esito>23/10/2021</data_esito><tipo_esito/><motivo_inesito/><campo_aggiuntivo/><nome/><cognome/><indirizzo/><cap/><citta/><provincia/></Raccomandata><Raccomandata><nome_file>039149800_57_511.pdf</nome_file><codice_raccomandata>685632063883</codice_raccomandata><data_esito>16/10/2021</data_esito><tipo_esito/><motivo_inesito/><campo_aggiuntivo/><nome/><cognome/><indirizzo/><cap/><citta/><provincia/></Raccomandata><Raccomandata><nome_file>039149800_57_514.pdf</nome_file><codice_raccomandata>685632281147</codice_raccomandata><data_esito>20/10/2021</data_esito><tipo_esito/><motivo_inesito/><campo_aggiuntivo/><nome/><cognome/><indirizzo/><cap/><citta/><provincia/></Raccomandata><Raccomandata><nome_file>039149800_57_517.pdf</nome_file><codice_raccomandata>685632280636</codice_raccomandata><data_esito>19/10/2021</data_esito><tipo_esito/><motivo_inesito/><campo_aggiuntivo/><nome/><cognome/><indirizzo/><cap/><citta/><provincia/></Raccomandata><Raccomandata><nome_file>039149800_57_520.pdf</nome_file><codice_raccomandata>685632268265</codice_raccomandata><data_esito>19/10/2021</data_esito><tipo_esito/><motivo_inesito/><campo_aggiuntivo/><nome/><cognome/><indirizzo/><cap/><citta/><provincia/></Raccomandata><Raccomandata><nome_file>039149800_57_523.pdf</nome_file><codice_raccomandata>685632263647</codice_raccomandata><data_esito>19/10/2021</data_esito><tipo_esito/><motivo_inesito/><campo_aggiuntivo/><nome/><cognome/><indirizzo/><cap/><citta/><provincia/></Raccomandata><Raccomandata><nome_file>039149800_57_526.pdf</nome_file><codice_raccomandata>685632274753</codice_raccomandata><data_esito>10/10/2021</data_esito><tipo_esito/><motivo_inesito/><campo_aggiuntivo/><nome/><cognome/><indirizzo/><cap/><citta/><provincia/></Raccomandata><Raccomandata><nome_file>039149800_57_529.pdf</nome_file><codice_raccomandata>685632272933</codice_raccomandata><data_esito>19/10/2021</data_esito><tipo_esito/><motivo_inesito/><campo_aggiuntivo/><nome/><cognome/><indirizzo/><cap/><citta/><provincia/></Raccomandata><Raccomandata><nome_file>039149800_57_532.pdf</nome_file><codice_raccomandata>685632269197</codice_raccomandata><data_esito>19/10/2021</data_esito><tipo_esito/><motivo_inesito/><campo_aggiuntivo/><nome/><cognome/><indirizzo/><cap/><citta/><provincia/></Raccomandata><Raccomandata><nome_file>039149800_57_535.pdf</nome_file><codice_raccomandata>685632268766</codice_raccomandata><data_esito>19/10/2021</data_esito><tipo_esito/><motivo_inesito/><campo_aggiuntivo/><nome/><cognome/><indirizzo/><cap/><citta/><provincia/></Raccomandata><Raccomandata><nome_file>039149800_57_538.pdf</nome_file><codice_raccomandata>685632273854</codice_raccomandata><data_esito>19/10/2021</data_esito><tipo_esito/><motivo_inesito/><campo_aggiuntivo/><nome/><cognome/><indirizzo/><cap/><citta/><provincia/></Raccomandata><Raccomandata><nome_file>039149800_57_541.pdf</nome_file><codice_raccomandata>685632280179</codice_raccomandata><data_esito>19/10/2021</data_esito><tipo_esito/><motivo_inesito/><campo_aggiuntivo/><nome/><cognome/><indirizzo/><cap/><citta/><provincia/></Raccomandata><Raccomandata><nome_file>039149800_57_544.pdf</nome_file><codice_raccomandata>685632275629</codice_raccomandata><data_esito>19/10/2021</data_esito><tipo_esito/><motivo_inesito/><campo_aggiuntivo/><nome/><cognome/><indirizzo/><cap/><citta/><provincia/></Raccomandata><Raccomandata><nome_file>039149800_57_547.pdf</nome_file><codice_raccomandata>685632280579</codice_raccomandata><data_esito>19/10/2021</data_esito><tipo_esito/><motivo_inesito/><campo_aggiuntivo/><nome/><cognome/><indirizzo/><cap/><citta/><provincia/></Raccomandata><Raccomandata><nome_file>039149800_57_550.pdf</nome_file><codice_raccomandata>685632284323</codice_raccomandata><data_esito>23/10/2021</data_esito><tipo_esito/><motivo_inesito/><campo_aggiuntivo/><nome/><cognome/><indirizzo/><cap/><citta/><provincia/></Raccomandata><Raccomandata><nome_file>039149800_57_553.pdf</nome_file><codice_raccomandata>685632269027</codice_raccomandata><data_esito>20/10/2021</data_esito><tipo_esito/><motivo_inesito/><campo_aggiuntivo/><nome/><cognome/><indirizzo/><cap/><citta/><provincia/></Raccomandata><Raccomandata><nome_file>039149800_57_556.pdf</nome_file><codice_raccomandata>685632264808</codice_raccomandata><data_esito>19/10/2021</data_esito><tipo_esito/><motivo_inesito/><campo_aggiuntivo/><nome/><cognome/><indirizzo/><cap/><citta/><provincia/></Raccomandata><Raccomandata><nome_file>039149800_57_559.pdf</nome_file><codice_raccomandata>685632274902</codice_raccomandata><data_esito>19/10/2021</data_esito><tipo_esito/><motivo_inesito/><campo_aggiuntivo/><nome/><cognome/><indirizzo/><cap/><citta/><provincia/></Raccomandata><Raccomandata><nome_file>039149800_57_562.pdf</nome_file><codice_raccomandata>685632267162</codice_raccomandata><data_esito>19/10/2021</data_esito><tipo_esito/><motivo_inesito/><campo_aggiuntivo/><nome/><cognome/><indirizzo/><cap/><citta/><provincia/></Raccomandata><Raccomandata><nome_file>039149800_57_565.pdf</nome_file><codice_raccomandata>685632265387</codice_raccomandata><data_esito>19/10/2021</data_esito><tipo_esito/><motivo_inesito/><campo_aggiuntivo/><nome/><cognome/><indirizzo/><cap/><citta/><provincia/></Raccomandata><Raccomandata><nome_file>039149800_57_568.pdf</nome_file><codice_raccomandata>685632280000</codice_raccomandata><data_esito>19/10/2021</data_esito><tipo_esito/><motivo_inesito/><campo_aggiuntivo/><nome/><cognome/><indirizzo/><cap/><citta/><provincia/></Raccomandata><Raccomandata><nome_file>039149800_57_571.pdf</nome_file><codice_raccomandata>685632268298</codice_raccomandata><data_esito>19/10/2021</data_esito><tipo_esito/><motivo_inesito/><campo_aggiuntivo/><nome/><cognome/><indirizzo/><cap/><citta/><provincia/></Raccomandata><Raccomandata><nome_file>039149800_57_574.pdf</nome_file><codice_raccomandata>685632272341</codice_raccomandata><data_esito>19/10/2021</data_esito><tipo_esito/><motivo_inesito/><campo_aggiuntivo/><nome/><cognome/><indirizzo/><cap/><citta/><provincia/></Raccomandata><Raccomandata><nome_file>039149800_57_577.pdf</nome_file><codice_raccomandata>685632272157</codice_raccomandata><data_esito>19/10/2021</data_esito><tipo_esito/><motivo_inesito/><campo_aggiuntivo/><nome/><cognome/><indirizzo/><cap/><citta/><provincia/></Raccomandata><Raccomandata><nome_file>039149800_57_580.pdf</nome_file><codice_raccomandata>685632276208</codice_raccomandata><data_esito>19/10/2021</data_esito><tipo_esito/><motivo_inesito/><campo_aggiuntivo/><nome/><cognome/><indirizzo/><cap/><citta/><provincia/></Raccomandata><Raccomandata><nome_file>039149800_57_583.pdf</nome_file><codice_raccomandata>685632269222</codice_raccomandata><data_esito>19/10/2021</data_esito><tipo_esito/><motivo_inesito/><campo_aggiuntivo/><nome/><cognome/><indirizzo/><cap/><citta/><provincia/></Raccomandata><Raccomandata><nome_file>039149800_57_586.pdf</nome_file><codice_raccomandata>685632269427</codice_raccomandata><data_esito>19/10/2021</data_esito><tipo_esito/><motivo_inesito/><campo_aggiuntivo/><nome/><cognome/><indirizzo/><cap/><citta/><provincia/></Raccomandata><Raccomandata><nome_file>039149800_57_589.pdf</nome_file><codice_raccomandata>685632268892</codice_raccomandata><data_esito>19/10/2021</data_esito><tipo_esito/><motivo_inesito/><campo_aggiuntivo/><nome/><cognome/><indirizzo/><cap/><citta/><provincia/></Raccomandata><Raccomandata><nome_file>039149800_57_592.pdf</nome_file><codice_raccomandata>685632263806</codice_raccomandata><data_esito>19/10/2021</data_esito><tipo_esito/><motivo_inesito/><campo_aggiuntivo/><nome/><cognome/><indirizzo/><cap/><citta/><provincia/></Raccomandata><Raccomandata><nome_file>039149800_57_595.pdf</nome_file><codice_raccomandata>685632269677</codice_raccomandata><data_esito>19/10/2021</data_esito><tipo_esito/><motivo_inesito/><campo_aggiuntivo/><nome/><cognome/><indirizzo/><cap/><citta/><provincia/></Raccomandata><Raccomandata><nome_file>039149800_57_598.pdf</nome_file><codice_raccomandata>685632269916</codice_raccomandata><data_esito>19/10/2021</data_esito><tipo_esito/><motivo_inesito/><campo_aggiuntivo/><nome/><cognome/><indirizzo/><cap/><citta/><provincia/></Raccomandata><Raccomandata><nome_file>039149800_57_601.pdf</nome_file><codice_raccomandata>685632268232</codice_raccomandata><data_esito>19/10/2021</data_esito><tipo_esito/><motivo_inesito/><campo_aggiuntivo/><nome/><cognome/><indirizzo/><cap/><citta/><provincia/></Raccomandata><Raccomandata><nome_file>039149800_57_604.pdf</nome_file><codice_raccomandata>685632281967</codice_raccomandata><data_esito>19/10/2021</data_esito><tipo_esito/><motivo_inesito/><campo_aggiuntivo/><nome/><cognome/><indirizzo/><cap/><citta/><provincia/></Raccomandata><Raccomandata><nome_file>039149800_57_607.pdf</nome_file><codice_raccomandata>685632280250</codice_raccomandata><data_esito>19/10/2021</data_esito><tipo_esito/><motivo_inesito/><campo_aggiuntivo/><nome/><cognome/><indirizzo/><cap/><citta/><provincia/></Raccomandata><Raccomandata><nome_file>039149800_57_610.pdf</nome_file><codice_raccomandata>685632269051</codice_raccomandata><data_esito>19/10/2021</data_esito><tipo_esito/><motivo_inesito/><campo_aggiuntivo/><nome/><cognome/><indirizzo/><cap/><citta/><provincia/></Raccomandata><Raccomandata><nome_file>039149800_57_613.pdf</nome_file><codice_raccomandata>685632268620</codice_raccomandata><data_esito>19/10/2021</data_esito><tipo_esito/><motivo_inesito/><campo_aggiuntivo/><nome/><cognome/><indirizzo/><cap/><citta/><provincia/></Raccomandata><Raccomandata><nome_file>039149800_57_616.pdf</nome_file><codice_raccomandata>685632269370</codice_raccomandata><data_esito>19/10/2021</data_esito><tipo_esito/><motivo_inesito/><campo_aggiuntivo/><nome/><cognome/><indirizzo/><cap/><citta/><provincia/></Raccomandata><Raccomandata><nome_file>039149800_57_619.pdf</nome_file><codice_raccomandata>685632282297</codice_raccomandata><data_esito>19/10/2021</data_esito><tipo_esito/><motivo_inesito/><campo_aggiuntivo/><nome/><cognome/><indirizzo/><cap/><citta/><provincia/></Raccomandata><Raccomandata><nome_file>039149800_57_622.pdf</nome_file><codice_raccomandata>685632271556</codice_raccomandata><data_esito>19/10/2021</data_esito><tipo_esito/><motivo_inesito/><campo_aggiuntivo/><nome/><cognome/><indirizzo/><cap/><citta/><provincia/></Raccomandata><Raccomandata><nome_file>039149800_57_625.pdf</nome_file><codice_raccomandata>685632272864</codice_raccomandata><data_esito>19/10/2021</data_esito><tipo_esito/><motivo_inesito/><campo_aggiuntivo/><nome/><cognome/><indirizzo/><cap/><citta/><provincia/></Raccomandata><Raccomandata><nome_file>039149800_57_628.pdf</nome_file><codice_raccomandata>685632280421</codice_raccomandata><data_esito>19/10/2021</data_esito><tipo_esito/><motivo_inesito/><campo_aggiuntivo/><nome/><cognome/><indirizzo/><cap/><citta/><provincia/></Raccomandata><Raccomandata><nome_file>039149800_57_631.pdf</nome_file><codice_raccomandata>685632271420</codice_raccomandata><data_esito>19/10/2021</data_esito><tipo_esito/><motivo_inesito/><campo_aggiuntivo/><nome/><cognome/><indirizzo/><cap/><citta/><provincia/></Raccomandata><Raccomandata><nome_file>039149800_57_634.pdf</nome_file><codice_raccomandata>685632268141</codice_raccomandata><data_esito>19/10/2021</data_esito><tipo_esito/><motivo_inesito/><campo_aggiuntivo/><nome/><cognome/><indirizzo/><cap/><citta/><provincia/></Raccomandata><Raccomandata><nome_file>039149800_57_637.pdf</nome_file><codice_raccomandata>685632271431</codice_raccomandata><data_esito>19/10/2021</data_esito><tipo_esito/><motivo_inesito/><campo_aggiuntivo/><nome/><cognome/><indirizzo/><cap/><citta/><provincia/></Raccomandata><Raccomandata><nome_file>039149800_57_640.pdf</nome_file><codice_raccomandata>685632279986</codice_raccomandata><data_esito>19/10/2021</data_esito><tipo_esito/><motivo_inesito/><campo_aggiuntivo/><nome/><cognome/><indirizzo/><cap/><citta/><provincia/></Raccomandata><Raccomandata><nome_file>039149800_57_643.pdf</nome_file><codice_raccomandata>685632268551</codice_raccomandata><data_esito>19/10/2021</data_esito><tipo_esito/><motivo_inesito/><campo_aggiuntivo/><nome/><cognome/><indirizzo/><cap/><citta/><provincia/></Raccomandata><Raccomandata><nome_file>039149800_57_646.pdf</nome_file><codice_raccomandata>685632268026</codice_raccomandata><data_esito>19/10/2021</data_esito><tipo_esito/><motivo_inesito/><campo_aggiuntivo/><nome/><cognome/><indirizzo/><cap/><citta/><provincia/></Raccomandata><Raccomandata><nome_file>039149800_57_649.pdf</nome_file><codice_raccomandata>685632282264</codice_raccomandata><data_esito>18/10/2021</data_esito><tipo_esito/><motivo_inesito/><campo_aggiuntivo/><nome/><cognome/><indirizzo/><cap/><citta/><provincia/></Raccomandata><Raccomandata><nome_file>039149800_57_652.pdf</nome_file><codice_raccomandata>685632264693</codice_raccomandata><data_esito>19/10/2021</data_esito><tipo_esito/><motivo_inesito/><campo_aggiuntivo/><nome/><cognome/><indirizzo/><cap/><citta/><provincia/></Raccomandata><Raccomandata><nome_file>039149800_57_655.pdf</nome_file><codice_raccomandata>685632270463</codice_raccomandata><data_esito>19/10/2021</data_esito><tipo_esito/><motivo_inesito/><campo_aggiuntivo/><nome/><cognome/><indirizzo/><cap/><citta/><provincia/></Raccomandata><Raccomandata><nome_file>039149800_57_658.pdf</nome_file><codice_raccomandata>685632280911</codice_raccomandata><data_esito>20/10/2021</data_esito><tipo_esito/><motivo_inesito/><campo_aggiuntivo/><nome/><cognome/><indirizzo/><cap/><citta/><provincia/></Raccomandata><Raccomandata><nome_file>039149800_57_661.pdf</nome_file><codice_raccomandata>685632265456</codice_raccomandata><data_esito>19/10/2021</data_esito><tipo_esito/><motivo_inesito/><campo_aggiuntivo/><nome/><cognome/><indirizzo/><cap/><citta/><provincia/></Raccomandata><Raccomandata><nome_file>039149800_57_664.pdf</nome_file><codice_raccomandata>685632263681</codice_raccomandata><data_esito>19/10/2021</data_esito><tipo_esito/><motivo_inesito/><campo_aggiuntivo/><nome/><cognome/><indirizzo/><cap/><citta/><provincia/></Raccomandata><Raccomandata><nome_file>039149800_57_667.pdf</nome_file><codice_raccomandata>685632269552</codice_raccomandata><data_esito>19/10/2021</data_esito><tipo_esito/><motivo_inesito/><campo_aggiuntivo/><nome/><cognome/><indirizzo/><cap/><citta/><provincia/></Raccomandata><Raccomandata><nome_file>039149800_57_670.pdf</nome_file><codice_raccomandata>685632273056</codice_raccomandata><data_esito>19/10/2021</data_esito><tipo_esito/><motivo_inesito/><campo_aggiuntivo/><nome/><cognome/><indirizzo/><cap/><citta/><provincia/></Raccomandata><Raccomandata><nome_file>039149800_57_673.pdf</nome_file><codice_raccomandata>685632263692</codice_raccomandata><data_esito>19/10/2021</data_esito><tipo_esito/><motivo_inesito/><campo_aggiuntivo/><nome/><cognome/><indirizzo/><cap/><citta/><provincia/></Raccomandata><Raccomandata><nome_file>039149800_57_676.pdf</nome_file><codice_raccomandata>685632269131</codice_raccomandata><data_esito>19/10/2021</data_esito><tipo_esito/><motivo_inesito/><campo_aggiuntivo/><nome/><cognome/><indirizzo/><cap/><citta/><provincia/></Raccomandata><Raccomandata><nome_file>039149800_57_679.pdf</nome_file><codice_raccomandata>685632268961</codice_raccomandata><data_esito>19/10/2021</data_esito><tipo_esito/><motivo_inesito/><campo_aggiuntivo/><nome/><cognome/><indirizzo/><cap/><citta/><provincia/></Raccomandata><Raccomandata><nome_file>039149800_57_682.pdf</nome_file><codice_raccomandata>685632269325</codice_raccomandata><data_esito>19/10/2021</data_esito><tipo_esito/><motivo_inesito/><campo_aggiuntivo/><nome/><cognome/><indirizzo/><cap/><citta/><provincia/></Raccomandata><Raccomandata><nome_file>039149800_57_685.pdf</nome_file><codice_raccomandata>685632283765</codice_raccomandata><data_esito>19/10/2021</data_esito><tipo_esito/><motivo_inesito/><campo_aggiuntivo/><nome/><cognome/><indirizzo/><cap/><citta/><provincia/></Raccomandata><Raccomandata><nome_file>039149800_57_688.pdf</nome_file><codice_raccomandata>685632269699</codice_raccomandata><data_esito>19/10/2021</data_esito><tipo_esito/><motivo_inesito/><campo_aggiuntivo/><nome/><cognome/><indirizzo/><cap/><citta/><provincia/></Raccomandata><Raccomandata><nome_file>039149800_57_691.pdf</nome_file><codice_raccomandata>685632281034</codice_raccomandata><data_esito>20/10/2021</data_esito><tipo_esito/><motivo_inesito/><campo_aggiuntivo/><nome/><cognome/><indirizzo/><cap/><citta/><provincia/></Raccomandata><Raccomandata><nome_file>039149800_57_694.pdf</nome_file><codice_raccomandata>685632282024</codice_raccomandata><data_esito>20/10/2021</data_esito><tipo_esito/><motivo_inesito/><campo_aggiuntivo/><nome/><cognome/><indirizzo/><cap/><citta/><provincia/></Raccomandata><Raccomandata><nome_file>039149800_57_697.pdf</nome_file><codice_raccomandata>685632271726</codice_raccomandata><data_esito>19/10/2021</data_esito><tipo_esito/><motivo_inesito/><campo_aggiuntivo/><nome/><cognome/><indirizzo/><cap/><citta/><provincia/></Raccomandata><Raccomandata><nome_file>039149800_57_700.pdf</nome_file><codice_raccomandata>685632283732</codice_raccomandata><data_esito>19/10/2021</data_esito><tipo_esito/><motivo_inesito/><campo_aggiuntivo/><nome/><cognome/><indirizzo/><cap/><citta/><provincia/></Raccomandata><Raccomandata><nome_file>039149800_57_703.pdf</nome_file><codice_raccomandata>685632272329</codice_raccomandata><data_esito>22/10/2021</data_esito><tipo_esito/><motivo_inesito/><campo_aggiuntivo/><nome/><cognome/><indirizzo/><cap/><citta/><provincia/></Raccomandata><Raccomandata><nome_file>039149800_57_706.pdf</nome_file><codice_raccomandata>685632269529</codice_raccomandata><data_esito>23/10/2021</data_esito><tipo_esito/><motivo_inesito/><campo_aggiuntivo/><nome/><cognome/><indirizzo/><cap/><citta/><provincia/></Raccomandata></Spedizione>
