<Spedizione Cliente="Z0088629" Archivio="IDF15090010_I.zip" Filename="IDF15090010_I.xml" NumeroRaccomandate="79"><Raccomandata><nome_file>039143800_57_7.pdf</nome_file><codice_raccomandata>685632283982</codice_raccomandata><data_esito/><tipo_esito/><motivo_inesito>02</motivo_inesito><campo_aggiuntivo/><nome/><cognome/><indirizzo/><cap/><citta/><provincia/></Raccomandata><Raccomandata><nome_file>039143800_57_10.pdf</nome_file><codice_raccomandata>685632283823</codice_raccomandata><data_esito/><tipo_esito/><motivo_inesito>02</motivo_inesito><campo_aggiuntivo/><nome/><cognome/><indirizzo/><cap/><citta/><provincia/></Raccomandata><Raccomandata><nome_file>039143800_57_13.pdf</nome_file><codice_raccomandata>685632283322</codice_raccomandata><data_esito/><tipo_esito/><motivo_inesito>02</motivo_inesito><campo_aggiuntivo/><nome/><cognome/><indirizzo/><cap/><citta/><provincia/></Raccomandata><Raccomandata><nome_file>039143800_57_16.pdf</nome_file><codice_raccomandata>685632271885</codice_raccomandata><data_esito/><tipo_esito/><motivo_inesito>02</motivo_inesito><campo_aggiuntivo/><nome/><cognome/><indirizzo/><cap/><citta/><provincia/></Raccomandata><Raccomandata><nome_file>039143800_57_19.pdf</nome_file><codice_raccomandata>685632271817</codice_raccomandata><data_esito/><tipo_esito/><motivo_inesito>02</motivo_inesito><campo_aggiuntivo/><nome/><cognome/><indirizzo/><cap/><citta/><provincia/></Raccomandata><Raccomandata><nome_file>039143800_57_22.pdf</nome_file><codice_raccomandata>685632268824</codice_raccomandata><data_esito/><tipo_esito/><motivo_inesito>02</motivo_inesito><campo_aggiuntivo/><nome/><cognome/><indirizzo/><cap/><citta/><provincia/></Raccomandata><Raccomandata><nome_file>039143800_57_25.pdf</nome_file><codice_raccomandata>685632268755</codice_raccomandata><data_esito/><tipo_esito/><motivo_inesito>02</motivo_inesito><campo_aggiuntivo/><nome/><cognome/><indirizzo/><cap/><citta/><provincia/></Raccomandata><Raccomandata><nome_file>039143800_57_28.pdf</nome_file><codice_raccomandata>685632282115</codice_raccomandata><data_esito/><tipo_esito/><motivo_inesito>02</motivo_inesito><campo_aggiuntivo/><nome/><cognome/><indirizzo/><cap/><citta/><provincia/></Raccomandata><Raccomandata><nome_file>039143800_57_31.pdf</nome_file><codice_raccomandata>685632263669</codice_raccomandata><data_esito/><tipo_esito/><motivo_inesito>02</motivo_inesito><campo_aggiuntivo/><nome/><cognome/><indirizzo/><cap/><citta/><provincia/></Raccomandata><Raccomandata><nome_file>039143800_57_34.pdf</nome_file><codice_raccomandata>685632269621</codice_raccomandata><data_esito/><tipo_esito/><motivo_inesito>02</motivo_inesito><campo_aggiuntivo/><nome/><cognome/><indirizzo/><cap/><citta/><provincia/></Raccomandata><Raccomandata><nome_file>039143800_57_37.pdf</nome_file><codice_raccomandata>685632276288</codice_raccomandata><data_esito/><tipo_esito/><motivo_inesito>02</motivo_inesito><campo_aggiuntivo/><nome/><cognome/><indirizzo/><cap/><citta/><provincia/></Raccomandata><Raccomandata><nome_file>039143800_57_40.pdf</nome_file><codice_raccomandata>685632267151</codice_raccomandata><data_esito/><tipo_esito/><motivo_inesito>02</motivo_inesito><campo_aggiuntivo/><nome/><cognome/><indirizzo/><cap/><citta/><provincia/></Raccomandata><Raccomandata><nome_file>039143800_57_43.pdf</nome_file><codice_raccomandata>685632279305</codice_raccomandata><data_esito/><tipo_esito/><motivo_inesito>02</motivo_inesito><campo_aggiuntivo/><nome/><cognome/><indirizzo/><cap/><citta/><provincia/></Raccomandata><Raccomandata><nome_file>039143800_57_46.pdf</nome_file><codice_raccomandata>685632272660</codice_raccomandata><data_esito/><tipo_esito/><motivo_inesito>02</motivo_inesito><campo_aggiuntivo/><nome/><cognome/><indirizzo/><cap/><citta/><provincia/></Raccomandata><Raccomandata><nome_file>039143800_57_49.pdf</nome_file><codice_raccomandata>685632272671</codice_raccomandata><data_esito/><tipo_esito/><motivo_inesito>02</motivo_inesito><campo_aggiuntivo/><nome/><cognome/><indirizzo/><cap/><citta/><provincia/></Raccomandata><Raccomandata><nome_file>039143800_57_52.pdf</nome_file><codice_raccomandata>685632264762</codice_raccomandata><data_esito/><tipo_esito/><motivo_inesito>02</motivo_inesito><campo_aggiuntivo/><nome/><cognome/><indirizzo/><cap/><citta/><provincia/></Raccomandata><Raccomandata><nome_file>039143800_57_55.pdf</nome_file><codice_raccomandata>685632265193</codice_raccomandata><data_esito/><tipo_esito/><motivo_inesito>02</motivo_inesito><campo_aggiuntivo/><nome/><cognome/><indirizzo/><cap/><citta/><provincia/></Raccomandata><Raccomandata><nome_file>039143800_57_58.pdf</nome_file><codice_raccomandata>685632269518</codice_raccomandata><data_esito/><tipo_esito/><motivo_inesito>02</motivo_inesito><campo_aggiuntivo/><nome/><cognome/><indirizzo/><cap/><citta/><provincia/></Raccomandata><Raccomandata><nome_file>039143800_57_61.pdf</nome_file><codice_raccomandata>685631986559</codice_raccomandata><data_esito/><tipo_esito/><motivo_inesito>02</motivo_inesito><campo_aggiuntivo/><nome/><cognome/><indirizzo/><cap/><citta/><provincia/></Raccomandata><Raccomandata><nome_file>039143800_57_64.pdf</nome_file><codice_raccomandata>685632279430</codice_raccomandata><data_esito/><tipo_esito/><motivo_inesito>02</motivo_inesito><campo_aggiuntivo/><nome/><cognome/><indirizzo/><cap/><citta/><provincia/></Raccomandata><Raccomandata><nome_file>039143800_57_67.pdf</nome_file><codice_raccomandata>685632270679</codice_raccomandata><data_esito/><tipo_esito/><motivo_inesito>02</motivo_inesito><campo_aggiuntivo/><nome/><cognome/><indirizzo/><cap/><citta/><provincia/></Raccomandata><Raccomandata><nome_file>039143800_57_70.pdf</nome_file><codice_raccomandata>685632275082</codice_raccomandata><data_esito/><tipo_esito/><motivo_inesito>02</motivo_inesito><campo_aggiuntivo/><nome/><cognome/><indirizzo/><cap/><citta/><provincia/></Raccomandata><Raccomandata><nome_file>039143800_57_73.pdf</nome_file><codice_raccomandata>685632270827</codice_raccomandata><data_esito/><tipo_esito/><motivo_inesito>02</motivo_inesito><campo_aggiuntivo/><nome/><cognome/><indirizzo/><cap/><citta/><provincia/></Raccomandata><Raccomandata><nome_file>039143800_57_76.pdf</nome_file><codice_raccomandata>685632283947</codice_raccomandata><data_esito/><tipo_esito/><motivo_inesito>02</motivo_inesito><campo_aggiuntivo/><nome/><cognome/><indirizzo/><cap/><citta/><provincia/></Raccomandata><Raccomandata><nome_file>039143800_57_79.pdf</nome_file><codice_raccomandata>685632275492</codice_raccomandata><data_esito/><tipo_esito/><motivo_inesito>02</motivo_inesito><campo_aggiuntivo/><nome/><cognome/><indirizzo/><cap/><citta/><provincia/></Raccomandata><Raccomandata><nome_file>039143800_57_82.pdf</nome_file><codice_raccomandata>685632270338</codice_raccomandata><data_esito/><tipo_esito/><motivo_inesito>04</motivo_inesito><campo_aggiuntivo/><nome/><cognome/><indirizzo/><cap/><citta/><provincia/></Raccomandata><Raccomandata><nome_file>039143800_57_85.pdf</nome_file><codice_raccomandata>685632279018</codice_raccomandata><data_esito/><tipo_esito/><motivo_inesito>04</motivo_inesito><campo_aggiuntivo/><nome/><cognome/><indirizzo/><cap/><citta/><provincia/></Raccomandata><Raccomandata><nome_file>039143800_57_88.pdf</nome_file><codice_raccomandata>685632283470</codice_raccomandata><data_esito/><tipo_esito/><motivo_inesito>04</motivo_inesito><campo_aggiuntivo/><nome/><cognome/><indirizzo/><cap/><citta/><provincia/></Raccomandata><Raccomandata><nome_file>039143800_57_91.pdf</nome_file><codice_raccomandata>685632268174</codice_raccomandata><data_esito/><tipo_esito/><motivo_inesito>04</motivo_inesito><campo_aggiuntivo/><nome/><cognome/><indirizzo/><cap/><citta/><provincia/></Raccomandata><Raccomandata><nome_file>039143800_57_94.pdf</nome_file><codice_raccomandata>685632275891</codice_raccomandata><data_esito/><tipo_esito/><motivo_inesito>04</motivo_inesito><campo_aggiuntivo/><nome/><cognome/><indirizzo/><cap/><citta/><provincia/></Raccomandata><Raccomandata><nome_file>039143800_57_97.pdf</nome_file><codice_raccomandata>685632269836</codice_raccomandata><data_esito/><tipo_esito/><motivo_inesito>04</motivo_inesito><campo_aggiuntivo/><nome/><cognome/><indirizzo/><cap/><citta/><provincia/></Raccomandata><Raccomandata><nome_file>039143800_57_100.pdf</nome_file><codice_raccomandata>685632264751</codice_raccomandata><data_esito/><tipo_esito/><motivo_inesito>04</motivo_inesito><campo_aggiuntivo/><nome/><cognome/><indirizzo/><cap/><citta/><provincia/></Raccomandata><Raccomandata><nome_file>039143800_57_103.pdf</nome_file><codice_raccomandata>685631987641</codice_raccomandata><data_esito/><tipo_esito/><motivo_inesito>04</motivo_inesito><campo_aggiuntivo/><nome/><cognome/><indirizzo/><cap/><citta/><provincia/></Raccomandata><Raccomandata><nome_file>039143800_57_106.pdf</nome_file><codice_raccomandata>685632268379</codice_raccomandata><data_esito/><tipo_esito/><motivo_inesito>04</motivo_inesito><campo_aggiuntivo/><nome/><cognome/><indirizzo/><cap/><citta/><provincia/></Raccomandata><Raccomandata><nome_file>039143800_57_109.pdf</nome_file><codice_raccomandata>685632280625</codice_raccomandata><data_esito/><tipo_esito/><motivo_inesito>04</motivo_inesito><campo_aggiuntivo/><nome/><cognome/><indirizzo/><cap/><citta/><provincia/></Raccomandata><Raccomandata><nome_file>039143800_57_112.pdf</nome_file><codice_raccomandata>685632279532</codice_raccomandata><data_esito/><tipo_esito/><motivo_inesito>04</motivo_inesito><campo_aggiuntivo/><nome/><cognome/><indirizzo/><cap/><citta/><provincia/></Raccomandata><Raccomandata><nome_file>039143800_57_115.pdf</nome_file><codice_raccomandata>685632281183</codice_raccomandata><data_esito/><tipo_esito/><motivo_inesito>04</motivo_inesito><campo_aggiuntivo/><nome/><cognome/><indirizzo/><cap/><citta/><provincia/></Raccomandata><Raccomandata><nome_file>039143800_57_118.pdf</nome_file><codice_raccomandata>685632277893</codice_raccomandata><data_esito/><tipo_esito/><motivo_inesito>03</motivo_inesito><campo_aggiuntivo/><nome/><cognome/><indirizzo/><cap/><citta/><provincia/></Raccomandata><Raccomandata><nome_file>039143800_57_121.pdf</nome_file><codice_raccomandata>685632270384</codice_raccomandata><data_esito/><tipo_esito/><motivo_inesito>03</motivo_inesito><campo_aggiuntivo/><nome/><cognome/><indirizzo/><cap/><citta/><provincia/></Raccomandata><Raccomandata><nome_file>039143800_57_124.pdf</nome_file><codice_raccomandata>685632265262</codice_raccomandata><data_esito/><tipo_esito/><motivo_inesito>03</motivo_inesito><campo_aggiuntivo/><nome/><cognome/><indirizzo/><cap/><citta/><provincia/></Raccomandata><Raccomandata><nome_file>039143800_57_127.pdf</nome_file><codice_raccomandata>685632265284</codice_raccomandata><data_esito/><tipo_esito/><motivo_inesito>03</motivo_inesito><campo_aggiuntivo/><nome/><cognome/><indirizzo/><cap/><citta/><provincia/></Raccomandata><Raccomandata><nome_file>039143800_57_130.pdf</nome_file><codice_raccomandata>685632265273</codice_raccomandata><data_esito/><tipo_esito/><motivo_inesito>03</motivo_inesito><campo_aggiuntivo/><nome/><cognome/><indirizzo/><cap/><citta/><provincia/></Raccomandata><Raccomandata><nome_file>039143800_57_133.pdf</nome_file><codice_raccomandata>685632269803</codice_raccomandata><data_esito/><tipo_esito/><motivo_inesito>03</motivo_inesito><campo_aggiuntivo/><nome/><cognome/><indirizzo/><cap/><citta/><provincia/></Raccomandata><Raccomandata><nome_file>039143800_57_136.pdf</nome_file><codice_raccomandata>685632269791</codice_raccomandata><data_esito/><tipo_esito/><motivo_inesito>03</motivo_inesito><campo_aggiuntivo/><nome/><cognome/><indirizzo/><cap/><citta/><provincia/></Raccomandata><Raccomandata><nome_file>039143800_57_139.pdf</nome_file><codice_raccomandata>685632282401</codice_raccomandata><data_esito/><tipo_esito/><motivo_inesito>03</motivo_inesito><campo_aggiuntivo/><nome/><cognome/><indirizzo/><cap/><citta/><provincia/></Raccomandata><Raccomandata><nome_file>039143800_57_142.pdf</nome_file><codice_raccomandata>685632270509</codice_raccomandata><data_esito/><tipo_esito/><motivo_inesito>03</motivo_inesito><campo_aggiuntivo/><nome/><cognome/><indirizzo/><cap/><citta/><provincia/></Raccomandata><Raccomandata><nome_file>039143800_57_145.pdf</nome_file><codice_raccomandata>685632280773</codice_raccomandata><data_esito/><tipo_esito/><motivo_inesito>03</motivo_inesito><campo_aggiuntivo/><nome/><cognome/><indirizzo/><cap/><citta/><provincia/></Raccomandata><Raccomandata><nome_file>039143800_57_148.pdf</nome_file><codice_raccomandata>685632276380</codice_raccomandata><data_esito/><tipo_esito/><motivo_inesito>03</motivo_inesito><campo_aggiuntivo/><nome/><cognome/><indirizzo/><cap/><citta/><provincia/></Raccomandata><Raccomandata><nome_file>039143800_57_151.pdf</nome_file><codice_raccomandata>685632264784</codice_raccomandata><data_esito/><tipo_esito/><motivo_inesito>03</motivo_inesito><campo_aggiuntivo/><nome/><cognome/><indirizzo/><cap/><citta/><provincia/></Raccomandata><Raccomandata><nome_file>039143800_57_154.pdf</nome_file><codice_raccomandata>685632279714</codice_raccomandata><data_esito/><tipo_esito/><motivo_inesito>03</motivo_inesito><campo_aggiuntivo/><nome/><cognome/><indirizzo/><cap/><citta/><provincia/></Raccomandata><Raccomandata><nome_file>039143800_57_157.pdf</nome_file><codice_raccomandata>685632278633</codice_raccomandata><data_esito/><tipo_esito/><motivo_inesito>03</motivo_inesito><campo_aggiuntivo/><nome/><cognome/><indirizzo/><cap/><citta/><provincia/></Raccomandata><Raccomandata><nome_file>039143800_57_160.pdf</nome_file><codice_raccomandata>685632265056</codice_raccomandata><data_esito/><tipo_esito/><motivo_inesito>03</motivo_inesito><campo_aggiuntivo/><nome/><cognome/><indirizzo/><cap/><citta/><provincia/></Raccomandata><Raccomandata><nome_file>039143800_57_163.pdf</nome_file><codice_raccomandata>685632268219</codice_raccomandata><data_esito/><tipo_esito/><motivo_inesito>03</motivo_inesito><campo_aggiuntivo/><nome/><cognome/><indirizzo/><cap/><citta/><provincia/></Raccomandata><Raccomandata><nome_file>039143800_57_166.pdf</nome_file><codice_raccomandata>685632271009</codice_raccomandata><data_esito/><tipo_esito/><motivo_inesito>01</motivo_inesito><campo_aggiuntivo/><nome/><cognome/><indirizzo/><cap/><citta/><provincia/></Raccomandata><Raccomandata><nome_file>039143800_57_169.pdf</nome_file><codice_raccomandata>685632274344</codice_raccomandata><data_esito/><tipo_esito/><motivo_inesito>01</motivo_inesito><campo_aggiuntivo/><nome/><cognome/><indirizzo/><cap/><citta/><provincia/></Raccomandata><Raccomandata><nome_file>039143800_57_172.pdf</nome_file><codice_raccomandata>685632275550</codice_raccomandata><data_esito/><tipo_esito/><motivo_inesito>01</motivo_inesito><campo_aggiuntivo/><nome/><cognome/><indirizzo/><cap/><citta/><provincia/></Raccomandata><Raccomandata><nome_file>039143800_57_175.pdf</nome_file><codice_raccomandata>685632269175</codice_raccomandata><data_esito/><tipo_esito/><motivo_inesito>01</motivo_inesito><campo_aggiuntivo/><nome/><cognome/><indirizzo/><cap/><citta/><provincia/></Raccomandata><Raccomandata><nome_file>039143800_57_178.pdf</nome_file><codice_raccomandata>685632270668</codice_raccomandata><data_esito/><tipo_esito/><motivo_inesito>01</motivo_inesito><campo_aggiuntivo/><nome/><cognome/><indirizzo/><cap/><citta/><provincia/></Raccomandata><Raccomandata><nome_file>039143800_57_181.pdf</nome_file><codice_raccomandata>685632264842</codice_raccomandata><data_esito/><tipo_esito/><motivo_inesito>01</motivo_inesito><campo_aggiuntivo/><nome/><cognome/><indirizzo/><cap/><citta/><provincia/></Raccomandata><Raccomandata><nome_file>039143800_57_184.pdf</nome_file><codice_raccomandata>685632264455</codice_raccomandata><data_esito/><tipo_esito/><motivo_inesito>01</motivo_inesito><campo_aggiuntivo/><nome/><cognome/><indirizzo/><cap/><citta/><provincia/></Raccomandata><Raccomandata><nome_file>039143800_57_187.pdf</nome_file><codice_raccomandata>685632274321</codice_raccomandata><data_esito/><tipo_esito/><motivo_inesito>01</motivo_inesito><campo_aggiuntivo/><nome/><cognome/><indirizzo/><cap/><citta/><provincia/></Raccomandata><Raccomandata><nome_file>039143800_57_190.pdf</nome_file><codice_raccomandata>685632271396</codice_raccomandata><data_esito/><tipo_esito/><motivo_inesito>01</motivo_inesito><campo_aggiuntivo/><nome/><cognome/><indirizzo/><cap/><citta/><provincia/></Raccomandata><Raccomandata><nome_file>039143800_57_193.pdf</nome_file><codice_raccomandata>685632263852</codice_raccomandata><data_esito/><tipo_esito/><motivo_inesito>01</motivo_inesito><campo_aggiuntivo/><nome/><cognome/><indirizzo/><cap/><citta/><provincia/></Raccomandata><Raccomandata><nome_file>039143800_57_196.pdf</nome_file><codice_raccomandata>685632264157</codice_raccomandata><data_esito/><tipo_esito/><motivo_inesito>01</motivo_inesito><campo_aggiuntivo/><nome/><cognome/><indirizzo/><cap/><citta/><provincia/></Raccomandata><Raccomandata><nome_file>039143800_57_199.pdf</nome_file><codice_raccomandata>685632284175</codice_raccomandata><data_esito/><tipo_esito/><motivo_inesito>01</motivo_inesito><campo_aggiuntivo/><nome/><cognome/><indirizzo/><cap/><citta/><provincia/></Raccomandata><Raccomandata><nome_file>039143800_57_202.pdf</nome_file><codice_raccomandata>685632282366</codice_raccomandata><data_esito/><tipo_esito/><motivo_inesito>01</motivo_inesito><campo_aggiuntivo/><nome/><cognome/><indirizzo/><cap/><citta/><provincia/></Raccomandata><Raccomandata><nome_file>039143800_57_205.pdf</nome_file><codice_raccomandata>685632283254</codice_raccomandata><data_esito/><tipo_esito/><motivo_inesito>01</motivo_inesito><campo_aggiuntivo/><nome/><cognome/><indirizzo/><cap/><citta/><provincia/></Raccomandata><Raccomandata><nome_file>039143800_57_208.pdf</nome_file><codice_raccomandata>685632283685</codice_raccomandata><data_esito/><tipo_esito/><motivo_inesito>01</motivo_inesito><campo_aggiuntivo/><nome/><cognome/><indirizzo/><cap/><citta/><provincia/></Raccomandata><Raccomandata><nome_file>039143800_57_211.pdf</nome_file><codice_raccomandata>685632268835</codice_raccomandata><data_esito/><tipo_esito/><motivo_inesito>01</motivo_inesito><campo_aggiuntivo/><nome/><cognome/><indirizzo/><cap/><citta/><provincia/></Raccomandata><Raccomandata><nome_file>039143800_57_220.pdf</nome_file><codice_raccomandata>685632282593</codice_raccomandata><data_esito/><tipo_esito/><motivo_inesito>01</motivo_inesito><campo_aggiuntivo/><nome/><cognome/><indirizzo/><cap/><citta/><provincia/></Raccomandata><Raccomandata><nome_file>039143800_57_223.pdf</nome_file><codice_raccomandata>685632283776</codice_raccomandata><data_esito/><tipo_esito/><motivo_inesito>01</motivo_inesito><campo_aggiuntivo/><nome/><cognome/><indirizzo/><cap/><citta/><provincia/></Raccomandata><Raccomandata><nome_file>039143800_57_226.pdf</nome_file><codice_raccomandata>685632263454</codice_raccomandata><data_esito/><tipo_esito/><motivo_inesito>01</motivo_inesito><campo_aggiuntivo/><nome/><cognome/><indirizzo/><cap/><citta/><provincia/></Raccomandata><Raccomandata><nome_file>039143800_57_229.pdf</nome_file><codice_raccomandata>685632263829</codice_raccomandata><data_esito/><tipo_esito/><motivo_inesito>01</motivo_inesito><campo_aggiuntivo/><nome/><cognome/><indirizzo/><cap/><citta/><provincia/></Raccomandata><Raccomandata><nome_file>039143800_57_232.pdf</nome_file><codice_raccomandata>685632268324</codice_raccomandata><data_esito/><tipo_esito/><motivo_inesito>01</motivo_inesito><campo_aggiuntivo/><nome/><cognome/><indirizzo/><cap/><citta/><provincia/></Raccomandata><Raccomandata><nome_file>039143800_57_235.pdf</nome_file><codice_raccomandata>685632279884</codice_raccomandata><data_esito/><tipo_esito/><motivo_inesito>01</motivo_inesito><campo_aggiuntivo/><nome/><cognome/><indirizzo/><cap/><citta/><provincia/></Raccomandata><Raccomandata><nome_file>039143800_57_238.pdf</nome_file><codice_raccomandata>685632277916</codice_raccomandata><data_esito/><tipo_esito/><motivo_inesito>01</motivo_inesito><campo_aggiuntivo/><nome/><cognome/><indirizzo/><cap/><citta/><provincia/></Raccomandata><Raccomandata><nome_file>039143800_57_241.pdf</nome_file><codice_raccomandata>685632267173</codice_raccomandata><data_esito/><tipo_esito/><motivo_inesito>01</motivo_inesito><campo_aggiuntivo/><nome/><cognome/><indirizzo/><cap/><citta/><provincia/></Raccomandata><Raccomandata><nome_file>039143800_57_244.pdf</nome_file><codice_raccomandata>685632276244</codice_raccomandata><data_esito/><tipo_esito/><motivo_inesito>01</motivo_inesito><campo_aggiuntivo/><nome/><cognome/><indirizzo/><cap/><citta/><provincia/></Raccomandata><Raccomandata><nome_file>039143800_57_247.pdf</nome_file><codice_raccomandata>685632277860</codice_raccomandata><data_esito/><tipo_esito/><motivo_inesito>01</motivo_inesito><campo_aggiuntivo/><nome/><cognome/><indirizzo/><cap/><citta/><provincia/></Raccomandata></Spedizione>
