<Spedizione Cliente="Z0088629" Archivio="IDF15080006_E.zip" Filename="IDF15080006_E.xml" NumeroRaccomandate="342"><Raccomandata><nome_file>038466200_57_7.pdf</nome_file><codice_raccomandata>685631974827</codice_raccomandata><data_esito>04/10/2021</data_esito><tipo_esito/><motivo_inesito/><campo_aggiuntivo/><nome/><cognome/><indirizzo/><cap/><citta/><provincia/></Raccomandata><Raccomandata><nome_file>038466200_57_10.pdf</nome_file><codice_raccomandata>685631978684</codice_raccomandata><data_esito>07/10/2021</data_esito><tipo_esito/><motivo_inesito/><campo_aggiuntivo/><nome/><cognome/><indirizzo/><cap/><citta/><provincia/></Raccomandata><Raccomandata><nome_file>038466200_57_13.pdf</nome_file><codice_raccomandata>685631975965</codice_raccomandata><data_esito>05/10/2021</data_esito><tipo_esito/><motivo_inesito/><campo_aggiuntivo/><nome/><cognome/><indirizzo/><cap/><citta/><provincia/></Raccomandata><Raccomandata><nome_file>038466200_57_16.pdf</nome_file><codice_raccomandata>685631990394</codice_raccomandata><data_esito>05/10/2021</data_esito><tipo_esito/><motivo_inesito/><campo_aggiuntivo/><nome/><cognome/><indirizzo/><cap/><citta/><provincia/></Raccomandata><Raccomandata><nome_file>038466200_57_19.pdf</nome_file><codice_raccomandata>685631997610</codice_raccomandata><data_esito>05/10/2021</data_esito><tipo_esito/><motivo_inesito/><campo_aggiuntivo/><nome/><cognome/><indirizzo/><cap/><citta/><provincia/></Raccomandata><Raccomandata><nome_file>038466200_57_22.pdf</nome_file><codice_raccomandata>685631976226</codice_raccomandata><data_esito>05/10/2021</data_esito><tipo_esito/><motivo_inesito/><campo_aggiuntivo/><nome/><cognome/><indirizzo/><cap/><citta/><provincia/></Raccomandata><Raccomandata><nome_file>038466200_57_25.pdf</nome_file><codice_raccomandata>685631974338</codice_raccomandata><data_esito>27/09/2021</data_esito><tipo_esito/><motivo_inesito/><campo_aggiuntivo/><nome/><cognome/><indirizzo/><cap/><citta/><provincia/></Raccomandata><Raccomandata><nome_file>038466200_57_28.pdf</nome_file><codice_raccomandata>685631975681</codice_raccomandata><data_esito>04/10/2021</data_esito><tipo_esito/><motivo_inesito/><campo_aggiuntivo/><nome/><cognome/><indirizzo/><cap/><citta/><provincia/></Raccomandata><Raccomandata><nome_file>038466200_57_31.pdf</nome_file><codice_raccomandata>685631996868</codice_raccomandata><data_esito>02/10/2021</data_esito><tipo_esito/><motivo_inesito/><campo_aggiuntivo/><nome/><cognome/><indirizzo/><cap/><citta/><provincia/></Raccomandata><Raccomandata><nome_file>038466200_57_34.pdf</nome_file><codice_raccomandata>685631983453</codice_raccomandata><data_esito>02/10/2021</data_esito><tipo_esito/><motivo_inesito/><campo_aggiuntivo/><nome/><cognome/><indirizzo/><cap/><citta/><provincia/></Raccomandata><Raccomandata><nome_file>038466200_57_37.pdf</nome_file><codice_raccomandata>685631968466</codice_raccomandata><data_esito>05/10/2021</data_esito><tipo_esito/><motivo_inesito/><campo_aggiuntivo/><nome/><cognome/><indirizzo/><cap/><citta/><provincia/></Raccomandata><Raccomandata><nome_file>038466200_57_40.pdf</nome_file><codice_raccomandata>685631997609</codice_raccomandata><data_esito>05/10/2021</data_esito><tipo_esito/><motivo_inesito/><campo_aggiuntivo/><nome/><cognome/><indirizzo/><cap/><citta/><provincia/></Raccomandata><Raccomandata><nome_file>038466200_57_43.pdf</nome_file><codice_raccomandata>685631974235</codice_raccomandata><data_esito>05/10/2021</data_esito><tipo_esito/><motivo_inesito/><campo_aggiuntivo/><nome/><cognome/><indirizzo/><cap/><citta/><provincia/></Raccomandata><Raccomandata><nome_file>038466200_57_46.pdf</nome_file><codice_raccomandata>685631972461</codice_raccomandata><data_esito>29/09/2021</data_esito><tipo_esito/><motivo_inesito/><campo_aggiuntivo/><nome/><cognome/><indirizzo/><cap/><citta/><provincia/></Raccomandata><Raccomandata><nome_file>038466200_57_49.pdf</nome_file><codice_raccomandata>685631975772</codice_raccomandata><data_esito>29/09/2021</data_esito><tipo_esito/><motivo_inesito/><campo_aggiuntivo/><nome/><cognome/><indirizzo/><cap/><citta/><provincia/></Raccomandata><Raccomandata><nome_file>038466200_57_52.pdf</nome_file><codice_raccomandata>685631973758</codice_raccomandata><data_esito>30/09/2021</data_esito><tipo_esito/><motivo_inesito/><campo_aggiuntivo/><nome/><cognome/><indirizzo/><cap/><citta/><provincia/></Raccomandata><Raccomandata><nome_file>038466200_57_55.pdf</nome_file><codice_raccomandata>685631979878</codice_raccomandata><data_esito>30/09/2021</data_esito><tipo_esito/><motivo_inesito/><campo_aggiuntivo/><nome/><cognome/><indirizzo/><cap/><citta/><provincia/></Raccomandata><Raccomandata><nome_file>038466200_57_58.pdf</nome_file><codice_raccomandata>685631994479</codice_raccomandata><data_esito>29/09/2021</data_esito><tipo_esito/><motivo_inesito/><campo_aggiuntivo/><nome/><cognome/><indirizzo/><cap/><citta/><provincia/></Raccomandata><Raccomandata><nome_file>038466200_57_61.pdf</nome_file><codice_raccomandata>685631981224</codice_raccomandata><data_esito>30/09/2021</data_esito><tipo_esito/><motivo_inesito/><campo_aggiuntivo/><nome/><cognome/><indirizzo/><cap/><citta/><provincia/></Raccomandata><Raccomandata><nome_file>038466200_57_64.pdf</nome_file><codice_raccomandata>685631983670</codice_raccomandata><data_esito>30/09/2021</data_esito><tipo_esito/><motivo_inesito/><campo_aggiuntivo/><nome/><cognome/><indirizzo/><cap/><citta/><provincia/></Raccomandata><Raccomandata><nome_file>038466200_57_67.pdf</nome_file><codice_raccomandata>685631973883</codice_raccomandata><data_esito>01/10/2021</data_esito><tipo_esito/><motivo_inesito/><campo_aggiuntivo/><nome/><cognome/><indirizzo/><cap/><citta/><provincia/></Raccomandata><Raccomandata><nome_file>038466200_57_70.pdf</nome_file><codice_raccomandata>685631975010</codice_raccomandata><data_esito>02/10/2021</data_esito><tipo_esito/><motivo_inesito/><campo_aggiuntivo/><nome/><cognome/><indirizzo/><cap/><citta/><provincia/></Raccomandata><Raccomandata><nome_file>038466200_57_73.pdf</nome_file><codice_raccomandata>685631980186</codice_raccomandata><data_esito>04/10/2021</data_esito><tipo_esito/><motivo_inesito/><campo_aggiuntivo/><nome/><cognome/><indirizzo/><cap/><citta/><provincia/></Raccomandata><Raccomandata><nome_file>038466200_57_76.pdf</nome_file><codice_raccomandata>685631979993</codice_raccomandata><data_esito>02/10/2021</data_esito><tipo_esito/><motivo_inesito/><campo_aggiuntivo/><nome/><cognome/><indirizzo/><cap/><citta/><provincia/></Raccomandata><Raccomandata><nome_file>038466200_57_79.pdf</nome_file><codice_raccomandata>685631982532</codice_raccomandata><data_esito>04/10/2021</data_esito><tipo_esito/><motivo_inesito/><campo_aggiuntivo/><nome/><cognome/><indirizzo/><cap/><citta/><provincia/></Raccomandata><Raccomandata><nome_file>038466200_57_82.pdf</nome_file><codice_raccomandata>685632057910</codice_raccomandata><data_esito>01/10/2021</data_esito><tipo_esito/><motivo_inesito/><campo_aggiuntivo/><nome/><cognome/><indirizzo/><cap/><citta/><provincia/></Raccomandata><Raccomandata><nome_file>038466200_57_85.pdf</nome_file><codice_raccomandata>685631993570</codice_raccomandata><data_esito>01/10/2021</data_esito><tipo_esito/><motivo_inesito/><campo_aggiuntivo/><nome/><cognome/><indirizzo/><cap/><citta/><provincia/></Raccomandata><Raccomandata><nome_file>038466200_57_88.pdf</nome_file><codice_raccomandata>685631972768</codice_raccomandata><data_esito>01/10/2021</data_esito><tipo_esito/><motivo_inesito/><campo_aggiuntivo/><nome/><cognome/><indirizzo/><cap/><citta/><provincia/></Raccomandata><Raccomandata><nome_file>038466200_57_91.pdf</nome_file><codice_raccomandata>685631975203</codice_raccomandata><data_esito>22/09/2021</data_esito><tipo_esito/><motivo_inesito/><campo_aggiuntivo/><nome/><cognome/><indirizzo/><cap/><citta/><provincia/></Raccomandata><Raccomandata><nome_file>038466200_57_94.pdf</nome_file><codice_raccomandata>685631975908</codice_raccomandata><data_esito>09/10/2021</data_esito><tipo_esito/><motivo_inesito/><campo_aggiuntivo/><nome/><cognome/><indirizzo/><cap/><citta/><provincia/></Raccomandata><Raccomandata><nome_file>038466200_57_97.pdf</nome_file><codice_raccomandata>685631976499</codice_raccomandata><data_esito>13/10/2021</data_esito><tipo_esito/><motivo_inesito/><campo_aggiuntivo/><nome/><cognome/><indirizzo/><cap/><citta/><provincia/></Raccomandata><Raccomandata><nome_file>038466200_57_100.pdf</nome_file><codice_raccomandata>685631980358</codice_raccomandata><data_esito>13/10/2021</data_esito><tipo_esito/><motivo_inesito/><campo_aggiuntivo/><nome/><cognome/><indirizzo/><cap/><citta/><provincia/></Raccomandata><Raccomandata><nome_file>038466200_57_103.pdf</nome_file><codice_raccomandata>685631975408</codice_raccomandata><data_esito>14/10/2021</data_esito><tipo_esito/><motivo_inesito/><campo_aggiuntivo/><nome/><cognome/><indirizzo/><cap/><citta/><provincia/></Raccomandata><Raccomandata><nome_file>038466200_57_106.pdf</nome_file><codice_raccomandata>685631975885</codice_raccomandata><data_esito>12/10/2021</data_esito><tipo_esito/><motivo_inesito/><campo_aggiuntivo/><nome/><cognome/><indirizzo/><cap/><citta/><provincia/></Raccomandata><Raccomandata><nome_file>038466200_57_109.pdf</nome_file><codice_raccomandata>685631995025</codice_raccomandata><data_esito>12/10/2021</data_esito><tipo_esito/><motivo_inesito/><campo_aggiuntivo/><nome/><cognome/><indirizzo/><cap/><citta/><provincia/></Raccomandata><Raccomandata><nome_file>038466200_57_112.pdf</nome_file><codice_raccomandata>685631990509</codice_raccomandata><data_esito>12/10/2021</data_esito><tipo_esito/><motivo_inesito/><campo_aggiuntivo/><nome/><cognome/><indirizzo/><cap/><citta/><provincia/></Raccomandata><Raccomandata><nome_file>038466200_57_115.pdf</nome_file><codice_raccomandata>685631979230</codice_raccomandata><data_esito>08/10/2021</data_esito><tipo_esito/><motivo_inesito/><campo_aggiuntivo/><nome/><cognome/><indirizzo/><cap/><citta/><provincia/></Raccomandata><Raccomandata><nome_file>038466200_57_118.pdf</nome_file><codice_raccomandata>685631966019</codice_raccomandata><data_esito>08/09/2021</data_esito><tipo_esito/><motivo_inesito/><campo_aggiuntivo/><nome/><cognome/><indirizzo/><cap/><citta/><provincia/></Raccomandata><Raccomandata><nome_file>038466200_57_121.pdf</nome_file><codice_raccomandata>685631992659</codice_raccomandata><data_esito>08/10/2021</data_esito><tipo_esito/><motivo_inesito/><campo_aggiuntivo/><nome/><cognome/><indirizzo/><cap/><citta/><provincia/></Raccomandata><Raccomandata><nome_file>038466200_57_124.pdf</nome_file><codice_raccomandata>685631979082</codice_raccomandata><data_esito>11/10/2021</data_esito><tipo_esito/><motivo_inesito/><campo_aggiuntivo/><nome/><cognome/><indirizzo/><cap/><citta/><provincia/></Raccomandata><Raccomandata><nome_file>038466200_57_127.pdf</nome_file><codice_raccomandata>685631997222</codice_raccomandata><data_esito>11/10/2021</data_esito><tipo_esito/><motivo_inesito/><campo_aggiuntivo/><nome/><cognome/><indirizzo/><cap/><citta/><provincia/></Raccomandata><Raccomandata><nome_file>038466200_57_130.pdf</nome_file><codice_raccomandata>685631979481</codice_raccomandata><data_esito>07/10/2021</data_esito><tipo_esito/><motivo_inesito/><campo_aggiuntivo/><nome/><cognome/><indirizzo/><cap/><citta/><provincia/></Raccomandata><Raccomandata><nome_file>038466200_57_133.pdf</nome_file><codice_raccomandata>685631990474</codice_raccomandata><data_esito>11/10/2021</data_esito><tipo_esito/><motivo_inesito/><campo_aggiuntivo/><nome/><cognome/><indirizzo/><cap/><citta/><provincia/></Raccomandata><Raccomandata><nome_file>038466200_57_136.pdf</nome_file><codice_raccomandata>685631967350</codice_raccomandata><data_esito>11/10/2021</data_esito><tipo_esito/><motivo_inesito/><campo_aggiuntivo/><nome/><cognome/><indirizzo/><cap/><citta/><provincia/></Raccomandata><Raccomandata><nome_file>038466200_57_139.pdf</nome_file><codice_raccomandata>685631971722</codice_raccomandata><data_esito>11/10/2021</data_esito><tipo_esito/><motivo_inesito/><campo_aggiuntivo/><nome/><cognome/><indirizzo/><cap/><citta/><provincia/></Raccomandata><Raccomandata><nome_file>038466200_57_142.pdf</nome_file><codice_raccomandata>685631983863</codice_raccomandata><data_esito>09/10/2021</data_esito><tipo_esito/><motivo_inesito/><campo_aggiuntivo/><nome/><cognome/><indirizzo/><cap/><citta/><provincia/></Raccomandata><Raccomandata><nome_file>038466200_57_145.pdf</nome_file><codice_raccomandata>685631964654</codice_raccomandata><data_esito>06/10/2021</data_esito><tipo_esito/><motivo_inesito/><campo_aggiuntivo/><nome/><cognome/><indirizzo/><cap/><citta/><provincia/></Raccomandata><Raccomandata><nome_file>038466200_57_148.pdf</nome_file><codice_raccomandata>685631994491</codice_raccomandata><data_esito>08/10/2021</data_esito><tipo_esito/><motivo_inesito/><campo_aggiuntivo/><nome/><cognome/><indirizzo/><cap/><citta/><provincia/></Raccomandata><Raccomandata><nome_file>038466200_57_151.pdf</nome_file><codice_raccomandata>685631972803</codice_raccomandata><data_esito>29/09/2021</data_esito><tipo_esito/><motivo_inesito/><campo_aggiuntivo/><nome/><cognome/><indirizzo/><cap/><citta/><provincia/></Raccomandata><Raccomandata><nome_file>038466200_57_154.pdf</nome_file><codice_raccomandata>685631990327</codice_raccomandata><data_esito>29/09/2021</data_esito><tipo_esito/><motivo_inesito/><campo_aggiuntivo/><nome/><cognome/><indirizzo/><cap/><citta/><provincia/></Raccomandata><Raccomandata><nome_file>038466200_57_157.pdf</nome_file><codice_raccomandata>685631997154</codice_raccomandata><data_esito>29/09/2021</data_esito><tipo_esito/><motivo_inesito/><campo_aggiuntivo/><nome/><cognome/><indirizzo/><cap/><citta/><provincia/></Raccomandata><Raccomandata><nome_file>038466200_57_160.pdf</nome_file><codice_raccomandata>685632071359</codice_raccomandata><data_esito>05/10/2021</data_esito><tipo_esito/><motivo_inesito/><campo_aggiuntivo/><nome/><cognome/><indirizzo/><cap/><citta/><provincia/></Raccomandata><Raccomandata><nome_file>038466200_57_163.pdf</nome_file><codice_raccomandata>685632056440</codice_raccomandata><data_esito>05/10/2021</data_esito><tipo_esito/><motivo_inesito/><campo_aggiuntivo/><nome/><cognome/><indirizzo/><cap/><citta/><provincia/></Raccomandata><Raccomandata><nome_file>038466200_57_166.pdf</nome_file><codice_raccomandata>685632062666</codice_raccomandata><data_esito>05/10/2021</data_esito><tipo_esito/><motivo_inesito/><campo_aggiuntivo/><nome/><cognome/><indirizzo/><cap/><citta/><provincia/></Raccomandata><Raccomandata><nome_file>038466200_57_169.pdf</nome_file><codice_raccomandata>685632060641</codice_raccomandata><data_esito>05/10/2021</data_esito><tipo_esito/><motivo_inesito/><campo_aggiuntivo/><nome/><cognome/><indirizzo/><cap/><citta/><provincia/></Raccomandata><Raccomandata><nome_file>038466200_57_172.pdf</nome_file><codice_raccomandata>685632058408</codice_raccomandata><data_esito>09/10/2021</data_esito><tipo_esito/><motivo_inesito/><campo_aggiuntivo/><nome/><cognome/><indirizzo/><cap/><citta/><provincia/></Raccomandata><Raccomandata><nome_file>038466200_57_175.pdf</nome_file><codice_raccomandata>685632058842</codice_raccomandata><data_esito>09/10/2021</data_esito><tipo_esito/><motivo_inesito/><campo_aggiuntivo/><nome/><cognome/><indirizzo/><cap/><citta/><provincia/></Raccomandata><Raccomandata><nome_file>038466200_57_178.pdf</nome_file><codice_raccomandata>685632064964</codice_raccomandata><data_esito>11/10/2021</data_esito><tipo_esito/><motivo_inesito/><campo_aggiuntivo/><nome/><cognome/><indirizzo/><cap/><citta/><provincia/></Raccomandata><Raccomandata><nome_file>038466200_57_181.pdf</nome_file><codice_raccomandata>685632060630</codice_raccomandata><data_esito>08/10/2021</data_esito><tipo_esito/><motivo_inesito/><campo_aggiuntivo/><nome/><cognome/><indirizzo/><cap/><citta/><provincia/></Raccomandata><Raccomandata><nome_file>038466200_57_184.pdf</nome_file><codice_raccomandata>685632074499</codice_raccomandata><data_esito>11/10/2021</data_esito><tipo_esito/><motivo_inesito/><campo_aggiuntivo/><nome/><cognome/><indirizzo/><cap/><citta/><provincia/></Raccomandata><Raccomandata><nome_file>038466200_57_187.pdf</nome_file><codice_raccomandata>685632069925</codice_raccomandata><data_esito>09/10/2021</data_esito><tipo_esito/><motivo_inesito/><campo_aggiuntivo/><nome/><cognome/><indirizzo/><cap/><citta/><provincia/></Raccomandata><Raccomandata><nome_file>038466200_57_190.pdf</nome_file><codice_raccomandata>685632066055</codice_raccomandata><data_esito>09/10/2021</data_esito><tipo_esito/><motivo_inesito/><campo_aggiuntivo/><nome/><cognome/><indirizzo/><cap/><citta/><provincia/></Raccomandata><Raccomandata><nome_file>038466200_57_193.pdf</nome_file><codice_raccomandata>685632058433</codice_raccomandata><data_esito>08/10/2021</data_esito><tipo_esito/><motivo_inesito/><campo_aggiuntivo/><nome/><cognome/><indirizzo/><cap/><citta/><provincia/></Raccomandata><Raccomandata><nome_file>038466200_57_196.pdf</nome_file><codice_raccomandata>685632058795</codice_raccomandata><data_esito>08/10/2021</data_esito><tipo_esito/><motivo_inesito/><campo_aggiuntivo/><nome/><cognome/><indirizzo/><cap/><citta/><provincia/></Raccomandata><Raccomandata><nome_file>038466200_57_199.pdf</nome_file><codice_raccomandata>685632058591</codice_raccomandata><data_esito>08/10/2021</data_esito><tipo_esito/><motivo_inesito/><campo_aggiuntivo/><nome/><cognome/><indirizzo/><cap/><citta/><provincia/></Raccomandata><Raccomandata><nome_file>038466200_57_202.pdf</nome_file><codice_raccomandata>685632058966</codice_raccomandata><data_esito>08/10/2021</data_esito><tipo_esito/><motivo_inesito/><campo_aggiuntivo/><nome/><cognome/><indirizzo/><cap/><citta/><provincia/></Raccomandata><Raccomandata><nome_file>038466200_57_205.pdf</nome_file><codice_raccomandata>685632066900</codice_raccomandata><data_esito>07/10/2021</data_esito><tipo_esito/><motivo_inesito/><campo_aggiuntivo/><nome/><cognome/><indirizzo/><cap/><citta/><provincia/></Raccomandata><Raccomandata><nome_file>038466200_57_208.pdf</nome_file><codice_raccomandata>685632071428</codice_raccomandata><data_esito>11/10/2021</data_esito><tipo_esito/><motivo_inesito/><campo_aggiuntivo/><nome/><cognome/><indirizzo/><cap/><citta/><provincia/></Raccomandata><Raccomandata><nome_file>038466200_57_211.pdf</nome_file><codice_raccomandata>685632072851</codice_raccomandata><data_esito>08/10/2021</data_esito><tipo_esito/><motivo_inesito/><campo_aggiuntivo/><nome/><cognome/><indirizzo/><cap/><citta/><provincia/></Raccomandata><Raccomandata><nome_file>038466200_57_214.pdf</nome_file><codice_raccomandata>685632066831</codice_raccomandata><data_esito>07/10/2021</data_esito><tipo_esito/><motivo_inesito/><campo_aggiuntivo/><nome/><cognome/><indirizzo/><cap/><citta/><provincia/></Raccomandata><Raccomandata><nome_file>038466200_57_217.pdf</nome_file><codice_raccomandata>685632067638</codice_raccomandata><data_esito>05/10/2021</data_esito><tipo_esito/><motivo_inesito/><campo_aggiuntivo/><nome/><cognome/><indirizzo/><cap/><citta/><provincia/></Raccomandata><Raccomandata><nome_file>038466200_57_220.pdf</nome_file><codice_raccomandata>685632066717</codice_raccomandata><data_esito>07/10/2021</data_esito><tipo_esito/><motivo_inesito/><campo_aggiuntivo/><nome/><cognome/><indirizzo/><cap/><citta/><provincia/></Raccomandata><Raccomandata><nome_file>038466200_57_223.pdf</nome_file><codice_raccomandata>685632066728</codice_raccomandata><data_esito>07/10/2021</data_esito><tipo_esito/><motivo_inesito/><campo_aggiuntivo/><nome/><cognome/><indirizzo/><cap/><citta/><provincia/></Raccomandata><Raccomandata><nome_file>038466200_57_226.pdf</nome_file><codice_raccomandata>685632064292</codice_raccomandata><data_esito>08/10/2021</data_esito><tipo_esito/><motivo_inesito/><campo_aggiuntivo/><nome/><cognome/><indirizzo/><cap/><citta/><provincia/></Raccomandata><Raccomandata><nome_file>038466200_57_229.pdf</nome_file><codice_raccomandata>685632058637</codice_raccomandata><data_esito>18/01/2021</data_esito><tipo_esito/><motivo_inesito/><campo_aggiuntivo/><nome/><cognome/><indirizzo/><cap/><citta/><provincia/></Raccomandata><Raccomandata><nome_file>038466200_57_232.pdf</nome_file><codice_raccomandata>685632069414</codice_raccomandata><data_esito>14/10/2021</data_esito><tipo_esito/><motivo_inesito/><campo_aggiuntivo/><nome/><cognome/><indirizzo/><cap/><citta/><provincia/></Raccomandata><Raccomandata><nome_file>038466200_57_235.pdf</nome_file><codice_raccomandata>685632057965</codice_raccomandata><data_esito>14/10/2021</data_esito><tipo_esito/><motivo_inesito/><campo_aggiuntivo/><nome/><cognome/><indirizzo/><cap/><citta/><provincia/></Raccomandata><Raccomandata><nome_file>038466200_57_238.pdf</nome_file><codice_raccomandata>685632054939</codice_raccomandata><data_esito>14/10/2021</data_esito><tipo_esito/><motivo_inesito/><campo_aggiuntivo/><nome/><cognome/><indirizzo/><cap/><citta/><provincia/></Raccomandata><Raccomandata><nome_file>038466200_57_241.pdf</nome_file><codice_raccomandata>685632058328</codice_raccomandata><data_esito>08/10/2021</data_esito><tipo_esito/><motivo_inesito/><campo_aggiuntivo/><nome/><cognome/><indirizzo/><cap/><citta/><provincia/></Raccomandata><Raccomandata><nome_file>038466200_57_244.pdf</nome_file><codice_raccomandata>685632063485</codice_raccomandata><data_esito>10/10/2021</data_esito><tipo_esito/><motivo_inesito/><campo_aggiuntivo/><nome/><cognome/><indirizzo/><cap/><citta/><provincia/></Raccomandata><Raccomandata><nome_file>038466200_57_247.pdf</nome_file><codice_raccomandata>685632063234</codice_raccomandata><data_esito>14/10/2021</data_esito><tipo_esito/><motivo_inesito/><campo_aggiuntivo/><nome/><cognome/><indirizzo/><cap/><citta/><provincia/></Raccomandata><Raccomandata><nome_file>038466200_57_250.pdf</nome_file><codice_raccomandata>685632059547</codice_raccomandata><data_esito>14/10/2021</data_esito><tipo_esito/><motivo_inesito/><campo_aggiuntivo/><nome/><cognome/><indirizzo/><cap/><citta/><provincia/></Raccomandata><Raccomandata><nome_file>038466200_57_253.pdf</nome_file><codice_raccomandata>685632066875</codice_raccomandata><data_esito>13/10/2021</data_esito><tipo_esito/><motivo_inesito/><campo_aggiuntivo/><nome/><cognome/><indirizzo/><cap/><citta/><provincia/></Raccomandata><Raccomandata><nome_file>038466200_57_256.pdf</nome_file><codice_raccomandata>685632057225</codice_raccomandata><data_esito>13/10/2021</data_esito><tipo_esito/><motivo_inesito/><campo_aggiuntivo/><nome/><cognome/><indirizzo/><cap/><citta/><provincia/></Raccomandata><Raccomandata><nome_file>038466200_57_259.pdf</nome_file><codice_raccomandata>685632058911</codice_raccomandata><data_esito>13/10/2021</data_esito><tipo_esito/><motivo_inesito/><campo_aggiuntivo/><nome/><cognome/><indirizzo/><cap/><citta/><provincia/></Raccomandata><Raccomandata><nome_file>038466200_57_262.pdf</nome_file><codice_raccomandata>685632063096</codice_raccomandata><data_esito>14/10/2021</data_esito><tipo_esito/><motivo_inesito/><campo_aggiuntivo/><nome/><cognome/><indirizzo/><cap/><citta/><provincia/></Raccomandata><Raccomandata><nome_file>038466200_57_265.pdf</nome_file><codice_raccomandata>685632054255</codice_raccomandata><data_esito>14/10/2021</data_esito><tipo_esito/><motivo_inesito/><campo_aggiuntivo/><nome/><cognome/><indirizzo/><cap/><citta/><provincia/></Raccomandata><Raccomandata><nome_file>038466200_57_268.pdf</nome_file><codice_raccomandata>685632073178</codice_raccomandata><data_esito>13/10/2021</data_esito><tipo_esito/><motivo_inesito/><campo_aggiuntivo/><nome/><cognome/><indirizzo/><cap/><citta/><provincia/></Raccomandata><Raccomandata><nome_file>038466200_57_271.pdf</nome_file><codice_raccomandata>685632066933</codice_raccomandata><data_esito>07/10/2021</data_esito><tipo_esito/><motivo_inesito/><campo_aggiuntivo/><nome/><cognome/><indirizzo/><cap/><citta/><provincia/></Raccomandata><Raccomandata><nome_file>038466200_57_274.pdf</nome_file><codice_raccomandata>685632058900</codice_raccomandata><data_esito>12/10/2021</data_esito><tipo_esito/><motivo_inesito/><campo_aggiuntivo/><nome/><cognome/><indirizzo/><cap/><citta/><provincia/></Raccomandata><Raccomandata><nome_file>038466200_57_277.pdf</nome_file><codice_raccomandata>685632058990</codice_raccomandata><data_esito>12/10/2021</data_esito><tipo_esito/><motivo_inesito/><campo_aggiuntivo/><nome/><cognome/><indirizzo/><cap/><citta/><provincia/></Raccomandata><Raccomandata><nome_file>038466200_57_280.pdf</nome_file><codice_raccomandata>685632072521</codice_raccomandata><data_esito>12/10/2021</data_esito><tipo_esito/><motivo_inesito/><campo_aggiuntivo/><nome/><cognome/><indirizzo/><cap/><citta/><provincia/></Raccomandata><Raccomandata><nome_file>038466200_57_283.pdf</nome_file><codice_raccomandata>685632068401</codice_raccomandata><data_esito>13/10/2021</data_esito><tipo_esito/><motivo_inesito/><campo_aggiuntivo/><nome/><cognome/><indirizzo/><cap/><citta/><provincia/></Raccomandata><Raccomandata><nome_file>038466200_57_286.pdf</nome_file><codice_raccomandata>685632073761</codice_raccomandata><data_esito>09/10/2021</data_esito><tipo_esito/><motivo_inesito/><campo_aggiuntivo/><nome/><cognome/><indirizzo/><cap/><citta/><provincia/></Raccomandata><Raccomandata><nome_file>038466200_57_289.pdf</nome_file><codice_raccomandata>685632061790</codice_raccomandata><data_esito>13/10/2021</data_esito><tipo_esito/><motivo_inesito/><campo_aggiuntivo/><nome/><cognome/><indirizzo/><cap/><citta/><provincia/></Raccomandata><Raccomandata><nome_file>038466200_57_292.pdf</nome_file><codice_raccomandata>685632075730</codice_raccomandata><data_esito>12/10/2021</data_esito><tipo_esito/><motivo_inesito/><campo_aggiuntivo/><nome/><cognome/><indirizzo/><cap/><citta/><provincia/></Raccomandata><Raccomandata><nome_file>038466200_57_295.pdf</nome_file><codice_raccomandata>685632061129</codice_raccomandata><data_esito>12/10/2021</data_esito><tipo_esito/><motivo_inesito/><campo_aggiuntivo/><nome/><cognome/><indirizzo/><cap/><citta/><provincia/></Raccomandata><Raccomandata><nome_file>038466200_57_298.pdf</nome_file><codice_raccomandata>685632065965</codice_raccomandata><data_esito>12/10/2021</data_esito><tipo_esito/><motivo_inesito/><campo_aggiuntivo/><nome/><cognome/><indirizzo/><cap/><citta/><provincia/></Raccomandata><Raccomandata><nome_file>038466200_57_301.pdf</nome_file><codice_raccomandata>685632058989</codice_raccomandata><data_esito>12/10/2021</data_esito><tipo_esito/><motivo_inesito/><campo_aggiuntivo/><nome/><cognome/><indirizzo/><cap/><citta/><provincia/></Raccomandata><Raccomandata><nome_file>038466200_57_304.pdf</nome_file><codice_raccomandata>685632058762</codice_raccomandata><data_esito>13/10/2021</data_esito><tipo_esito/><motivo_inesito/><campo_aggiuntivo/><nome/><cognome/><indirizzo/><cap/><citta/><provincia/></Raccomandata><Raccomandata><nome_file>038466200_57_307.pdf</nome_file><codice_raccomandata>685632058773</codice_raccomandata><data_esito>08/10/2021</data_esito><tipo_esito/><motivo_inesito/><campo_aggiuntivo/><nome/><cognome/><indirizzo/><cap/><citta/><provincia/></Raccomandata><Raccomandata><nome_file>038466200_57_310.pdf</nome_file><codice_raccomandata>685632059514</codice_raccomandata><data_esito>12/10/2021</data_esito><tipo_esito/><motivo_inesito/><campo_aggiuntivo/><nome/><cognome/><indirizzo/><cap/><citta/><provincia/></Raccomandata><Raccomandata><nome_file>038466200_57_313.pdf</nome_file><codice_raccomandata>685632056691</codice_raccomandata><data_esito>12/10/2021</data_esito><tipo_esito/><motivo_inesito/><campo_aggiuntivo/><nome/><cognome/><indirizzo/><cap/><citta/><provincia/></Raccomandata><Raccomandata><nome_file>038466200_57_316.pdf</nome_file><codice_raccomandata>685632061426</codice_raccomandata><data_esito>12/10/2021</data_esito><tipo_esito/><motivo_inesito/><campo_aggiuntivo/><nome/><cognome/><indirizzo/><cap/><citta/><provincia/></Raccomandata><Raccomandata><nome_file>038466200_57_319.pdf</nome_file><codice_raccomandata>685632058751</codice_raccomandata><data_esito>08/10/2021</data_esito><tipo_esito/><motivo_inesito/><campo_aggiuntivo/><nome/><cognome/><indirizzo/><cap/><citta/><provincia/></Raccomandata><Raccomandata><nome_file>038466200_57_322.pdf</nome_file><codice_raccomandata>685632054266</codice_raccomandata><data_esito>08/10/2021</data_esito><tipo_esito/><motivo_inesito/><campo_aggiuntivo/><nome/><cognome/><indirizzo/><cap/><citta/><provincia/></Raccomandata><Raccomandata><nome_file>038466200_57_325.pdf</nome_file><codice_raccomandata>685632058546</codice_raccomandata><data_esito>06/10/2021</data_esito><tipo_esito/><motivo_inesito/><campo_aggiuntivo/><nome/><cognome/><indirizzo/><cap/><citta/><provincia/></Raccomandata><Raccomandata><nome_file>038466200_57_328.pdf</nome_file><codice_raccomandata>685632058784</codice_raccomandata><data_esito>06/10/2021</data_esito><tipo_esito/><motivo_inesito/><campo_aggiuntivo/><nome/><cognome/><indirizzo/><cap/><citta/><provincia/></Raccomandata><Raccomandata><nome_file>038466200_57_331.pdf</nome_file><codice_raccomandata>685632057556</codice_raccomandata><data_esito>06/10/2021</data_esito><tipo_esito/><motivo_inesito/><campo_aggiuntivo/><nome/><cognome/><indirizzo/><cap/><citta/><provincia/></Raccomandata><Raccomandata><nome_file>038466200_57_334.pdf</nome_file><codice_raccomandata>685632058535</codice_raccomandata><data_esito>06/10/2021</data_esito><tipo_esito/><motivo_inesito/><campo_aggiuntivo/><nome/><cognome/><indirizzo/><cap/><citta/><provincia/></Raccomandata><Raccomandata><nome_file>038466200_57_337.pdf</nome_file><codice_raccomandata>685632058524</codice_raccomandata><data_esito>06/10/2021</data_esito><tipo_esito/><motivo_inesito/><campo_aggiuntivo/><nome/><cognome/><indirizzo/><cap/><citta/><provincia/></Raccomandata><Raccomandata><nome_file>038466200_57_340.pdf</nome_file><codice_raccomandata>685632058488</codice_raccomandata><data_esito>06/10/2021</data_esito><tipo_esito/><motivo_inesito/><campo_aggiuntivo/><nome/><cognome/><indirizzo/><cap/><citta/><provincia/></Raccomandata><Raccomandata><nome_file>038466200_57_343.pdf</nome_file><codice_raccomandata>685632059329</codice_raccomandata><data_esito>06/10/2021</data_esito><tipo_esito/><motivo_inesito/><campo_aggiuntivo/><nome/><cognome/><indirizzo/><cap/><citta/><provincia/></Raccomandata><Raccomandata><nome_file>038466200_57_346.pdf</nome_file><codice_raccomandata>685632073294</codice_raccomandata><data_esito>06/10/2021</data_esito><tipo_esito/><motivo_inesito/><campo_aggiuntivo/><nome/><cognome/><indirizzo/><cap/><citta/><provincia/></Raccomandata><Raccomandata><nome_file>038466200_57_349.pdf</nome_file><codice_raccomandata>685632074671</codice_raccomandata><data_esito>07/10/2021</data_esito><tipo_esito/><motivo_inesito/><campo_aggiuntivo/><nome/><cognome/><indirizzo/><cap/><citta/><provincia/></Raccomandata><Raccomandata><nome_file>038466200_57_352.pdf</nome_file><codice_raccomandata>685632054120</codice_raccomandata><data_esito>06/10/2021</data_esito><tipo_esito/><motivo_inesito/><campo_aggiuntivo/><nome/><cognome/><indirizzo/><cap/><citta/><provincia/></Raccomandata><Raccomandata><nome_file>038466200_57_355.pdf</nome_file><codice_raccomandata>685632070916</codice_raccomandata><data_esito>06/10/2021</data_esito><tipo_esito/><motivo_inesito/><campo_aggiuntivo/><nome/><cognome/><indirizzo/><cap/><citta/><provincia/></Raccomandata><Raccomandata><nome_file>038466200_57_358.pdf</nome_file><codice_raccomandata>685632057578</codice_raccomandata><data_esito>06/10/2021</data_esito><tipo_esito/><motivo_inesito/><campo_aggiuntivo/><nome/><cognome/><indirizzo/><cap/><citta/><provincia/></Raccomandata><Raccomandata><nome_file>038466200_57_361.pdf</nome_file><codice_raccomandata>685632071154</codice_raccomandata><data_esito>06/10/2021</data_esito><tipo_esito/><motivo_inesito/><campo_aggiuntivo/><nome/><cognome/><indirizzo/><cap/><citta/><provincia/></Raccomandata><Raccomandata><nome_file>038466200_57_364.pdf</nome_file><codice_raccomandata>685632070814</codice_raccomandata><data_esito>06/10/2021</data_esito><tipo_esito/><motivo_inesito/><campo_aggiuntivo/><nome/><cognome/><indirizzo/><cap/><citta/><provincia/></Raccomandata><Raccomandata><nome_file>038466200_57_367.pdf</nome_file><codice_raccomandata>685632071223</codice_raccomandata><data_esito>06/10/2021</data_esito><tipo_esito/><motivo_inesito/><campo_aggiuntivo/><nome/><cognome/><indirizzo/><cap/><citta/><provincia/></Raccomandata><Raccomandata><nome_file>038466200_57_370.pdf</nome_file><codice_raccomandata>685632071600</codice_raccomandata><data_esito>06/09/2021</data_esito><tipo_esito/><motivo_inesito/><campo_aggiuntivo/><nome/><cognome/><indirizzo/><cap/><citta/><provincia/></Raccomandata><Raccomandata><nome_file>038466200_57_373.pdf</nome_file><codice_raccomandata>685632063952</codice_raccomandata><data_esito>27/09/2021</data_esito><tipo_esito/><motivo_inesito/><campo_aggiuntivo/><nome/><cognome/><indirizzo/><cap/><citta/><provincia/></Raccomandata><Raccomandata><nome_file>038466200_57_376.pdf</nome_file><codice_raccomandata>685632061072</codice_raccomandata><data_esito>30/09/2021</data_esito><tipo_esito/><motivo_inesito/><campo_aggiuntivo/><nome/><cognome/><indirizzo/><cap/><citta/><provincia/></Raccomandata><Raccomandata><nome_file>038466200_57_379.pdf</nome_file><codice_raccomandata>685632066259</codice_raccomandata><data_esito>04/10/2021</data_esito><tipo_esito/><motivo_inesito/><campo_aggiuntivo/><nome/><cognome/><indirizzo/><cap/><citta/><provincia/></Raccomandata><Raccomandata><nome_file>038466200_57_382.pdf</nome_file><codice_raccomandata>685632055850</codice_raccomandata><data_esito>01/10/2021</data_esito><tipo_esito/><motivo_inesito/><campo_aggiuntivo/><nome/><cognome/><indirizzo/><cap/><citta/><provincia/></Raccomandata><Raccomandata><nome_file>038466200_57_385.pdf</nome_file><codice_raccomandata>685632055815</codice_raccomandata><data_esito>04/10/2021</data_esito><tipo_esito/><motivo_inesito/><campo_aggiuntivo/><nome/><cognome/><indirizzo/><cap/><citta/><provincia/></Raccomandata><Raccomandata><nome_file>038466200_57_388.pdf</nome_file><codice_raccomandata>685632069880</codice_raccomandata><data_esito>04/10/2021</data_esito><tipo_esito/><motivo_inesito/><campo_aggiuntivo/><nome/><cognome/><indirizzo/><cap/><citta/><provincia/></Raccomandata><Raccomandata><nome_file>038466200_57_391.pdf</nome_file><codice_raccomandata>685632055496</codice_raccomandata><data_esito>04/10/2021</data_esito><tipo_esito/><motivo_inesito/><campo_aggiuntivo/><nome/><cognome/><indirizzo/><cap/><citta/><provincia/></Raccomandata><Raccomandata><nome_file>038466200_57_394.pdf</nome_file><codice_raccomandata>685632070164</codice_raccomandata><data_esito>06/10/2021</data_esito><tipo_esito/><motivo_inesito/><campo_aggiuntivo/><nome/><cognome/><indirizzo/><cap/><citta/><provincia/></Raccomandata><Raccomandata><nome_file>038466200_57_397.pdf</nome_file><codice_raccomandata>685632067490</codice_raccomandata><data_esito>05/10/2021</data_esito><tipo_esito/><motivo_inesito/><campo_aggiuntivo/><nome/><cognome/><indirizzo/><cap/><citta/><provincia/></Raccomandata><Raccomandata><nome_file>038466200_57_400.pdf</nome_file><codice_raccomandata>685632060674</codice_raccomandata><data_esito>06/10/2021</data_esito><tipo_esito/><motivo_inesito/><campo_aggiuntivo/><nome/><cognome/><indirizzo/><cap/><citta/><provincia/></Raccomandata><Raccomandata><nome_file>038466200_57_403.pdf</nome_file><codice_raccomandata>685632057896</codice_raccomandata><data_esito>06/10/2021</data_esito><tipo_esito/><motivo_inesito/><campo_aggiuntivo/><nome/><cognome/><indirizzo/><cap/><citta/><provincia/></Raccomandata><Raccomandata><nome_file>038466200_57_406.pdf</nome_file><codice_raccomandata>685632058864</codice_raccomandata><data_esito>06/10/2021</data_esito><tipo_esito/><motivo_inesito/><campo_aggiuntivo/><nome/><cognome/><indirizzo/><cap/><citta/><provincia/></Raccomandata><Raccomandata><nome_file>038466200_57_409.pdf</nome_file><codice_raccomandata>685632072202</codice_raccomandata><data_esito>06/10/2021</data_esito><tipo_esito/><motivo_inesito/><campo_aggiuntivo/><nome/><cognome/><indirizzo/><cap/><citta/><provincia/></Raccomandata><Raccomandata><nome_file>038466200_57_412.pdf</nome_file><codice_raccomandata>685632054609</codice_raccomandata><data_esito>06/10/2021</data_esito><tipo_esito/><motivo_inesito/><campo_aggiuntivo/><nome/><cognome/><indirizzo/><cap/><citta/><provincia/></Raccomandata><Raccomandata><nome_file>038466200_57_415.pdf</nome_file><codice_raccomandata>685632072645</codice_raccomandata><data_esito>07/10/2021</data_esito><tipo_esito/><motivo_inesito/><campo_aggiuntivo/><nome/><cognome/><indirizzo/><cap/><citta/><provincia/></Raccomandata><Raccomandata><nome_file>038466200_57_418.pdf</nome_file><codice_raccomandata>685632057932</codice_raccomandata><data_esito>04/10/2021</data_esito><tipo_esito/><motivo_inesito/><campo_aggiuntivo/><nome/><cognome/><indirizzo/><cap/><citta/><provincia/></Raccomandata><Raccomandata><nome_file>038466200_57_421.pdf</nome_file><codice_raccomandata>685632063747</codice_raccomandata><data_esito>06/10/2021</data_esito><tipo_esito/><motivo_inesito/><campo_aggiuntivo/><nome/><cognome/><indirizzo/><cap/><citta/><provincia/></Raccomandata><Raccomandata><nome_file>038466200_57_424.pdf</nome_file><codice_raccomandata>685632062586</codice_raccomandata><data_esito>07/10/2021</data_esito><tipo_esito/><motivo_inesito/><campo_aggiuntivo/><nome/><cognome/><indirizzo/><cap/><citta/><provincia/></Raccomandata><Raccomandata><nome_file>038466200_57_427.pdf</nome_file><codice_raccomandata>685632066897</codice_raccomandata><data_esito>07/10/2021</data_esito><tipo_esito/><motivo_inesito/><campo_aggiuntivo/><nome/><cognome/><indirizzo/><cap/><citta/><provincia/></Raccomandata><Raccomandata><nome_file>038466200_57_430.pdf</nome_file><codice_raccomandata>685632074900</codice_raccomandata><data_esito>11/10/2021</data_esito><tipo_esito/><motivo_inesito/><campo_aggiuntivo/><nome/><cognome/><indirizzo/><cap/><citta/><provincia/></Raccomandata><Raccomandata><nome_file>038466200_57_433.pdf</nome_file><codice_raccomandata>685632065613</codice_raccomandata><data_esito>07/10/2021</data_esito><tipo_esito/><motivo_inesito/><campo_aggiuntivo/><nome/><cognome/><indirizzo/><cap/><citta/><provincia/></Raccomandata><Raccomandata><nome_file>038466200_57_436.pdf</nome_file><codice_raccomandata>685632055314</codice_raccomandata><data_esito>30/09/2021</data_esito><tipo_esito/><motivo_inesito/><campo_aggiuntivo/><nome/><cognome/><indirizzo/><cap/><citta/><provincia/></Raccomandata><Raccomandata><nome_file>038466200_57_439.pdf</nome_file><codice_raccomandata>685632070495</codice_raccomandata><data_esito>08/10/2021</data_esito><tipo_esito/><motivo_inesito/><campo_aggiuntivo/><nome/><cognome/><indirizzo/><cap/><citta/><provincia/></Raccomandata><Raccomandata><nome_file>038466200_57_442.pdf</nome_file><codice_raccomandata>685632072486</codice_raccomandata><data_esito>08/10/2021</data_esito><tipo_esito/><motivo_inesito/><campo_aggiuntivo/><nome/><cognome/><indirizzo/><cap/><citta/><provincia/></Raccomandata><Raccomandata><nome_file>038466200_57_445.pdf</nome_file><codice_raccomandata>685632063906</codice_raccomandata><data_esito>08/10/2021</data_esito><tipo_esito/><motivo_inesito/><campo_aggiuntivo/><nome/><cognome/><indirizzo/><cap/><citta/><provincia/></Raccomandata><Raccomandata><nome_file>038466200_57_448.pdf</nome_file><codice_raccomandata>685632058477</codice_raccomandata><data_esito>08/10/2021</data_esito><tipo_esito/><motivo_inesito/><campo_aggiuntivo/><nome/><cognome/><indirizzo/><cap/><citta/><provincia/></Raccomandata><Raccomandata><nome_file>038466200_57_451.pdf</nome_file><codice_raccomandata>685632057590</codice_raccomandata><data_esito>07/10/2021</data_esito><tipo_esito/><motivo_inesito/><campo_aggiuntivo/><nome/><cognome/><indirizzo/><cap/><citta/><provincia/></Raccomandata><Raccomandata><nome_file>038466200_57_454.pdf</nome_file><codice_raccomandata>685632055519</codice_raccomandata><data_esito>08/10/2021</data_esito><tipo_esito/><motivo_inesito/><campo_aggiuntivo/><nome/><cognome/><indirizzo/><cap/><citta/><provincia/></Raccomandata><Raccomandata><nome_file>038466200_57_457.pdf</nome_file><codice_raccomandata>685632073145</codice_raccomandata><data_esito>29/09/2021</data_esito><tipo_esito/><motivo_inesito/><campo_aggiuntivo/><nome/><cognome/><indirizzo/><cap/><citta/><provincia/></Raccomandata><Raccomandata><nome_file>038466200_57_460.pdf</nome_file><codice_raccomandata>685632056748</codice_raccomandata><data_esito>30/09/2021</data_esito><tipo_esito/><motivo_inesito/><campo_aggiuntivo/><nome/><cognome/><indirizzo/><cap/><citta/><provincia/></Raccomandata><Raccomandata><nome_file>038466200_57_463.pdf</nome_file><codice_raccomandata>685632073896</codice_raccomandata><data_esito>29/09/2021</data_esito><tipo_esito/><motivo_inesito/><campo_aggiuntivo/><nome/><cognome/><indirizzo/><cap/><citta/><provincia/></Raccomandata><Raccomandata><nome_file>038466200_57_466.pdf</nome_file><codice_raccomandata>685632056361</codice_raccomandata><data_esito>05/10/2021</data_esito><tipo_esito/><motivo_inesito/><campo_aggiuntivo/><nome/><cognome/><indirizzo/><cap/><citta/><provincia/></Raccomandata><Raccomandata><nome_file>038466200_57_469.pdf</nome_file><codice_raccomandata>685632057429</codice_raccomandata><data_esito>04/10/2021</data_esito><tipo_esito/><motivo_inesito/><campo_aggiuntivo/><nome/><cognome/><indirizzo/><cap/><citta/><provincia/></Raccomandata><Raccomandata><nome_file>038466200_57_472.pdf</nome_file><codice_raccomandata>685632072031</codice_raccomandata><data_esito>04/10/2021</data_esito><tipo_esito/><motivo_inesito/><campo_aggiuntivo/><nome/><cognome/><indirizzo/><cap/><citta/><provincia/></Raccomandata><Raccomandata><nome_file>038466200_57_475.pdf</nome_file><codice_raccomandata>685632055416</codice_raccomandata><data_esito>05/10/2021</data_esito><tipo_esito/><motivo_inesito/><campo_aggiuntivo/><nome/><cognome/><indirizzo/><cap/><citta/><provincia/></Raccomandata><Raccomandata><nome_file>038466200_57_478.pdf</nome_file><codice_raccomandata>685632067502</codice_raccomandata><data_esito>04/10/2021</data_esito><tipo_esito/><motivo_inesito/><campo_aggiuntivo/><nome/><cognome/><indirizzo/><cap/><citta/><provincia/></Raccomandata><Raccomandata><nome_file>038466200_57_481.pdf</nome_file><codice_raccomandata>685632069674</codice_raccomandata><data_esito>05/10/2021</data_esito><tipo_esito/><motivo_inesito/><campo_aggiuntivo/><nome/><cognome/><indirizzo/><cap/><citta/><provincia/></Raccomandata><Raccomandata><nome_file>038466200_57_484.pdf</nome_file><codice_raccomandata>685632062233</codice_raccomandata><data_esito>06/10/2021</data_esito><tipo_esito/><motivo_inesito/><campo_aggiuntivo/><nome/><cognome/><indirizzo/><cap/><citta/><provincia/></Raccomandata><Raccomandata><nome_file>038466200_57_487.pdf</nome_file><codice_raccomandata>685632066089</codice_raccomandata><data_esito>04/10/2021</data_esito><tipo_esito/><motivo_inesito/><campo_aggiuntivo/><nome/><cognome/><indirizzo/><cap/><citta/><provincia/></Raccomandata><Raccomandata><nome_file>038466200_57_490.pdf</nome_file><codice_raccomandata>685632070073</codice_raccomandata><data_esito>04/10/2021</data_esito><tipo_esito/><motivo_inesito/><campo_aggiuntivo/><nome/><cognome/><indirizzo/><cap/><citta/><provincia/></Raccomandata><Raccomandata><nome_file>038466200_57_493.pdf</nome_file><codice_raccomandata>685632066990</codice_raccomandata><data_esito>07/10/2021</data_esito><tipo_esito/><motivo_inesito/><campo_aggiuntivo/><nome/><cognome/><indirizzo/><cap/><citta/><provincia/></Raccomandata><Raccomandata><nome_file>038466200_57_496.pdf</nome_file><codice_raccomandata>685632076092</codice_raccomandata><data_esito>02/10/2021</data_esito><tipo_esito/><motivo_inesito/><campo_aggiuntivo/><nome/><cognome/><indirizzo/><cap/><citta/><provincia/></Raccomandata><Raccomandata><nome_file>038466200_57_499.pdf</nome_file><codice_raccomandata>685632067694</codice_raccomandata><data_esito>29/09/2021</data_esito><tipo_esito/><motivo_inesito/><campo_aggiuntivo/><nome/><cognome/><indirizzo/><cap/><citta/><provincia/></Raccomandata><Raccomandata><nome_file>038466200_57_502.pdf</nome_file><codice_raccomandata>685632065910</codice_raccomandata><data_esito>06/10/2021</data_esito><tipo_esito/><motivo_inesito/><campo_aggiuntivo/><nome/><cognome/><indirizzo/><cap/><citta/><provincia/></Raccomandata><Raccomandata><nome_file>038466200_57_505.pdf</nome_file><codice_raccomandata>685632066000</codice_raccomandata><data_esito>04/10/2021</data_esito><tipo_esito/><motivo_inesito/><campo_aggiuntivo/><nome/><cognome/><indirizzo/><cap/><citta/><provincia/></Raccomandata><Raccomandata><nome_file>038466200_57_508.pdf</nome_file><codice_raccomandata>685632068491</codice_raccomandata><data_esito>04/10/2021</data_esito><tipo_esito/><motivo_inesito/><campo_aggiuntivo/><nome/><cognome/><indirizzo/><cap/><citta/><provincia/></Raccomandata><Raccomandata><nome_file>038466200_57_511.pdf</nome_file><codice_raccomandata>685632075238</codice_raccomandata><data_esito>05/10/2021</data_esito><tipo_esito/><motivo_inesito/><campo_aggiuntivo/><nome/><cognome/><indirizzo/><cap/><citta/><provincia/></Raccomandata><Raccomandata><nome_file>038466200_57_514.pdf</nome_file><codice_raccomandata>685632068480</codice_raccomandata><data_esito>04/10/2021</data_esito><tipo_esito/><motivo_inesito/><campo_aggiuntivo/><nome/><cognome/><indirizzo/><cap/><citta/><provincia/></Raccomandata><Raccomandata><nome_file>038466200_57_517.pdf</nome_file><codice_raccomandata>685632068902</codice_raccomandata><data_esito>04/10/2021</data_esito><tipo_esito/><motivo_inesito/><campo_aggiuntivo/><nome/><cognome/><indirizzo/><cap/><citta/><provincia/></Raccomandata><Raccomandata><nome_file>038466200_57_520.pdf</nome_file><codice_raccomandata>685632061983</codice_raccomandata><data_esito>02/10/2021</data_esito><tipo_esito/><motivo_inesito/><campo_aggiuntivo/><nome/><cognome/><indirizzo/><cap/><citta/><provincia/></Raccomandata><Raccomandata><nome_file>038466200_57_523.pdf</nome_file><codice_raccomandata>685632071108</codice_raccomandata><data_esito>05/10/2021</data_esito><tipo_esito/><motivo_inesito/><campo_aggiuntivo/><nome/><cognome/><indirizzo/><cap/><citta/><provincia/></Raccomandata><Raccomandata><nome_file>038466200_57_526.pdf</nome_file><codice_raccomandata>685632063176</codice_raccomandata><data_esito>05/10/2021</data_esito><tipo_esito/><motivo_inesito/><campo_aggiuntivo/><nome/><cognome/><indirizzo/><cap/><citta/><provincia/></Raccomandata><Raccomandata><nome_file>038466200_57_529.pdf</nome_file><codice_raccomandata>685632060538</codice_raccomandata><data_esito>01/10/2021</data_esito><tipo_esito/><motivo_inesito/><campo_aggiuntivo/><nome/><cognome/><indirizzo/><cap/><citta/><provincia/></Raccomandata><Raccomandata><nome_file>038466200_57_532.pdf</nome_file><codice_raccomandata>685632069607</codice_raccomandata><data_esito>01/10/2021</data_esito><tipo_esito/><motivo_inesito/><campo_aggiuntivo/><nome/><cognome/><indirizzo/><cap/><citta/><provincia/></Raccomandata><Raccomandata><nome_file>038466200_57_535.pdf</nome_file><codice_raccomandata>685632058157</codice_raccomandata><data_esito>04/10/2021</data_esito><tipo_esito/><motivo_inesito/><campo_aggiuntivo/><nome/><cognome/><indirizzo/><cap/><citta/><provincia/></Raccomandata><Raccomandata><nome_file>038466200_57_538.pdf</nome_file><codice_raccomandata>685632071576</codice_raccomandata><data_esito>04/10/2021</data_esito><tipo_esito/><motivo_inesito/><campo_aggiuntivo/><nome/><cognome/><indirizzo/><cap/><citta/><provincia/></Raccomandata><Raccomandata><nome_file>038466200_57_541.pdf</nome_file><codice_raccomandata>685632058089</codice_raccomandata><data_esito>29/09/2021</data_esito><tipo_esito/><motivo_inesito/><campo_aggiuntivo/><nome/><cognome/><indirizzo/><cap/><citta/><provincia/></Raccomandata><Raccomandata><nome_file>038466200_57_544.pdf</nome_file><codice_raccomandata>685632057750</codice_raccomandata><data_esito>25/09/2021</data_esito><tipo_esito/><motivo_inesito/><campo_aggiuntivo/><nome/><cognome/><indirizzo/><cap/><citta/><provincia/></Raccomandata><Raccomandata><nome_file>038466200_57_547.pdf</nome_file><codice_raccomandata>685632058682</codice_raccomandata><data_esito>29/09/2021</data_esito><tipo_esito/><motivo_inesito/><campo_aggiuntivo/><nome/><cognome/><indirizzo/><cap/><citta/><provincia/></Raccomandata><Raccomandata><nome_file>038466200_57_550.pdf</nome_file><codice_raccomandata>685632057829</codice_raccomandata><data_esito>28/09/2021</data_esito><tipo_esito/><motivo_inesito/><campo_aggiuntivo/><nome/><cognome/><indirizzo/><cap/><citta/><provincia/></Raccomandata><Raccomandata><nome_file>038466200_57_553.pdf</nome_file><codice_raccomandata>685632056908</codice_raccomandata><data_esito>29/09/2021</data_esito><tipo_esito/><motivo_inesito/><campo_aggiuntivo/><nome/><cognome/><indirizzo/><cap/><citta/><provincia/></Raccomandata><Raccomandata><nome_file>038466200_57_556.pdf</nome_file><codice_raccomandata>685632054211</codice_raccomandata><data_esito>28/09/2021</data_esito><tipo_esito/><motivo_inesito/><campo_aggiuntivo/><nome/><cognome/><indirizzo/><cap/><citta/><provincia/></Raccomandata><Raccomandata><nome_file>038466200_57_559.pdf</nome_file><codice_raccomandata>685632060105</codice_raccomandata><data_esito>27/08/2021</data_esito><tipo_esito/><motivo_inesito/><campo_aggiuntivo/><nome/><cognome/><indirizzo/><cap/><citta/><provincia/></Raccomandata><Raccomandata><nome_file>038466200_57_562.pdf</nome_file><codice_raccomandata>685632059193</codice_raccomandata><data_esito>29/09/2021</data_esito><tipo_esito/><motivo_inesito/><campo_aggiuntivo/><nome/><cognome/><indirizzo/><cap/><citta/><provincia/></Raccomandata><Raccomandata><nome_file>038466200_57_565.pdf</nome_file><codice_raccomandata>685632057874</codice_raccomandata><data_esito>29/09/2021</data_esito><tipo_esito/><motivo_inesito/><campo_aggiuntivo/><nome/><cognome/><indirizzo/><cap/><citta/><provincia/></Raccomandata><Raccomandata><nome_file>038466200_57_568.pdf</nome_file><codice_raccomandata>685632058204</codice_raccomandata><data_esito>28/09/2021</data_esito><tipo_esito/><motivo_inesito/><campo_aggiuntivo/><nome/><cognome/><indirizzo/><cap/><citta/><provincia/></Raccomandata><Raccomandata><nome_file>038466200_57_571.pdf</nome_file><codice_raccomandata>685632058339</codice_raccomandata><data_esito>28/09/2021</data_esito><tipo_esito/><motivo_inesito/><campo_aggiuntivo/><nome/><cognome/><indirizzo/><cap/><citta/><provincia/></Raccomandata><Raccomandata><nome_file>038466200_57_574.pdf</nome_file><codice_raccomandata>685632057954</codice_raccomandata><data_esito>28/09/2021</data_esito><tipo_esito/><motivo_inesito/><campo_aggiuntivo/><nome/><cognome/><indirizzo/><cap/><citta/><provincia/></Raccomandata><Raccomandata><nome_file>038466200_57_577.pdf</nome_file><codice_raccomandata>685632057522</codice_raccomandata><data_esito>05/10/2021</data_esito><tipo_esito/><motivo_inesito/><campo_aggiuntivo/><nome/><cognome/><indirizzo/><cap/><citta/><provincia/></Raccomandata><Raccomandata><nome_file>038466200_57_580.pdf</nome_file><codice_raccomandata>685632071006</codice_raccomandata><data_esito>04/10/2021</data_esito><tipo_esito/><motivo_inesito/><campo_aggiuntivo/><nome/><cognome/><indirizzo/><cap/><citta/><provincia/></Raccomandata><Raccomandata><nome_file>038466200_57_583.pdf</nome_file><codice_raccomandata>685632073830</codice_raccomandata><data_esito>06/10/2021</data_esito><tipo_esito/><motivo_inesito/><campo_aggiuntivo/><nome/><cognome/><indirizzo/><cap/><citta/><provincia/></Raccomandata><Raccomandata><nome_file>038466200_57_586.pdf</nome_file><codice_raccomandata>685632063121</codice_raccomandata><data_esito>04/10/2021</data_esito><tipo_esito/><motivo_inesito/><campo_aggiuntivo/><nome/><cognome/><indirizzo/><cap/><citta/><provincia/></Raccomandata><Raccomandata><nome_file>038466200_57_589.pdf</nome_file><codice_raccomandata>685632066102</codice_raccomandata><data_esito>04/10/2021</data_esito><tipo_esito/><motivo_inesito/><campo_aggiuntivo/><nome/><cognome/><indirizzo/><cap/><citta/><provincia/></Raccomandata><Raccomandata><nome_file>038466200_57_592.pdf</nome_file><codice_raccomandata>685632061050</codice_raccomandata><data_esito>04/10/2021</data_esito><tipo_esito/><motivo_inesito/><campo_aggiuntivo/><nome/><cognome/><indirizzo/><cap/><citta/><provincia/></Raccomandata><Raccomandata><nome_file>038466200_57_595.pdf</nome_file><codice_raccomandata>685632061276</codice_raccomandata><data_esito>30/09/2021</data_esito><tipo_esito/><motivo_inesito/><campo_aggiuntivo/><nome/><cognome/><indirizzo/><cap/><citta/><provincia/></Raccomandata><Raccomandata><nome_file>038466200_57_598.pdf</nome_file><codice_raccomandata>685632064680</codice_raccomandata><data_esito>05/10/2021</data_esito><tipo_esito/><motivo_inesito/><campo_aggiuntivo/><nome/><cognome/><indirizzo/><cap/><citta/><provincia/></Raccomandata><Raccomandata><nome_file>038466200_57_601.pdf</nome_file><codice_raccomandata>685632058169</codice_raccomandata><data_esito>04/10/2021</data_esito><tipo_esito/><motivo_inesito/><campo_aggiuntivo/><nome/><cognome/><indirizzo/><cap/><citta/><provincia/></Raccomandata><Raccomandata><nome_file>038466200_57_604.pdf</nome_file><codice_raccomandata>685632071017</codice_raccomandata><data_esito>04/10/2021</data_esito><tipo_esito/><motivo_inesito/><campo_aggiuntivo/><nome/><cognome/><indirizzo/><cap/><citta/><provincia/></Raccomandata><Raccomandata><nome_file>038466200_57_607.pdf</nome_file><codice_raccomandata>685632054780</codice_raccomandata><data_esito>05/10/2021</data_esito><tipo_esito/><motivo_inesito/><campo_aggiuntivo/><nome/><cognome/><indirizzo/><cap/><citta/><provincia/></Raccomandata><Raccomandata><nome_file>038466200_57_610.pdf</nome_file><codice_raccomandata>685632058124</codice_raccomandata><data_esito>05/10/2021</data_esito><tipo_esito/><motivo_inesito/><campo_aggiuntivo/><nome/><cognome/><indirizzo/><cap/><citta/><provincia/></Raccomandata><Raccomandata><nome_file>038466200_57_613.pdf</nome_file><codice_raccomandata>685632056394</codice_raccomandata><data_esito>01/10/2021</data_esito><tipo_esito/><motivo_inesito/><campo_aggiuntivo/><nome/><cognome/><indirizzo/><cap/><citta/><provincia/></Raccomandata><Raccomandata><nome_file>038466200_57_616.pdf</nome_file><codice_raccomandata>685632071746</codice_raccomandata><data_esito>01/10/2021</data_esito><tipo_esito/><motivo_inesito/><campo_aggiuntivo/><nome/><cognome/><indirizzo/><cap/><citta/><provincia/></Raccomandata><Raccomandata><nome_file>038466200_57_619.pdf</nome_file><codice_raccomandata>685632070882</codice_raccomandata><data_esito>05/10/2021</data_esito><tipo_esito/><motivo_inesito/><campo_aggiuntivo/><nome/><cognome/><indirizzo/><cap/><citta/><provincia/></Raccomandata><Raccomandata><nome_file>038466200_57_622.pdf</nome_file><codice_raccomandata>685632072133</codice_raccomandata><data_esito>05/10/2021</data_esito><tipo_esito/><motivo_inesito/><campo_aggiuntivo/><nome/><cognome/><indirizzo/><cap/><citta/><provincia/></Raccomandata><Raccomandata><nome_file>038466200_57_625.pdf</nome_file><codice_raccomandata>685632067478</codice_raccomandata><data_esito>05/10/2021</data_esito><tipo_esito/><motivo_inesito/><campo_aggiuntivo/><nome/><cognome/><indirizzo/><cap/><citta/><provincia/></Raccomandata><Raccomandata><nome_file>038466200_57_628.pdf</nome_file><codice_raccomandata>685632068526</codice_raccomandata><data_esito>05/10/2021</data_esito><tipo_esito/><motivo_inesito/><campo_aggiuntivo/><nome/><cognome/><indirizzo/><cap/><citta/><provincia/></Raccomandata><Raccomandata><nome_file>038466200_57_631.pdf</nome_file><codice_raccomandata>685632055187</codice_raccomandata><data_esito>04/10/2021</data_esito><tipo_esito/><motivo_inesito/><campo_aggiuntivo/><nome/><cognome/><indirizzo/><cap/><citta/><provincia/></Raccomandata><Raccomandata><nome_file>038466200_57_634.pdf</nome_file><codice_raccomandata>685632069481</codice_raccomandata><data_esito>04/10/2021</data_esito><tipo_esito/><motivo_inesito/><campo_aggiuntivo/><nome/><cognome/><indirizzo/><cap/><citta/><provincia/></Raccomandata><Raccomandata><nome_file>038466200_57_637.pdf</nome_file><codice_raccomandata>685632066090</codice_raccomandata><data_esito>05/10/2021</data_esito><tipo_esito/><motivo_inesito/><campo_aggiuntivo/><nome/><cognome/><indirizzo/><cap/><citta/><provincia/></Raccomandata><Raccomandata><nome_file>038466200_57_640.pdf</nome_file><codice_raccomandata>685632071326</codice_raccomandata><data_esito>28/09/2021</data_esito><tipo_esito/><motivo_inesito/><campo_aggiuntivo/><nome/><cognome/><indirizzo/><cap/><citta/><provincia/></Raccomandata><Raccomandata><nome_file>038466200_57_643.pdf</nome_file><codice_raccomandata>685632073635</codice_raccomandata><data_esito>29/09/2021</data_esito><tipo_esito/><motivo_inesito/><campo_aggiuntivo/><nome/><cognome/><indirizzo/><cap/><citta/><provincia/></Raccomandata><Raccomandata><nome_file>038466200_57_646.pdf</nome_file><codice_raccomandata>685632055427</codice_raccomandata><data_esito>29/09/2021</data_esito><tipo_esito/><motivo_inesito/><campo_aggiuntivo/><nome/><cognome/><indirizzo/><cap/><citta/><provincia/></Raccomandata><Raccomandata><nome_file>038466200_57_649.pdf</nome_file><codice_raccomandata>685632066317</codice_raccomandata><data_esito>29/09/2021</data_esito><tipo_esito/><motivo_inesito/><campo_aggiuntivo/><nome/><cognome/><indirizzo/><cap/><citta/><provincia/></Raccomandata><Raccomandata><nome_file>038466200_57_652.pdf</nome_file><codice_raccomandata>685632067034</codice_raccomandata><data_esito>29/09/2021</data_esito><tipo_esito/><motivo_inesito/><campo_aggiuntivo/><nome/><cognome/><indirizzo/><cap/><citta/><provincia/></Raccomandata><Raccomandata><nome_file>038466200_57_655.pdf</nome_file><codice_raccomandata>685632072075</codice_raccomandata><data_esito>29/09/2021</data_esito><tipo_esito/><motivo_inesito/><campo_aggiuntivo/><nome/><cognome/><indirizzo/><cap/><citta/><provincia/></Raccomandata><Raccomandata><nome_file>038466200_57_658.pdf</nome_file><codice_raccomandata>685632072086</codice_raccomandata><data_esito>29/09/2021</data_esito><tipo_esito/><motivo_inesito/><campo_aggiuntivo/><nome/><cognome/><indirizzo/><cap/><citta/><provincia/></Raccomandata><Raccomandata><nome_file>038466200_57_661.pdf</nome_file><codice_raccomandata>685632066820</codice_raccomandata><data_esito>29/09/2021</data_esito><tipo_esito/><motivo_inesito/><campo_aggiuntivo/><nome/><cognome/><indirizzo/><cap/><citta/><provincia/></Raccomandata><Raccomandata><nome_file>038466200_57_664.pdf</nome_file><codice_raccomandata>685632067171</codice_raccomandata><data_esito>28/09/2021</data_esito><tipo_esito/><motivo_inesito/><campo_aggiuntivo/><nome/><cognome/><indirizzo/><cap/><citta/><provincia/></Raccomandata><Raccomandata><nome_file>038466200_57_667.pdf</nome_file><codice_raccomandata>685632066512</codice_raccomandata><data_esito>28/09/2021</data_esito><tipo_esito/><motivo_inesito/><campo_aggiuntivo/><nome/><cognome/><indirizzo/><cap/><citta/><provincia/></Raccomandata><Raccomandata><nome_file>038466200_57_670.pdf</nome_file><codice_raccomandata>685632066499</codice_raccomandata><data_esito>28/09/2021</data_esito><tipo_esito/><motivo_inesito/><campo_aggiuntivo/><nome/><cognome/><indirizzo/><cap/><citta/><provincia/></Raccomandata><Raccomandata><nome_file>038466200_57_673.pdf</nome_file><codice_raccomandata>685632066044</codice_raccomandata><data_esito>29/09/2021</data_esito><tipo_esito/><motivo_inesito/><campo_aggiuntivo/><nome/><cognome/><indirizzo/><cap/><citta/><provincia/></Raccomandata><Raccomandata><nome_file>038466200_57_676.pdf</nome_file><codice_raccomandata>685632068148</codice_raccomandata><data_esito>30/09/2021</data_esito><tipo_esito/><motivo_inesito/><campo_aggiuntivo/><nome/><cognome/><indirizzo/><cap/><citta/><provincia/></Raccomandata><Raccomandata><nome_file>038466200_57_679.pdf</nome_file><codice_raccomandata>685632067729</codice_raccomandata><data_esito>30/09/2021</data_esito><tipo_esito/><motivo_inesito/><campo_aggiuntivo/><nome/><cognome/><indirizzo/><cap/><citta/><provincia/></Raccomandata><Raccomandata><nome_file>038466200_57_682.pdf</nome_file><codice_raccomandata>685632065750</codice_raccomandata><data_esito>29/09/2021</data_esito><tipo_esito/><motivo_inesito/><campo_aggiuntivo/><nome/><cognome/><indirizzo/><cap/><citta/><provincia/></Raccomandata><Raccomandata><nome_file>038466200_57_685.pdf</nome_file><codice_raccomandata>685632066660</codice_raccomandata><data_esito>29/09/2021</data_esito><tipo_esito/><motivo_inesito/><campo_aggiuntivo/><nome/><cognome/><indirizzo/><cap/><citta/><provincia/></Raccomandata><Raccomandata><nome_file>038466200_57_688.pdf</nome_file><codice_raccomandata>685632066591</codice_raccomandata><data_esito>19/09/2021</data_esito><tipo_esito/><motivo_inesito/><campo_aggiuntivo/><nome/><cognome/><indirizzo/><cap/><citta/><provincia/></Raccomandata><Raccomandata><nome_file>038466200_57_691.pdf</nome_file><codice_raccomandata>685632067616</codice_raccomandata><data_esito>29/09/2021</data_esito><tipo_esito/><motivo_inesito/><campo_aggiuntivo/><nome/><cognome/><indirizzo/><cap/><citta/><provincia/></Raccomandata><Raccomandata><nome_file>038466200_57_694.pdf</nome_file><codice_raccomandata>685632065885</codice_raccomandata><data_esito>29/09/2021</data_esito><tipo_esito/><motivo_inesito/><campo_aggiuntivo/><nome/><cognome/><indirizzo/><cap/><citta/><provincia/></Raccomandata><Raccomandata><nome_file>038466200_57_697.pdf</nome_file><codice_raccomandata>685632068435</codice_raccomandata><data_esito>29/09/2021</data_esito><tipo_esito/><motivo_inesito/><campo_aggiuntivo/><nome/><cognome/><indirizzo/><cap/><citta/><provincia/></Raccomandata><Raccomandata><nome_file>038466200_57_700.pdf</nome_file><codice_raccomandata>685632068172</codice_raccomandata><data_esito>29/09/2021</data_esito><tipo_esito/><motivo_inesito/><campo_aggiuntivo/><nome/><cognome/><indirizzo/><cap/><citta/><provincia/></Raccomandata><Raccomandata><nome_file>038466200_57_703.pdf</nome_file><codice_raccomandata>685632055110</codice_raccomandata><data_esito>29/09/2021</data_esito><tipo_esito/><motivo_inesito/><campo_aggiuntivo/><nome/><cognome/><indirizzo/><cap/><citta/><provincia/></Raccomandata><Raccomandata><nome_file>038466200_57_706.pdf</nome_file><codice_raccomandata>685632068515</codice_raccomandata><data_esito>28/09/2021</data_esito><tipo_esito/><motivo_inesito/><campo_aggiuntivo/><nome/><cognome/><indirizzo/><cap/><citta/><provincia/></Raccomandata><Raccomandata><nome_file>038466200_57_709.pdf</nome_file><codice_raccomandata>685632075978</codice_raccomandata><data_esito>24/09/2021</data_esito><tipo_esito/><motivo_inesito/><campo_aggiuntivo/><nome/><cognome/><indirizzo/><cap/><citta/><provincia/></Raccomandata><Raccomandata><nome_file>038466200_57_712.pdf</nome_file><codice_raccomandata>685632075887</codice_raccomandata><data_esito>24/09/2021</data_esito><tipo_esito/><motivo_inesito/><campo_aggiuntivo/><nome/><cognome/><indirizzo/><cap/><citta/><provincia/></Raccomandata><Raccomandata><nome_file>038466200_57_715.pdf</nome_file><codice_raccomandata>685632074192</codice_raccomandata><data_esito>29/09/2021</data_esito><tipo_esito/><motivo_inesito/><campo_aggiuntivo/><nome/><cognome/><indirizzo/><cap/><citta/><provincia/></Raccomandata><Raccomandata><nome_file>038466200_57_718.pdf</nome_file><codice_raccomandata>685632069242</codice_raccomandata><data_esito>29/09/2021</data_esito><tipo_esito/><motivo_inesito/><campo_aggiuntivo/><nome/><cognome/><indirizzo/><cap/><citta/><provincia/></Raccomandata><Raccomandata><nome_file>038466200_57_721.pdf</nome_file><codice_raccomandata>685632069721</codice_raccomandata><data_esito>29/09/2021</data_esito><tipo_esito/><motivo_inesito/><campo_aggiuntivo/><nome/><cognome/><indirizzo/><cap/><citta/><provincia/></Raccomandata><Raccomandata><nome_file>038466200_57_724.pdf</nome_file><codice_raccomandata>685632066773</codice_raccomandata><data_esito>29/09/2021</data_esito><tipo_esito/><motivo_inesito/><campo_aggiuntivo/><nome/><cognome/><indirizzo/><cap/><citta/><provincia/></Raccomandata><Raccomandata><nome_file>038466200_57_727.pdf</nome_file><codice_raccomandata>685632065522</codice_raccomandata><data_esito>29/09/2021</data_esito><tipo_esito/><motivo_inesito/><campo_aggiuntivo/><nome/><cognome/><indirizzo/><cap/><citta/><provincia/></Raccomandata><Raccomandata><nome_file>038466200_57_730.pdf</nome_file><codice_raccomandata>685632066693</codice_raccomandata><data_esito>29/09/2021</data_esito><tipo_esito/><motivo_inesito/><campo_aggiuntivo/><nome/><cognome/><indirizzo/><cap/><citta/><provincia/></Raccomandata><Raccomandata><nome_file>038466200_57_733.pdf</nome_file><codice_raccomandata>685632054984</codice_raccomandata><data_esito>29/09/2021</data_esito><tipo_esito/><motivo_inesito/><campo_aggiuntivo/><nome/><cognome/><indirizzo/><cap/><citta/><provincia/></Raccomandata><Raccomandata><nome_file>038466200_57_736.pdf</nome_file><codice_raccomandata>685632066739</codice_raccomandata><data_esito>29/09/2021</data_esito><tipo_esito/><motivo_inesito/><campo_aggiuntivo/><nome/><cognome/><indirizzo/><cap/><citta/><provincia/></Raccomandata><Raccomandata><nome_file>038466200_57_739.pdf</nome_file><codice_raccomandata>685632066751</codice_raccomandata><data_esito>29/09/2021</data_esito><tipo_esito/><motivo_inesito/><campo_aggiuntivo/><nome/><cognome/><indirizzo/><cap/><citta/><provincia/></Raccomandata><Raccomandata><nome_file>038466200_57_742.pdf</nome_file><codice_raccomandata>685632054951</codice_raccomandata><data_esito>29/09/2021</data_esito><tipo_esito/><motivo_inesito/><campo_aggiuntivo/><nome/><cognome/><indirizzo/><cap/><citta/><provincia/></Raccomandata><Raccomandata><nome_file>038466200_57_745.pdf</nome_file><codice_raccomandata>685632070142</codice_raccomandata><data_esito>29/09/2021</data_esito><tipo_esito/><motivo_inesito/><campo_aggiuntivo/><nome/><cognome/><indirizzo/><cap/><citta/><provincia/></Raccomandata><Raccomandata><nome_file>038466200_57_748.pdf</nome_file><codice_raccomandata>685632069982</codice_raccomandata><data_esito>29/09/2021</data_esito><tipo_esito/><motivo_inesito/><campo_aggiuntivo/><nome/><cognome/><indirizzo/><cap/><citta/><provincia/></Raccomandata><Raccomandata><nome_file>038466200_57_751.pdf</nome_file><codice_raccomandata>685632069891</codice_raccomandata><data_esito>29/09/2021</data_esito><tipo_esito/><motivo_inesito/><campo_aggiuntivo/><nome/><cognome/><indirizzo/><cap/><citta/><provincia/></Raccomandata><Raccomandata><nome_file>038466200_57_754.pdf</nome_file><codice_raccomandata>685632070107</codice_raccomandata><data_esito>28/09/2021</data_esito><tipo_esito/><motivo_inesito/><campo_aggiuntivo/><nome/><cognome/><indirizzo/><cap/><citta/><provincia/></Raccomandata><Raccomandata><nome_file>038466200_57_757.pdf</nome_file><codice_raccomandata>685632069879</codice_raccomandata><data_esito>28/09/2021</data_esito><tipo_esito/><motivo_inesito/><campo_aggiuntivo/><nome/><cognome/><indirizzo/><cap/><citta/><provincia/></Raccomandata><Raccomandata><nome_file>038466200_57_760.pdf</nome_file><codice_raccomandata>685632074226</codice_raccomandata><data_esito>30/09/2021</data_esito><tipo_esito/><motivo_inesito/><campo_aggiuntivo/><nome/><cognome/><indirizzo/><cap/><citta/><provincia/></Raccomandata><Raccomandata><nome_file>038466200_57_763.pdf</nome_file><codice_raccomandata>685632055018</codice_raccomandata><data_esito>29/09/2021</data_esito><tipo_esito/><motivo_inesito/><campo_aggiuntivo/><nome/><cognome/><indirizzo/><cap/><citta/><provincia/></Raccomandata><Raccomandata><nome_file>038466200_57_766.pdf</nome_file><codice_raccomandata>685632068194</codice_raccomandata><data_esito>28/09/2021</data_esito><tipo_esito/><motivo_inesito/><campo_aggiuntivo/><nome/><cognome/><indirizzo/><cap/><citta/><provincia/></Raccomandata><Raccomandata><nome_file>038466200_57_769.pdf</nome_file><codice_raccomandata>685632054791</codice_raccomandata><data_esito>29/09/2021</data_esito><tipo_esito/><motivo_inesito/><campo_aggiuntivo/><nome/><cognome/><indirizzo/><cap/><citta/><provincia/></Raccomandata><Raccomandata><nome_file>038466200_57_772.pdf</nome_file><codice_raccomandata>685632066339</codice_raccomandata><data_esito>29/09/2021</data_esito><tipo_esito/><motivo_inesito/><campo_aggiuntivo/><nome/><cognome/><indirizzo/><cap/><citta/><provincia/></Raccomandata><Raccomandata><nome_file>038466200_57_775.pdf</nome_file><codice_raccomandata>685632068252</codice_raccomandata><data_esito>29/09/2021</data_esito><tipo_esito/><motivo_inesito/><campo_aggiuntivo/><nome/><cognome/><indirizzo/><cap/><citta/><provincia/></Raccomandata><Raccomandata><nome_file>038466200_57_778.pdf</nome_file><codice_raccomandata>685632066294</codice_raccomandata><data_esito>29/09/2021</data_esito><tipo_esito/><motivo_inesito/><campo_aggiuntivo/><nome/><cognome/><indirizzo/><cap/><citta/><provincia/></Raccomandata><Raccomandata><nome_file>038466200_57_781.pdf</nome_file><codice_raccomandata>685632054860</codice_raccomandata><data_esito>29/09/2021</data_esito><tipo_esito/><motivo_inesito/><campo_aggiuntivo/><nome/><cognome/><indirizzo/><cap/><citta/><provincia/></Raccomandata><Raccomandata><nome_file>038466200_57_784.pdf</nome_file><codice_raccomandata>685632054392</codice_raccomandata><data_esito>29/09/2021</data_esito><tipo_esito/><motivo_inesito/><campo_aggiuntivo/><nome/><cognome/><indirizzo/><cap/><citta/><provincia/></Raccomandata><Raccomandata><nome_file>038466200_57_787.pdf</nome_file><codice_raccomandata>685632060377</codice_raccomandata><data_esito>29/09/2021</data_esito><tipo_esito/><motivo_inesito/><campo_aggiuntivo/><nome/><cognome/><indirizzo/><cap/><citta/><provincia/></Raccomandata><Raccomandata><nome_file>038466200_57_790.pdf</nome_file><codice_raccomandata>685632058044</codice_raccomandata><data_esito>27/09/2021</data_esito><tipo_esito/><motivo_inesito/><campo_aggiuntivo/><nome/><cognome/><indirizzo/><cap/><citta/><provincia/></Raccomandata><Raccomandata><nome_file>038466200_57_793.pdf</nome_file><codice_raccomandata>685632060799</codice_raccomandata><data_esito>30/09/2021</data_esito><tipo_esito/><motivo_inesito/><campo_aggiuntivo/><nome/><cognome/><indirizzo/><cap/><citta/><provincia/></Raccomandata><Raccomandata><nome_file>038466200_57_796.pdf</nome_file><codice_raccomandata>685632054723</codice_raccomandata><data_esito>30/09/2021</data_esito><tipo_esito/><motivo_inesito/><campo_aggiuntivo/><nome/><cognome/><indirizzo/><cap/><citta/><provincia/></Raccomandata><Raccomandata><nome_file>038466200_57_799.pdf</nome_file><codice_raccomandata>685632064188</codice_raccomandata><data_esito>30/09/2021</data_esito><tipo_esito/><motivo_inesito/><campo_aggiuntivo/><nome/><cognome/><indirizzo/><cap/><citta/><provincia/></Raccomandata><Raccomandata><nome_file>038466200_57_802.pdf</nome_file><codice_raccomandata>685632062211</codice_raccomandata><data_esito>29/09/2021</data_esito><tipo_esito/><motivo_inesito/><campo_aggiuntivo/><nome/><cognome/><indirizzo/><cap/><citta/><provincia/></Raccomandata><Raccomandata><nome_file>038466200_57_805.pdf</nome_file><codice_raccomandata>685632060572</codice_raccomandata><data_esito>29/09/2021</data_esito><tipo_esito/><motivo_inesito/><campo_aggiuntivo/><nome/><cognome/><indirizzo/><cap/><citta/><provincia/></Raccomandata><Raccomandata><nome_file>038466200_57_808.pdf</nome_file><codice_raccomandata>685632075718</codice_raccomandata><data_esito>29/09/2021</data_esito><tipo_esito/><motivo_inesito/><campo_aggiuntivo/><nome/><cognome/><indirizzo/><cap/><citta/><provincia/></Raccomandata><Raccomandata><nome_file>038466200_57_811.pdf</nome_file><codice_raccomandata>685632066637</codice_raccomandata><data_esito>02/10/2021</data_esito><tipo_esito/><motivo_inesito/><campo_aggiuntivo/><nome/><cognome/><indirizzo/><cap/><citta/><provincia/></Raccomandata><Raccomandata><nome_file>038466200_57_814.pdf</nome_file><codice_raccomandata>685632066397</codice_raccomandata><data_esito>02/10/2021</data_esito><tipo_esito/><motivo_inesito/><campo_aggiuntivo/><nome/><cognome/><indirizzo/><cap/><citta/><provincia/></Raccomandata><Raccomandata><nome_file>038466200_57_817.pdf</nome_file><codice_raccomandata>685632067683</codice_raccomandata><data_esito>02/10/2021</data_esito><tipo_esito/><motivo_inesito/><campo_aggiuntivo/><nome/><cognome/><indirizzo/><cap/><citta/><provincia/></Raccomandata><Raccomandata><nome_file>038466200_57_820.pdf</nome_file><codice_raccomandata>685632054928</codice_raccomandata><data_esito>02/10/2021</data_esito><tipo_esito/><motivo_inesito/><campo_aggiuntivo/><nome/><cognome/><indirizzo/><cap/><citta/><provincia/></Raccomandata><Raccomandata><nome_file>038466200_57_823.pdf</nome_file><codice_raccomandata>685632066626</codice_raccomandata><data_esito>02/10/2021</data_esito><tipo_esito/><motivo_inesito/><campo_aggiuntivo/><nome/><cognome/><indirizzo/><cap/><citta/><provincia/></Raccomandata><Raccomandata><nome_file>038466200_57_826.pdf</nome_file><codice_raccomandata>685632065624</codice_raccomandata><data_esito>02/10/2021</data_esito><tipo_esito/><motivo_inesito/><campo_aggiuntivo/><nome/><cognome/><indirizzo/><cap/><citta/><provincia/></Raccomandata><Raccomandata><nome_file>038466200_57_829.pdf</nome_file><codice_raccomandata>685632072395</codice_raccomandata><data_esito>02/10/2021</data_esito><tipo_esito/><motivo_inesito/><campo_aggiuntivo/><nome/><cognome/><indirizzo/><cap/><citta/><provincia/></Raccomandata><Raccomandata><nome_file>038466200_57_832.pdf</nome_file><codice_raccomandata>685632067980</codice_raccomandata><data_esito>02/10/2021</data_esito><tipo_esito/><motivo_inesito/><campo_aggiuntivo/><nome/><cognome/><indirizzo/><cap/><citta/><provincia/></Raccomandata><Raccomandata><nome_file>038466200_57_835.pdf</nome_file><codice_raccomandata>685632054916</codice_raccomandata><data_esito>01/10/2021</data_esito><tipo_esito/><motivo_inesito/><campo_aggiuntivo/><nome/><cognome/><indirizzo/><cap/><citta/><provincia/></Raccomandata><Raccomandata><nome_file>038466200_57_838.pdf</nome_file><codice_raccomandata>685632055030</codice_raccomandata><data_esito>04/10/2021</data_esito><tipo_esito/><motivo_inesito/><campo_aggiuntivo/><nome/><cognome/><indirizzo/><cap/><citta/><provincia/></Raccomandata><Raccomandata><nome_file>038466200_57_841.pdf</nome_file><codice_raccomandata>685632067899</codice_raccomandata><data_esito>04/10/2021</data_esito><tipo_esito/><motivo_inesito/><campo_aggiuntivo/><nome/><cognome/><indirizzo/><cap/><citta/><provincia/></Raccomandata><Raccomandata><nome_file>038466200_57_844.pdf</nome_file><codice_raccomandata>685632062791</codice_raccomandata><data_esito>02/10/2021</data_esito><tipo_esito/><motivo_inesito/><campo_aggiuntivo/><nome/><cognome/><indirizzo/><cap/><citta/><provincia/></Raccomandata><Raccomandata><nome_file>038466200_57_847.pdf</nome_file><codice_raccomandata>685632062335</codice_raccomandata><data_esito>02/10/2021</data_esito><tipo_esito/><motivo_inesito/><campo_aggiuntivo/><nome/><cognome/><indirizzo/><cap/><citta/><provincia/></Raccomandata><Raccomandata><nome_file>038466200_57_850.pdf</nome_file><codice_raccomandata>685632063587</codice_raccomandata><data_esito>02/10/2021</data_esito><tipo_esito/><motivo_inesito/><campo_aggiuntivo/><nome/><cognome/><indirizzo/><cap/><citta/><provincia/></Raccomandata><Raccomandata><nome_file>038466200_57_853.pdf</nome_file><codice_raccomandata>685632060710</codice_raccomandata><data_esito>27/09/2021</data_esito><tipo_esito/><motivo_inesito/><campo_aggiuntivo/><nome/><cognome/><indirizzo/><cap/><citta/><provincia/></Raccomandata><Raccomandata><nome_file>038466200_57_856.pdf</nome_file><codice_raccomandata>685632073191</codice_raccomandata><data_esito>04/10/2021</data_esito><tipo_esito/><motivo_inesito/><campo_aggiuntivo/><nome/><cognome/><indirizzo/><cap/><citta/><provincia/></Raccomandata><Raccomandata><nome_file>038466200_57_859.pdf</nome_file><codice_raccomandata>685632073987</codice_raccomandata><data_esito>04/10/2021</data_esito><tipo_esito/><motivo_inesito/><campo_aggiuntivo/><nome/><cognome/><indirizzo/><cap/><citta/><provincia/></Raccomandata><Raccomandata><nome_file>038466200_57_862.pdf</nome_file><codice_raccomandata>685632074102</codice_raccomandata><data_esito>30/09/2021</data_esito><tipo_esito/><motivo_inesito/><campo_aggiuntivo/><nome/><cognome/><indirizzo/><cap/><citta/><provincia/></Raccomandata><Raccomandata><nome_file>038466200_57_865.pdf</nome_file><codice_raccomandata>685632060242</codice_raccomandata><data_esito>02/10/2021</data_esito><tipo_esito/><motivo_inesito/><campo_aggiuntivo/><nome/><cognome/><indirizzo/><cap/><citta/><provincia/></Raccomandata><Raccomandata><nome_file>038466200_57_868.pdf</nome_file><codice_raccomandata>685632059707</codice_raccomandata><data_esito>04/10/2021</data_esito><tipo_esito/><motivo_inesito/><campo_aggiuntivo/><nome/><cognome/><indirizzo/><cap/><citta/><provincia/></Raccomandata><Raccomandata><nome_file>038466200_57_871.pdf</nome_file><codice_raccomandata>685632059410</codice_raccomandata><data_esito>02/10/2021</data_esito><tipo_esito/><motivo_inesito/><campo_aggiuntivo/><nome/><cognome/><indirizzo/><cap/><citta/><provincia/></Raccomandata><Raccomandata><nome_file>038466200_57_874.pdf</nome_file><codice_raccomandata>685632057841</codice_raccomandata><data_esito>02/10/2021</data_esito><tipo_esito/><motivo_inesito/><campo_aggiuntivo/><nome/><cognome/><indirizzo/><cap/><citta/><provincia/></Raccomandata><Raccomandata><nome_file>038466200_57_877.pdf</nome_file><codice_raccomandata>685632059353</codice_raccomandata><data_esito>02/10/2021</data_esito><tipo_esito/><motivo_inesito/><campo_aggiuntivo/><nome/><cognome/><indirizzo/><cap/><citta/><provincia/></Raccomandata><Raccomandata><nome_file>038466200_57_880.pdf</nome_file><codice_raccomandata>685632067489</codice_raccomandata><data_esito>04/10/2021</data_esito><tipo_esito/><motivo_inesito/><campo_aggiuntivo/><nome/><cognome/><indirizzo/><cap/><citta/><provincia/></Raccomandata><Raccomandata><nome_file>038466200_57_883.pdf</nome_file><codice_raccomandata>685632072441</codice_raccomandata><data_esito>02/10/2021</data_esito><tipo_esito/><motivo_inesito/><campo_aggiuntivo/><nome/><cognome/><indirizzo/><cap/><citta/><provincia/></Raccomandata><Raccomandata><nome_file>038466200_57_886.pdf</nome_file><codice_raccomandata>685632054871</codice_raccomandata><data_esito>30/09/2021</data_esito><tipo_esito/><motivo_inesito/><campo_aggiuntivo/><nome/><cognome/><indirizzo/><cap/><citta/><provincia/></Raccomandata><Raccomandata><nome_file>038466200_57_889.pdf</nome_file><codice_raccomandata>685632071849</codice_raccomandata><data_esito>02/10/2021</data_esito><tipo_esito/><motivo_inesito/><campo_aggiuntivo/><nome/><cognome/><indirizzo/><cap/><citta/><provincia/></Raccomandata><Raccomandata><nome_file>038466200_57_892.pdf</nome_file><codice_raccomandata>685632072463</codice_raccomandata><data_esito>02/10/2021</data_esito><tipo_esito/><motivo_inesito/><campo_aggiuntivo/><nome/><cognome/><indirizzo/><cap/><citta/><provincia/></Raccomandata><Raccomandata><nome_file>038466200_57_895.pdf</nome_file><codice_raccomandata>685632066283</codice_raccomandata><data_esito>04/10/2021</data_esito><tipo_esito/><motivo_inesito/><campo_aggiuntivo/><nome/><cognome/><indirizzo/><cap/><citta/><provincia/></Raccomandata><Raccomandata><nome_file>038466200_57_898.pdf</nome_file><codice_raccomandata>685632072224</codice_raccomandata><data_esito>02/10/2021</data_esito><tipo_esito/><motivo_inesito/><campo_aggiuntivo/><nome/><cognome/><indirizzo/><cap/><citta/><provincia/></Raccomandata><Raccomandata><nome_file>038466200_57_901.pdf</nome_file><codice_raccomandata>685632072372</codice_raccomandata><data_esito>02/10/2021</data_esito><tipo_esito/><motivo_inesito/><campo_aggiuntivo/><nome/><cognome/><indirizzo/><cap/><citta/><provincia/></Raccomandata><Raccomandata><nome_file>038466200_57_904.pdf</nome_file><codice_raccomandata>685632072188</codice_raccomandata><data_esito>02/10/2021</data_esito><tipo_esito/><motivo_inesito/><campo_aggiuntivo/><nome/><cognome/><indirizzo/><cap/><citta/><provincia/></Raccomandata><Raccomandata><nome_file>038466200_57_907.pdf</nome_file><codice_raccomandata>685632071930</codice_raccomandata><data_esito>02/10/2021</data_esito><tipo_esito/><motivo_inesito/><campo_aggiuntivo/><nome/><cognome/><indirizzo/><cap/><citta/><provincia/></Raccomandata><Raccomandata><nome_file>038466200_57_910.pdf</nome_file><codice_raccomandata>685632072053</codice_raccomandata><data_esito>02/10/2021</data_esito><tipo_esito/><motivo_inesito/><campo_aggiuntivo/><nome/><cognome/><indirizzo/><cap/><citta/><provincia/></Raccomandata><Raccomandata><nome_file>038466200_57_913.pdf</nome_file><codice_raccomandata>685632061824</codice_raccomandata><data_esito>02/10/2021</data_esito><tipo_esito/><motivo_inesito/><campo_aggiuntivo/><nome/><cognome/><indirizzo/><cap/><citta/><provincia/></Raccomandata><Raccomandata><nome_file>038466200_57_916.pdf</nome_file><codice_raccomandata>685632070836</codice_raccomandata><data_esito>02/10/2021</data_esito><tipo_esito/><motivo_inesito/><campo_aggiuntivo/><nome/><cognome/><indirizzo/><cap/><citta/><provincia/></Raccomandata><Raccomandata><nome_file>038466200_57_919.pdf</nome_file><codice_raccomandata>685632070734</codice_raccomandata><data_esito>02/10/2021</data_esito><tipo_esito/><motivo_inesito/><campo_aggiuntivo/><nome/><cognome/><indirizzo/><cap/><citta/><provincia/></Raccomandata><Raccomandata><nome_file>038466200_57_922.pdf</nome_file><codice_raccomandata>685632071074</codice_raccomandata><data_esito>02/10/2021</data_esito><tipo_esito/><motivo_inesito/><campo_aggiuntivo/><nome/><cognome/><indirizzo/><cap/><citta/><provincia/></Raccomandata><Raccomandata><nome_file>038466200_57_925.pdf</nome_file><codice_raccomandata>685632071201</codice_raccomandata><data_esito>01/10/2021</data_esito><tipo_esito/><motivo_inesito/><campo_aggiuntivo/><nome/><cognome/><indirizzo/><cap/><citta/><provincia/></Raccomandata><Raccomandata><nome_file>038466200_57_928.pdf</nome_file><codice_raccomandata>685632070621</codice_raccomandata><data_esito>01/10/2021</data_esito><tipo_esito/><motivo_inesito/><campo_aggiuntivo/><nome/><cognome/><indirizzo/><cap/><citta/><provincia/></Raccomandata><Raccomandata><nome_file>038466200_57_931.pdf</nome_file><codice_raccomandata>685632071598</codice_raccomandata><data_esito>01/10/2021</data_esito><tipo_esito/><motivo_inesito/><campo_aggiuntivo/><nome/><cognome/><indirizzo/><cap/><citta/><provincia/></Raccomandata><Raccomandata><nome_file>038466200_57_934.pdf</nome_file><codice_raccomandata>685632070803</codice_raccomandata><data_esito>29/09/2021</data_esito><tipo_esito/><motivo_inesito/><campo_aggiuntivo/><nome/><cognome/><indirizzo/><cap/><citta/><provincia/></Raccomandata><Raccomandata><nome_file>038466200_57_937.pdf</nome_file><codice_raccomandata>685632070779</codice_raccomandata><data_esito>29/09/2021</data_esito><tipo_esito/><motivo_inesito/><campo_aggiuntivo/><nome/><cognome/><indirizzo/><cap/><citta/><provincia/></Raccomandata><Raccomandata><nome_file>038466200_57_940.pdf</nome_file><codice_raccomandata>685632055371</codice_raccomandata><data_esito>02/10/2021</data_esito><tipo_esito/><motivo_inesito/><campo_aggiuntivo/><nome/><cognome/><indirizzo/><cap/><citta/><provincia/></Raccomandata><Raccomandata><nome_file>038466200_57_943.pdf</nome_file><codice_raccomandata>685632072199</codice_raccomandata><data_esito>02/10/2021</data_esito><tipo_esito/><motivo_inesito/><campo_aggiuntivo/><nome/><cognome/><indirizzo/><cap/><citta/><provincia/></Raccomandata><Raccomandata><nome_file>038466200_57_946.pdf</nome_file><codice_raccomandata>685632072097</codice_raccomandata><data_esito>02/10/2021</data_esito><tipo_esito/><motivo_inesito/><campo_aggiuntivo/><nome/><cognome/><indirizzo/><cap/><citta/><provincia/></Raccomandata><Raccomandata><nome_file>038466200_57_949.pdf</nome_file><codice_raccomandata>685632055369</codice_raccomandata><data_esito>02/10/2021</data_esito><tipo_esito/><motivo_inesito/><campo_aggiuntivo/><nome/><cognome/><indirizzo/><cap/><citta/><provincia/></Raccomandata><Raccomandata><nome_file>038466200_57_952.pdf</nome_file><codice_raccomandata>685632066740</codice_raccomandata><data_esito>02/10/2021</data_esito><tipo_esito/><motivo_inesito/><campo_aggiuntivo/><nome/><cognome/><indirizzo/><cap/><citta/><provincia/></Raccomandata><Raccomandata><nome_file>038466200_57_955.pdf</nome_file><codice_raccomandata>685632056521</codice_raccomandata><data_esito>30/09/2021</data_esito><tipo_esito/><motivo_inesito/><campo_aggiuntivo/><nome/><cognome/><indirizzo/><cap/><citta/><provincia/></Raccomandata><Raccomandata><nome_file>038466200_57_958.pdf</nome_file><codice_raccomandata>685632057613</codice_raccomandata><data_esito>29/09/2021</data_esito><tipo_esito/><motivo_inesito/><campo_aggiuntivo/><nome/><cognome/><indirizzo/><cap/><citta/><provincia/></Raccomandata><Raccomandata><nome_file>038466200_57_961.pdf</nome_file><codice_raccomandata>685632073590</codice_raccomandata><data_esito>29/09/2021</data_esito><tipo_esito/><motivo_inesito/><campo_aggiuntivo/><nome/><cognome/><indirizzo/><cap/><citta/><provincia/></Raccomandata><Raccomandata><nome_file>038466200_57_964.pdf</nome_file><codice_raccomandata>685632073589</codice_raccomandata><data_esito>29/09/2021</data_esito><tipo_esito/><motivo_inesito/><campo_aggiuntivo/><nome/><cognome/><indirizzo/><cap/><citta/><provincia/></Raccomandata><Raccomandata><nome_file>038466200_57_967.pdf</nome_file><codice_raccomandata>685632073498</codice_raccomandata><data_esito>30/09/2021</data_esito><tipo_esito/><motivo_inesito/><campo_aggiuntivo/><nome/><cognome/><indirizzo/><cap/><citta/><provincia/></Raccomandata><Raccomandata><nome_file>038466200_57_970.pdf</nome_file><codice_raccomandata>685632059114</codice_raccomandata><data_esito>29/09/2021</data_esito><tipo_esito/><motivo_inesito/><campo_aggiuntivo/><nome/><cognome/><indirizzo/><cap/><citta/><provincia/></Raccomandata><Raccomandata><nome_file>038466200_57_973.pdf</nome_file><codice_raccomandata>685632071928</codice_raccomandata><data_esito>29/09/2021</data_esito><tipo_esito/><motivo_inesito/><campo_aggiuntivo/><nome/><cognome/><indirizzo/><cap/><citta/><provincia/></Raccomandata><Raccomandata><nome_file>038466200_57_976.pdf</nome_file><codice_raccomandata>685632072122</codice_raccomandata><data_esito>29/09/2021</data_esito><tipo_esito/><motivo_inesito/><campo_aggiuntivo/><nome/><cognome/><indirizzo/><cap/><citta/><provincia/></Raccomandata><Raccomandata><nome_file>038466200_57_979.pdf</nome_file><codice_raccomandata>685632072111</codice_raccomandata><data_esito>29/09/2021</data_esito><tipo_esito/><motivo_inesito/><campo_aggiuntivo/><nome/><cognome/><indirizzo/><cap/><citta/><provincia/></Raccomandata><Raccomandata><nome_file>038466200_57_982.pdf</nome_file><codice_raccomandata>685632057021</codice_raccomandata><data_esito>30/09/2021</data_esito><tipo_esito/><motivo_inesito/><campo_aggiuntivo/><nome/><cognome/><indirizzo/><cap/><citta/><provincia/></Raccomandata><Raccomandata><nome_file>038466200_57_985.pdf</nome_file><codice_raccomandata>685632057818</codice_raccomandata><data_esito>28/09/2021</data_esito><tipo_esito/><motivo_inesito/><campo_aggiuntivo/><nome/><cognome/><indirizzo/><cap/><citta/><provincia/></Raccomandata><Raccomandata><nome_file>038466200_57_988.pdf</nome_file><codice_raccomandata>685632075136</codice_raccomandata><data_esito>25/09/2021</data_esito><tipo_esito/><motivo_inesito/><campo_aggiuntivo/><nome/><cognome/><indirizzo/><cap/><citta/><provincia/></Raccomandata><Raccomandata><nome_file>038466200_57_991.pdf</nome_file><codice_raccomandata>685632070541</codice_raccomandata><data_esito>29/09/2021</data_esito><tipo_esito/><motivo_inesito/><campo_aggiuntivo/><nome/><cognome/><indirizzo/><cap/><citta/><provincia/></Raccomandata><Raccomandata><nome_file>038466200_57_994.pdf</nome_file><codice_raccomandata>685632071315</codice_raccomandata><data_esito>29/09/2021</data_esito><tipo_esito/><motivo_inesito/><campo_aggiuntivo/><nome/><cognome/><indirizzo/><cap/><citta/><provincia/></Raccomandata><Raccomandata><nome_file>038466200_57_997.pdf</nome_file><codice_raccomandata>685632071360</codice_raccomandata><data_esito>29/09/2021</data_esito><tipo_esito/><motivo_inesito/><campo_aggiuntivo/><nome/><cognome/><indirizzo/><cap/><citta/><provincia/></Raccomandata><Raccomandata><nome_file>038466200_57_1000.pdf</nome_file><codice_raccomandata>685632071462</codice_raccomandata><data_esito>29/09/2021</data_esito><tipo_esito/><motivo_inesito/><campo_aggiuntivo/><nome/><cognome/><indirizzo/><cap/><citta/><provincia/></Raccomandata><Raccomandata><nome_file>038466200_57_1003.pdf</nome_file><codice_raccomandata>685632071029</codice_raccomandata><data_esito>29/09/2021</data_esito><tipo_esito/><motivo_inesito/><campo_aggiuntivo/><nome/><cognome/><indirizzo/><cap/><citta/><provincia/></Raccomandata><Raccomandata><nome_file>038466200_57_1006.pdf</nome_file><codice_raccomandata>685632071030</codice_raccomandata><data_esito>29/09/2021</data_esito><tipo_esito/><motivo_inesito/><campo_aggiuntivo/><nome/><cognome/><indirizzo/><cap/><citta/><provincia/></Raccomandata><Raccomandata><nome_file>038466200_57_1009.pdf</nome_file><codice_raccomandata>685632071440</codice_raccomandata><data_esito>29/09/2021</data_esito><tipo_esito/><motivo_inesito/><campo_aggiuntivo/><nome/><cognome/><indirizzo/><cap/><citta/><provincia/></Raccomandata><Raccomandata><nome_file>038466200_57_1012.pdf</nome_file><codice_raccomandata>685632065498</codice_raccomandata><data_esito>02/10/2021</data_esito><tipo_esito/><motivo_inesito/><campo_aggiuntivo/><nome/><cognome/><indirizzo/><cap/><citta/><provincia/></Raccomandata><Raccomandata><nome_file>038466200_57_1015.pdf</nome_file><codice_raccomandata>685632072166</codice_raccomandata><data_esito>02/10/2021</data_esito><tipo_esito/><motivo_inesito/><campo_aggiuntivo/><nome/><cognome/><indirizzo/><cap/><citta/><provincia/></Raccomandata><Raccomandata><nome_file>038466200_57_1018.pdf</nome_file><codice_raccomandata>685632066705</codice_raccomandata><data_esito>01/10/2021</data_esito><tipo_esito/><motivo_inesito/><campo_aggiuntivo/><nome/><cognome/><indirizzo/><cap/><citta/><provincia/></Raccomandata><Raccomandata><nome_file>038466200_57_1021.pdf</nome_file><codice_raccomandata>685632066146</codice_raccomandata><data_esito>02/10/2021</data_esito><tipo_esito/><motivo_inesito/><campo_aggiuntivo/><nome/><cognome/><indirizzo/><cap/><citta/><provincia/></Raccomandata><Raccomandata><nome_file>038466200_57_1024.pdf</nome_file><codice_raccomandata>685632066922</codice_raccomandata><data_esito>02/10/2021</data_esito><tipo_esito/><motivo_inesito/><campo_aggiuntivo/><nome/><cognome/><indirizzo/><cap/><citta/><provincia/></Raccomandata><Raccomandata><nome_file>038466200_57_1027.pdf</nome_file><codice_raccomandata>685632066944</codice_raccomandata><data_esito>02/10/2021</data_esito><tipo_esito/><motivo_inesito/><campo_aggiuntivo/><nome/><cognome/><indirizzo/><cap/><citta/><provincia/></Raccomandata><Raccomandata><nome_file>038466200_57_1030.pdf</nome_file><codice_raccomandata>685632072144</codice_raccomandata><data_esito>02/10/2021</data_esito><tipo_esito/><motivo_inesito/><campo_aggiuntivo/><nome/><cognome/><indirizzo/><cap/><citta/><provincia/></Raccomandata></Spedizione>
