<Spedizione Cliente="Z0088629" Archivio="IDF15080007_E.zip" Filename="IDF15080007_E.xml" NumeroRaccomandate="59"><Raccomandata><nome_file>038873800_57_7.pdf</nome_file><codice_raccomandata>685632280705</codice_raccomandata><data_esito>19/10/2021</data_esito><tipo_esito/><motivo_inesito/><campo_aggiuntivo/><nome/><cognome/><indirizzo/><cap/><citta/><provincia/></Raccomandata><Raccomandata><nome_file>038873800_57_10.pdf</nome_file><codice_raccomandata>685632275538</codice_raccomandata><data_esito>19/10/2021</data_esito><tipo_esito/><motivo_inesito/><campo_aggiuntivo/><nome/><cognome/><indirizzo/><cap/><citta/><provincia/></Raccomandata><Raccomandata><nome_file>038873800_57_13.pdf</nome_file><codice_raccomandata>685632281876</codice_raccomandata><data_esito>19/10/2021</data_esito><tipo_esito/><motivo_inesito/><campo_aggiuntivo/><nome/><cognome/><indirizzo/><cap/><citta/><provincia/></Raccomandata><Raccomandata><nome_file>038873800_57_16.pdf</nome_file><codice_raccomandata>685632281228</codice_raccomandata><data_esito>20/10/2021</data_esito><tipo_esito/><motivo_inesito/><campo_aggiuntivo/><nome/><cognome/><indirizzo/><cap/><citta/><provincia/></Raccomandata><Raccomandata><nome_file>038873800_57_19.pdf</nome_file><codice_raccomandata>685632268619</codice_raccomandata><data_esito>20/10/2021</data_esito><tipo_esito/><motivo_inesito/><campo_aggiuntivo/><nome/><cognome/><indirizzo/><cap/><citta/><provincia/></Raccomandata><Raccomandata><nome_file>038873800_57_22.pdf</nome_file><codice_raccomandata>685632270918</codice_raccomandata><data_esito>19/10/2021</data_esito><tipo_esito/><motivo_inesito/><campo_aggiuntivo/><nome/><cognome/><indirizzo/><cap/><citta/><provincia/></Raccomandata><Raccomandata><nome_file>038873800_57_25.pdf</nome_file><codice_raccomandata>685632273433</codice_raccomandata><data_esito>19/10/2021</data_esito><tipo_esito/><motivo_inesito/><campo_aggiuntivo/><nome/><cognome/><indirizzo/><cap/><citta/><provincia/></Raccomandata><Raccomandata><nome_file>038873800_57_28.pdf</nome_file><codice_raccomandata>685632280307</codice_raccomandata><data_esito>19/10/2021</data_esito><tipo_esito/><motivo_inesito/><campo_aggiuntivo/><nome/><cognome/><indirizzo/><cap/><citta/><provincia/></Raccomandata><Raccomandata><nome_file>038873800_57_31.pdf</nome_file><codice_raccomandata>685632268846</codice_raccomandata><data_esito>20/10/2021</data_esito><tipo_esito/><motivo_inesito/><campo_aggiuntivo/><nome/><cognome/><indirizzo/><cap/><citta/><provincia/></Raccomandata><Raccomandata><nome_file>038873800_57_34.pdf</nome_file><codice_raccomandata>685632273752</codice_raccomandata><data_esito>19/10/2021</data_esito><tipo_esito/><motivo_inesito/><campo_aggiuntivo/><nome/><cognome/><indirizzo/><cap/><citta/><provincia/></Raccomandata><Raccomandata><nome_file>038873800_57_37.pdf</nome_file><codice_raccomandata>685632272546</codice_raccomandata><data_esito>20/10/2021</data_esito><tipo_esito/><motivo_inesito/><campo_aggiuntivo/><nome/><cognome/><indirizzo/><cap/><citta/><provincia/></Raccomandata><Raccomandata><nome_file>038873800_57_40.pdf</nome_file><codice_raccomandata>685632282184</codice_raccomandata><data_esito>19/10/2021</data_esito><tipo_esito/><motivo_inesito/><campo_aggiuntivo/><nome/><cognome/><indirizzo/><cap/><citta/><provincia/></Raccomandata><Raccomandata><nome_file>038873800_57_43.pdf</nome_file><codice_raccomandata>685632282399</codice_raccomandata><data_esito>19/10/2021</data_esito><tipo_esito/><motivo_inesito/><campo_aggiuntivo/><nome/><cognome/><indirizzo/><cap/><citta/><provincia/></Raccomandata><Raccomandata><nome_file>038873800_57_46.pdf</nome_file><codice_raccomandata>685632282924</codice_raccomandata><data_esito>19/10/2021</data_esito><tipo_esito/><motivo_inesito/><campo_aggiuntivo/><nome/><cognome/><indirizzo/><cap/><citta/><provincia/></Raccomandata><Raccomandata><nome_file>038873800_57_49.pdf</nome_file><codice_raccomandata>685632283058</codice_raccomandata><data_esito>19/10/2021</data_esito><tipo_esito/><motivo_inesito/><campo_aggiuntivo/><nome/><cognome/><indirizzo/><cap/><citta/><provincia/></Raccomandata><Raccomandata><nome_file>038873800_57_52.pdf</nome_file><codice_raccomandata>685632282159</codice_raccomandata><data_esito>19/10/2021</data_esito><tipo_esito/><motivo_inesito/><campo_aggiuntivo/><nome/><cognome/><indirizzo/><cap/><citta/><provincia/></Raccomandata><Raccomandata><nome_file>038873800_57_55.pdf</nome_file><codice_raccomandata>685632272557</codice_raccomandata><data_esito>19/10/2021</data_esito><tipo_esito/><motivo_inesito/><campo_aggiuntivo/><nome/><cognome/><indirizzo/><cap/><citta/><provincia/></Raccomandata><Raccomandata><nome_file>038873800_57_58.pdf</nome_file><codice_raccomandata>685632282160</codice_raccomandata><data_esito>19/10/2021</data_esito><tipo_esito/><motivo_inesito/><campo_aggiuntivo/><nome/><cognome/><indirizzo/><cap/><citta/><provincia/></Raccomandata><Raccomandata><nome_file>038873800_57_61.pdf</nome_file><codice_raccomandata>685632263976</codice_raccomandata><data_esito>19/10/2021</data_esito><tipo_esito/><motivo_inesito/><campo_aggiuntivo/><nome/><cognome/><indirizzo/><cap/><citta/><provincia/></Raccomandata><Raccomandata><nome_file>038873800_57_64.pdf</nome_file><codice_raccomandata>685632283629</codice_raccomandata><data_esito>19/10/2021</data_esito><tipo_esito/><motivo_inesito/><campo_aggiuntivo/><nome/><cognome/><indirizzo/><cap/><citta/><provincia/></Raccomandata><Raccomandata><nome_file>038873800_57_67.pdf</nome_file><codice_raccomandata>685631959258</codice_raccomandata><data_esito>13/10/2021</data_esito><tipo_esito/><motivo_inesito/><campo_aggiuntivo/><nome/><cognome/><indirizzo/><cap/><citta/><provincia/></Raccomandata><Raccomandata><nome_file>038873800_57_70.pdf</nome_file><codice_raccomandata>685632272284</codice_raccomandata><data_esito>23/10/2021</data_esito><tipo_esito/><motivo_inesito/><campo_aggiuntivo/><nome/><cognome/><indirizzo/><cap/><citta/><provincia/></Raccomandata><Raccomandata><nome_file>038873800_57_73.pdf</nome_file><codice_raccomandata>685632276117</codice_raccomandata><data_esito>21/10/2021</data_esito><tipo_esito/><motivo_inesito/><campo_aggiuntivo/><nome/><cognome/><indirizzo/><cap/><citta/><provincia/></Raccomandata><Raccomandata><nome_file>038873800_57_76.pdf</nome_file><codice_raccomandata>685632269107</codice_raccomandata><data_esito>23/10/2021</data_esito><tipo_esito/><motivo_inesito/><campo_aggiuntivo/><nome/><cognome/><indirizzo/><cap/><citta/><provincia/></Raccomandata><Raccomandata><nome_file>038873800_57_79.pdf</nome_file><codice_raccomandata>685632263636</codice_raccomandata><data_esito>20/10/2021</data_esito><tipo_esito/><motivo_inesito/><campo_aggiuntivo/><nome/><cognome/><indirizzo/><cap/><citta/><provincia/></Raccomandata><Raccomandata><nome_file>038873800_57_82.pdf</nome_file><codice_raccomandata>685632277814</codice_raccomandata><data_esito>20/10/2021</data_esito><tipo_esito/><motivo_inesito/><campo_aggiuntivo/><nome/><cognome/><indirizzo/><cap/><citta/><provincia/></Raccomandata><Raccomandata><nome_file>038873800_57_85.pdf</nome_file><codice_raccomandata>685632276312</codice_raccomandata><data_esito>19/10/2021</data_esito><tipo_esito/><motivo_inesito/><campo_aggiuntivo/><nome/><cognome/><indirizzo/><cap/><citta/><provincia/></Raccomandata><Raccomandata><nome_file>038873800_57_88.pdf</nome_file><codice_raccomandata>685632269073</codice_raccomandata><data_esito>19/10/2021</data_esito><tipo_esito/><motivo_inesito/><campo_aggiuntivo/><nome/><cognome/><indirizzo/><cap/><citta/><provincia/></Raccomandata><Raccomandata><nome_file>038873800_57_91.pdf</nome_file><codice_raccomandata>685632272011</codice_raccomandata><data_esito>20/10/2021</data_esito><tipo_esito/><motivo_inesito/><campo_aggiuntivo/><nome/><cognome/><indirizzo/><cap/><citta/><provincia/></Raccomandata><Raccomandata><nome_file>038873800_57_94.pdf</nome_file><codice_raccomandata>685632271351</codice_raccomandata><data_esito>20/10/2021</data_esito><tipo_esito/><motivo_inesito/><campo_aggiuntivo/><nome/><cognome/><indirizzo/><cap/><citta/><provincia/></Raccomandata><Raccomandata><nome_file>038873800_57_97.pdf</nome_file><codice_raccomandata>685632271533</codice_raccomandata><data_esito>20/10/2021</data_esito><tipo_esito/><motivo_inesito/><campo_aggiuntivo/><nome/><cognome/><indirizzo/><cap/><citta/><provincia/></Raccomandata><Raccomandata><nome_file>038873800_57_100.pdf</nome_file><codice_raccomandata>685632271522</codice_raccomandata><data_esito>20/10/2021</data_esito><tipo_esito/><motivo_inesito/><campo_aggiuntivo/><nome/><cognome/><indirizzo/><cap/><citta/><provincia/></Raccomandata><Raccomandata><nome_file>038873800_57_103.pdf</nome_file><codice_raccomandata>685632268357</codice_raccomandata><data_esito>19/10/2021</data_esito><tipo_esito/><motivo_inesito/><campo_aggiuntivo/><nome/><cognome/><indirizzo/><cap/><citta/><provincia/></Raccomandata><Raccomandata><nome_file>038873800_57_106.pdf</nome_file><codice_raccomandata>685632273376</codice_raccomandata><data_esito>20/10/2021</data_esito><tipo_esito/><motivo_inesito/><campo_aggiuntivo/><nome/><cognome/><indirizzo/><cap/><citta/><provincia/></Raccomandata><Raccomandata><nome_file>038873800_57_109.pdf</nome_file><codice_raccomandata>685632277073</codice_raccomandata><data_esito>20/10/2021</data_esito><tipo_esito/><motivo_inesito/><campo_aggiuntivo/><nome/><cognome/><indirizzo/><cap/><citta/><provincia/></Raccomandata><Raccomandata><nome_file>038873800_57_112.pdf</nome_file><codice_raccomandata>685632272853</codice_raccomandata><data_esito>19/10/2021</data_esito><tipo_esito/><motivo_inesito/><campo_aggiuntivo/><nome/><cognome/><indirizzo/><cap/><citta/><provincia/></Raccomandata><Raccomandata><nome_file>038873800_57_115.pdf</nome_file><codice_raccomandata>685632264272</codice_raccomandata><data_esito>20/10/2021</data_esito><tipo_esito/><motivo_inesito/><campo_aggiuntivo/><nome/><cognome/><indirizzo/><cap/><citta/><provincia/></Raccomandata><Raccomandata><nome_file>038873800_57_118.pdf</nome_file><codice_raccomandata>685632273536</codice_raccomandata><data_esito>20/10/2021</data_esito><tipo_esito/><motivo_inesito/><campo_aggiuntivo/><nome/><cognome/><indirizzo/><cap/><citta/><provincia/></Raccomandata><Raccomandata><nome_file>038873800_57_121.pdf</nome_file><codice_raccomandata>685632264215</codice_raccomandata><data_esito>23/10/2021</data_esito><tipo_esito/><motivo_inesito/><campo_aggiuntivo/><nome/><cognome/><indirizzo/><cap/><citta/><provincia/></Raccomandata><Raccomandata><nome_file>038873800_57_124.pdf</nome_file><codice_raccomandata>685632271032</codice_raccomandata><data_esito>19/10/2021</data_esito><tipo_esito/><motivo_inesito/><campo_aggiuntivo/><nome/><cognome/><indirizzo/><cap/><citta/><provincia/></Raccomandata><Raccomandata><nome_file>038873800_57_127.pdf</nome_file><codice_raccomandata>685632280716</codice_raccomandata><data_esito>19/10/2021</data_esito><tipo_esito/><motivo_inesito/><campo_aggiuntivo/><nome/><cognome/><indirizzo/><cap/><citta/><provincia/></Raccomandata><Raccomandata><nome_file>038873800_57_130.pdf</nome_file><codice_raccomandata>685632271635</codice_raccomandata><data_esito>19/10/2021</data_esito><tipo_esito/><motivo_inesito/><campo_aggiuntivo/><nome/><cognome/><indirizzo/><cap/><citta/><provincia/></Raccomandata><Raccomandata><nome_file>038873800_57_133.pdf</nome_file><codice_raccomandata>685632273001</codice_raccomandata><data_esito>19/10/2021</data_esito><tipo_esito/><motivo_inesito/><campo_aggiuntivo/><nome/><cognome/><indirizzo/><cap/><citta/><provincia/></Raccomandata><Raccomandata><nome_file>038873800_57_136.pdf</nome_file><codice_raccomandata>685632263704</codice_raccomandata><data_esito>19/10/2021</data_esito><tipo_esito/><motivo_inesito/><campo_aggiuntivo/><nome/><cognome/><indirizzo/><cap/><citta/><provincia/></Raccomandata><Raccomandata><nome_file>038873800_57_139.pdf</nome_file><codice_raccomandata>685632269574</codice_raccomandata><data_esito>19/10/2021</data_esito><tipo_esito/><motivo_inesito/><campo_aggiuntivo/><nome/><cognome/><indirizzo/><cap/><citta/><provincia/></Raccomandata><Raccomandata><nome_file>038873800_57_142.pdf</nome_file><codice_raccomandata>685632269164</codice_raccomandata><data_esito>19/10/2021</data_esito><tipo_esito/><motivo_inesito/><campo_aggiuntivo/><nome/><cognome/><indirizzo/><cap/><citta/><provincia/></Raccomandata><Raccomandata><nome_file>038873800_57_145.pdf</nome_file><codice_raccomandata>685632274797</codice_raccomandata><data_esito>19/10/2021</data_esito><tipo_esito/><motivo_inesito/><campo_aggiuntivo/><nome/><cognome/><indirizzo/><cap/><citta/><provincia/></Raccomandata><Raccomandata><nome_file>038873800_57_148.pdf</nome_file><codice_raccomandata>685632272807</codice_raccomandata><data_esito>19/10/2021</data_esito><tipo_esito/><motivo_inesito/><campo_aggiuntivo/><nome/><cognome/><indirizzo/><cap/><citta/><provincia/></Raccomandata><Raccomandata><nome_file>038873800_57_151.pdf</nome_file><codice_raccomandata>685632264124</codice_raccomandata><data_esito>20/10/2021</data_esito><tipo_esito/><motivo_inesito/><campo_aggiuntivo/><nome/><cognome/><indirizzo/><cap/><citta/><provincia/></Raccomandata><Raccomandata><nome_file>038873800_57_154.pdf</nome_file><codice_raccomandata>685632264306</codice_raccomandata><data_esito>21/10/2021</data_esito><tipo_esito/><motivo_inesito/><campo_aggiuntivo/><nome/><cognome/><indirizzo/><cap/><citta/><provincia/></Raccomandata><Raccomandata><nome_file>038873800_57_157.pdf</nome_file><codice_raccomandata>685632273319</codice_raccomandata><data_esito>19/10/2021</data_esito><tipo_esito/><motivo_inesito/><campo_aggiuntivo/><nome/><cognome/><indirizzo/><cap/><citta/><provincia/></Raccomandata><Raccomandata><nome_file>038873800_57_160.pdf</nome_file><codice_raccomandata>685632281114</codice_raccomandata><data_esito>19/10/2021</data_esito><tipo_esito/><motivo_inesito/><campo_aggiuntivo/><nome/><cognome/><indirizzo/><cap/><citta/><provincia/></Raccomandata><Raccomandata><nome_file>038873800_57_163.pdf</nome_file><codice_raccomandata>685632265171</codice_raccomandata><data_esito>19/10/2021</data_esito><tipo_esito/><motivo_inesito/><campo_aggiuntivo/><nome/><cognome/><indirizzo/><cap/><citta/><provincia/></Raccomandata><Raccomandata><nome_file>038873800_57_166.pdf</nome_file><codice_raccomandata>685632271624</codice_raccomandata><data_esito>19/10/2021</data_esito><tipo_esito/><motivo_inesito/><campo_aggiuntivo/><nome/><cognome/><indirizzo/><cap/><citta/><provincia/></Raccomandata><Raccomandata><nome_file>038873800_57_169.pdf</nome_file><codice_raccomandata>685632284186</codice_raccomandata><data_esito>22/10/2021</data_esito><tipo_esito/><motivo_inesito/><campo_aggiuntivo/><nome/><cognome/><indirizzo/><cap/><citta/><provincia/></Raccomandata><Raccomandata><nome_file>038873800_57_172.pdf</nome_file><codice_raccomandata>685632280135</codice_raccomandata><data_esito>21/10/2021</data_esito><tipo_esito/><motivo_inesito/><campo_aggiuntivo/><nome/><cognome/><indirizzo/><cap/><citta/><provincia/></Raccomandata><Raccomandata><nome_file>038873800_57_175.pdf</nome_file><codice_raccomandata>685632274137</codice_raccomandata><data_esito>21/10/2021</data_esito><tipo_esito/><motivo_inesito/><campo_aggiuntivo/><nome/><cognome/><indirizzo/><cap/><citta/><provincia/></Raccomandata><Raccomandata><nome_file>038873800_57_178.pdf</nome_file><codice_raccomandata>685632275641</codice_raccomandata><data_esito>21/10/2021</data_esito><tipo_esito/><motivo_inesito/><campo_aggiuntivo/><nome/><cognome/><indirizzo/><cap/><citta/><provincia/></Raccomandata><Raccomandata><nome_file>038873800_57_181.pdf</nome_file><codice_raccomandata>685632276072</codice_raccomandata><data_esito>19/10/2021</data_esito><tipo_esito/><motivo_inesito/><campo_aggiuntivo/><nome/><cognome/><indirizzo/><cap/><citta/><provincia/></Raccomandata></Spedizione>
