<Spedizione Cliente="Z0088629" Archivio="IDF15090006_I.zip" Filename="IDF15090006_I.xml" NumeroRaccomandate="90"><Raccomandata><nome_file>038393800_57_7.pdf</nome_file><codice_raccomandata>685632067525</codice_raccomandata><data_esito/><tipo_esito/><motivo_inesito>08</motivo_inesito><campo_aggiuntivo/><nome/><cognome/><indirizzo/><cap/><citta/><provincia/></Raccomandata><Raccomandata><nome_file>038393800_57_10.pdf</nome_file><codice_raccomandata>685632065533</codice_raccomandata><data_esito/><tipo_esito/><motivo_inesito>08</motivo_inesito><campo_aggiuntivo/><nome/><cognome/><indirizzo/><cap/><citta/><provincia/></Raccomandata><Raccomandata><nome_file>038393800_57_13.pdf</nome_file><codice_raccomandata>685632065269</codice_raccomandata><data_esito/><tipo_esito/><motivo_inesito>08</motivo_inesito><campo_aggiuntivo/><nome/><cognome/><indirizzo/><cap/><citta/><provincia/></Raccomandata><Raccomandata><nome_file>038393800_57_16.pdf</nome_file><codice_raccomandata>685632063519</codice_raccomandata><data_esito/><tipo_esito/><motivo_inesito>10</motivo_inesito><campo_aggiuntivo/><nome/><cognome/><indirizzo/><cap/><citta/><provincia/></Raccomandata><Raccomandata><nome_file>038393800_57_19.pdf</nome_file><codice_raccomandata>685631987889</codice_raccomandata><data_esito/><tipo_esito/><motivo_inesito>09</motivo_inesito><campo_aggiuntivo/><nome/><cognome/><indirizzo/><cap/><citta/><provincia/></Raccomandata><Raccomandata><nome_file>038393800_57_22.pdf</nome_file><codice_raccomandata>685631971857</codice_raccomandata><data_esito/><tipo_esito/><motivo_inesito>09</motivo_inesito><campo_aggiuntivo/><nome/><cognome/><indirizzo/><cap/><citta/><provincia/></Raccomandata><Raccomandata><nome_file>038393800_57_25.pdf</nome_file><codice_raccomandata>685631976625</codice_raccomandata><data_esito/><tipo_esito/><motivo_inesito>09</motivo_inesito><campo_aggiuntivo/><nome/><cognome/><indirizzo/><cap/><citta/><provincia/></Raccomandata><Raccomandata><nome_file>038393800_57_28.pdf</nome_file><codice_raccomandata>685631976922</codice_raccomandata><data_esito/><tipo_esito/><motivo_inesito>09</motivo_inesito><campo_aggiuntivo/><nome/><cognome/><indirizzo/><cap/><citta/><provincia/></Raccomandata><Raccomandata><nome_file>038393800_57_31.pdf</nome_file><codice_raccomandata>685632065954</codice_raccomandata><data_esito/><tipo_esito/><motivo_inesito>09</motivo_inesito><campo_aggiuntivo/><nome/><cognome/><indirizzo/><cap/><citta/><provincia/></Raccomandata><Raccomandata><nome_file>038393800_57_34.pdf</nome_file><codice_raccomandata>685632056053</codice_raccomandata><data_esito/><tipo_esito/><motivo_inesito>09</motivo_inesito><campo_aggiuntivo/><nome/><cognome/><indirizzo/><cap/><citta/><provincia/></Raccomandata><Raccomandata><nome_file>038393800_57_37.pdf</nome_file><codice_raccomandata>685632056098</codice_raccomandata><data_esito/><tipo_esito/><motivo_inesito>09</motivo_inesito><campo_aggiuntivo/><nome/><cognome/><indirizzo/><cap/><citta/><provincia/></Raccomandata><Raccomandata><nome_file>038393800_57_40.pdf</nome_file><codice_raccomandata>685632057191</codice_raccomandata><data_esito/><tipo_esito/><motivo_inesito>09</motivo_inesito><campo_aggiuntivo/><nome/><cognome/><indirizzo/><cap/><citta/><provincia/></Raccomandata><Raccomandata><nome_file>038393800_57_43.pdf</nome_file><codice_raccomandata>685632069947</codice_raccomandata><data_esito/><tipo_esito/><motivo_inesito>09</motivo_inesito><campo_aggiuntivo/><nome/><cognome/><indirizzo/><cap/><citta/><provincia/></Raccomandata><Raccomandata><nome_file>038393800_57_46.pdf</nome_file><codice_raccomandata>685632057830</codice_raccomandata><data_esito/><tipo_esito/><motivo_inesito>09</motivo_inesito><campo_aggiuntivo/><nome/><cognome/><indirizzo/><cap/><citta/><provincia/></Raccomandata><Raccomandata><nome_file>038393800_57_49.pdf</nome_file><codice_raccomandata>685632058579</codice_raccomandata><data_esito/><tipo_esito/><motivo_inesito>09</motivo_inesito><campo_aggiuntivo/><nome/><cognome/><indirizzo/><cap/><citta/><provincia/></Raccomandata><Raccomandata><nome_file>038393800_57_52.pdf</nome_file><codice_raccomandata>685632058352</codice_raccomandata><data_esito/><tipo_esito/><motivo_inesito>09</motivo_inesito><campo_aggiuntivo/><nome/><cognome/><indirizzo/><cap/><citta/><provincia/></Raccomandata><Raccomandata><nome_file>038393800_57_55.pdf</nome_file><codice_raccomandata>685632073167</codice_raccomandata><data_esito/><tipo_esito/><motivo_inesito>09</motivo_inesito><campo_aggiuntivo/><nome/><cognome/><indirizzo/><cap/><citta/><provincia/></Raccomandata><Raccomandata><nome_file>038393800_57_58.pdf</nome_file><codice_raccomandata>685632073408</codice_raccomandata><data_esito/><tipo_esito/><motivo_inesito>09</motivo_inesito><campo_aggiuntivo/><nome/><cognome/><indirizzo/><cap/><citta/><provincia/></Raccomandata><Raccomandata><nome_file>038393800_57_61.pdf</nome_file><codice_raccomandata>685632062416</codice_raccomandata><data_esito/><tipo_esito/><motivo_inesito>09</motivo_inesito><campo_aggiuntivo/><nome/><cognome/><indirizzo/><cap/><citta/><provincia/></Raccomandata><Raccomandata><nome_file>038393800_57_64.pdf</nome_file><codice_raccomandata>685632063369</codice_raccomandata><data_esito/><tipo_esito/><motivo_inesito>09</motivo_inesito><campo_aggiuntivo/><nome/><cognome/><indirizzo/><cap/><citta/><provincia/></Raccomandata><Raccomandata><nome_file>038393800_57_67.pdf</nome_file><codice_raccomandata>685632059456</codice_raccomandata><data_esito/><tipo_esito/><motivo_inesito>09</motivo_inesito><campo_aggiuntivo/><nome/><cognome/><indirizzo/><cap/><citta/><provincia/></Raccomandata><Raccomandata><nome_file>038393800_57_70.pdf</nome_file><codice_raccomandata>685632059227</codice_raccomandata><data_esito/><tipo_esito/><motivo_inesito>09</motivo_inesito><campo_aggiuntivo/><nome/><cognome/><indirizzo/><cap/><citta/><provincia/></Raccomandata><Raccomandata><nome_file>038393800_57_73.pdf</nome_file><codice_raccomandata>685632072532</codice_raccomandata><data_esito/><tipo_esito/><motivo_inesito>09</motivo_inesito><campo_aggiuntivo/><nome/><cognome/><indirizzo/><cap/><citta/><provincia/></Raccomandata><Raccomandata><nome_file>038393800_57_76.pdf</nome_file><codice_raccomandata>685632073362</codice_raccomandata><data_esito/><tipo_esito/><motivo_inesito>09</motivo_inesito><campo_aggiuntivo/><nome/><cognome/><indirizzo/><cap/><citta/><provincia/></Raccomandata><Raccomandata><nome_file>038393800_57_79.pdf</nome_file><codice_raccomandata>685632073602</codice_raccomandata><data_esito/><tipo_esito/><motivo_inesito>09</motivo_inesito><campo_aggiuntivo/><nome/><cognome/><indirizzo/><cap/><citta/><provincia/></Raccomandata><Raccomandata><nome_file>038393800_57_82.pdf</nome_file><codice_raccomandata>685632073306</codice_raccomandata><data_esito/><tipo_esito/><motivo_inesito>09</motivo_inesito><campo_aggiuntivo/><nome/><cognome/><indirizzo/><cap/><citta/><provincia/></Raccomandata><Raccomandata><nome_file>038393800_57_85.pdf</nome_file><codice_raccomandata>685632072920</codice_raccomandata><data_esito/><tipo_esito/><motivo_inesito>09</motivo_inesito><campo_aggiuntivo/><nome/><cognome/><indirizzo/><cap/><citta/><provincia/></Raccomandata><Raccomandata><nome_file>038393800_57_88.pdf</nome_file><codice_raccomandata>685632064782</codice_raccomandata><data_esito/><tipo_esito/><motivo_inesito>09</motivo_inesito><campo_aggiuntivo/><nome/><cognome/><indirizzo/><cap/><citta/><provincia/></Raccomandata><Raccomandata><nome_file>038393800_57_91.pdf</nome_file><codice_raccomandata>685632069788</codice_raccomandata><data_esito/><tipo_esito/><motivo_inesito>09</motivo_inesito><campo_aggiuntivo/><nome/><cognome/><indirizzo/><cap/><citta/><provincia/></Raccomandata><Raccomandata><nome_file>038393800_57_94.pdf</nome_file><codice_raccomandata>685632069390</codice_raccomandata><data_esito/><tipo_esito/><motivo_inesito>09</motivo_inesito><campo_aggiuntivo/><nome/><cognome/><indirizzo/><cap/><citta/><provincia/></Raccomandata><Raccomandata><nome_file>038393800_57_100.pdf</nome_file><codice_raccomandata>685632054564</codice_raccomandata><data_esito/><tipo_esito/><motivo_inesito>09</motivo_inesito><campo_aggiuntivo/><nome/><cognome/><indirizzo/><cap/><citta/><provincia/></Raccomandata><Raccomandata><nome_file>038393800_57_103.pdf</nome_file><codice_raccomandata>685632062882</codice_raccomandata><data_esito/><tipo_esito/><motivo_inesito>09</motivo_inesito><campo_aggiuntivo/><nome/><cognome/><indirizzo/><cap/><citta/><provincia/></Raccomandata><Raccomandata><nome_file>038393800_57_106.pdf</nome_file><codice_raccomandata>685632068662</codice_raccomandata><data_esito/><tipo_esito/><motivo_inesito>09</motivo_inesito><campo_aggiuntivo/><nome/><cognome/><indirizzo/><cap/><citta/><provincia/></Raccomandata><Raccomandata><nome_file>038393800_57_109.pdf</nome_file><codice_raccomandata>685632067193</codice_raccomandata><data_esito/><tipo_esito/><motivo_inesito>09</motivo_inesito><campo_aggiuntivo/><nome/><cognome/><indirizzo/><cap/><citta/><provincia/></Raccomandata><Raccomandata><nome_file>038393800_57_112.pdf</nome_file><codice_raccomandata>685632061378</codice_raccomandata><data_esito/><tipo_esito/><motivo_inesito>09</motivo_inesito><campo_aggiuntivo/><nome/><cognome/><indirizzo/><cap/><citta/><provincia/></Raccomandata><Raccomandata><nome_file>038393800_57_115.pdf</nome_file><codice_raccomandata>685632060561</codice_raccomandata><data_esito/><tipo_esito/><motivo_inesito>09</motivo_inesito><campo_aggiuntivo/><nome/><cognome/><indirizzo/><cap/><citta/><provincia/></Raccomandata><Raccomandata><nome_file>038393800_57_118.pdf</nome_file><codice_raccomandata>685632075956</codice_raccomandata><data_esito/><tipo_esito/><motivo_inesito>09</motivo_inesito><campo_aggiuntivo/><nome/><cognome/><indirizzo/><cap/><citta/><provincia/></Raccomandata><Raccomandata><nome_file>038393800_57_121.pdf</nome_file><codice_raccomandata>685632061540</codice_raccomandata><data_esito/><tipo_esito/><motivo_inesito>09</motivo_inesito><campo_aggiuntivo/><nome/><cognome/><indirizzo/><cap/><citta/><provincia/></Raccomandata><Raccomandata><nome_file>038393800_57_124.pdf</nome_file><codice_raccomandata>685632060447</codice_raccomandata><data_esito/><tipo_esito/><motivo_inesito>09</motivo_inesito><campo_aggiuntivo/><nome/><cognome/><indirizzo/><cap/><citta/><provincia/></Raccomandata><Raccomandata><nome_file>038393800_57_127.pdf</nome_file><codice_raccomandata>685632070051</codice_raccomandata><data_esito/><tipo_esito/><motivo_inesito>09</motivo_inesito><campo_aggiuntivo/><nome/><cognome/><indirizzo/><cap/><citta/><provincia/></Raccomandata><Raccomandata><nome_file>038393800_57_130.pdf</nome_file><codice_raccomandata>685632069105</codice_raccomandata><data_esito/><tipo_esito/><motivo_inesito>09</motivo_inesito><campo_aggiuntivo/><nome/><cognome/><indirizzo/><cap/><citta/><provincia/></Raccomandata><Raccomandata><nome_file>038393800_57_133.pdf</nome_file><codice_raccomandata>685632069093</codice_raccomandata><data_esito/><tipo_esito/><motivo_inesito>09</motivo_inesito><campo_aggiuntivo/><nome/><cognome/><indirizzo/><cap/><citta/><provincia/></Raccomandata><Raccomandata><nome_file>038393800_57_136.pdf</nome_file><codice_raccomandata>685632068673</codice_raccomandata><data_esito/><tipo_esito/><motivo_inesito>09</motivo_inesito><campo_aggiuntivo/><nome/><cognome/><indirizzo/><cap/><citta/><provincia/></Raccomandata><Raccomandata><nome_file>038393800_57_139.pdf</nome_file><codice_raccomandata>685632061869</codice_raccomandata><data_esito/><tipo_esito/><motivo_inesito>09</motivo_inesito><campo_aggiuntivo/><nome/><cognome/><indirizzo/><cap/><citta/><provincia/></Raccomandata><Raccomandata><nome_file>038393800_57_142.pdf</nome_file><codice_raccomandata>685632062131</codice_raccomandata><data_esito/><tipo_esito/><motivo_inesito>09</motivo_inesito><campo_aggiuntivo/><nome/><cognome/><indirizzo/><cap/><citta/><provincia/></Raccomandata><Raccomandata><nome_file>038393800_57_145.pdf</nome_file><codice_raccomandata>685632061904</codice_raccomandata><data_esito/><tipo_esito/><motivo_inesito>09</motivo_inesito><campo_aggiuntivo/><nome/><cognome/><indirizzo/><cap/><citta/><provincia/></Raccomandata><Raccomandata><nome_file>038393800_57_148.pdf</nome_file><codice_raccomandata>685632062927</codice_raccomandata><data_esito/><tipo_esito/><motivo_inesito>09</motivo_inesito><campo_aggiuntivo/><nome/><cognome/><indirizzo/><cap/><citta/><provincia/></Raccomandata><Raccomandata><nome_file>038393800_57_151.pdf</nome_file><codice_raccomandata>685632061517</codice_raccomandata><data_esito/><tipo_esito/><motivo_inesito>09</motivo_inesito><campo_aggiuntivo/><nome/><cognome/><indirizzo/><cap/><citta/><provincia/></Raccomandata><Raccomandata><nome_file>038393800_57_154.pdf</nome_file><codice_raccomandata>685632061539</codice_raccomandata><data_esito/><tipo_esito/><motivo_inesito>09</motivo_inesito><campo_aggiuntivo/><nome/><cognome/><indirizzo/><cap/><citta/><provincia/></Raccomandata><Raccomandata><nome_file>038393800_57_157.pdf</nome_file><codice_raccomandata>685632061494</codice_raccomandata><data_esito/><tipo_esito/><motivo_inesito>09</motivo_inesito><campo_aggiuntivo/><nome/><cognome/><indirizzo/><cap/><citta/><provincia/></Raccomandata><Raccomandata><nome_file>038393800_57_160.pdf</nome_file><codice_raccomandata>685632064771</codice_raccomandata><data_esito/><tipo_esito/><motivo_inesito>09</motivo_inesito><campo_aggiuntivo/><nome/><cognome/><indirizzo/><cap/><citta/><provincia/></Raccomandata><Raccomandata><nome_file>038393800_57_163.pdf</nome_file><codice_raccomandata>685632059423</codice_raccomandata><data_esito/><tipo_esito/><motivo_inesito>09</motivo_inesito><campo_aggiuntivo/><nome/><cognome/><indirizzo/><cap/><citta/><provincia/></Raccomandata><Raccomandata><nome_file>038393800_57_166.pdf</nome_file><codice_raccomandata>685632059205</codice_raccomandata><data_esito/><tipo_esito/><motivo_inesito>09</motivo_inesito><campo_aggiuntivo/><nome/><cognome/><indirizzo/><cap/><citta/><provincia/></Raccomandata><Raccomandata><nome_file>038393800_57_169.pdf</nome_file><codice_raccomandata>685632062120</codice_raccomandata><data_esito/><tipo_esito/><motivo_inesito>09</motivo_inesito><campo_aggiuntivo/><nome/><cognome/><indirizzo/><cap/><citta/><provincia/></Raccomandata><Raccomandata><nome_file>038393800_57_172.pdf</nome_file><codice_raccomandata>685631973337</codice_raccomandata><data_esito/><tipo_esito/><motivo_inesito>09</motivo_inesito><campo_aggiuntivo/><nome/><cognome/><indirizzo/><cap/><citta/><provincia/></Raccomandata><Raccomandata><nome_file>038393800_57_175.pdf</nome_file><codice_raccomandata>685631995447</codice_raccomandata><data_esito/><tipo_esito/><motivo_inesito>07</motivo_inesito><campo_aggiuntivo/><nome/><cognome/><indirizzo/><cap/><citta/><provincia/></Raccomandata><Raccomandata><nome_file>038393800_57_178.pdf</nome_file><codice_raccomandata>685631993706</codice_raccomandata><data_esito/><tipo_esito/><motivo_inesito>07</motivo_inesito><campo_aggiuntivo/><nome/><cognome/><indirizzo/><cap/><citta/><provincia/></Raccomandata><Raccomandata><nome_file>038393800_57_184.pdf</nome_file><codice_raccomandata>685631994024</codice_raccomandata><data_esito/><tipo_esito/><motivo_inesito>07</motivo_inesito><campo_aggiuntivo/><nome/><cognome/><indirizzo/><cap/><citta/><provincia/></Raccomandata><Raccomandata><nome_file>038393800_57_187.pdf</nome_file><codice_raccomandata>685631994068</codice_raccomandata><data_esito/><tipo_esito/><motivo_inesito>07</motivo_inesito><campo_aggiuntivo/><nome/><cognome/><indirizzo/><cap/><citta/><provincia/></Raccomandata><Raccomandata><nome_file>038393800_57_190.pdf</nome_file><codice_raccomandata>685631993898</codice_raccomandata><data_esito/><tipo_esito/><motivo_inesito>07</motivo_inesito><campo_aggiuntivo/><nome/><cognome/><indirizzo/><cap/><citta/><provincia/></Raccomandata><Raccomandata><nome_file>038393800_57_193.pdf</nome_file><codice_raccomandata>685631994046</codice_raccomandata><data_esito/><tipo_esito/><motivo_inesito>07</motivo_inesito><campo_aggiuntivo/><nome/><cognome/><indirizzo/><cap/><citta/><provincia/></Raccomandata><Raccomandata><nome_file>038393800_57_196.pdf</nome_file><codice_raccomandata>685631995106</codice_raccomandata><data_esito/><tipo_esito/><motivo_inesito>07</motivo_inesito><campo_aggiuntivo/><nome/><cognome/><indirizzo/><cap/><citta/><provincia/></Raccomandata><Raccomandata><nome_file>038393800_57_199.pdf</nome_file><codice_raccomandata>685631993752</codice_raccomandata><data_esito/><tipo_esito/><motivo_inesito>07</motivo_inesito><campo_aggiuntivo/><nome/><cognome/><indirizzo/><cap/><citta/><provincia/></Raccomandata><Raccomandata><nome_file>038393800_57_202.pdf</nome_file><codice_raccomandata>685631977502</codice_raccomandata><data_esito/><tipo_esito/><motivo_inesito>07</motivo_inesito><campo_aggiuntivo/><nome/><cognome/><indirizzo/><cap/><citta/><provincia/></Raccomandata><Raccomandata><nome_file>038393800_57_205.pdf</nome_file><codice_raccomandata>685631977991</codice_raccomandata><data_esito/><tipo_esito/><motivo_inesito>07</motivo_inesito><campo_aggiuntivo/><nome/><cognome/><indirizzo/><cap/><citta/><provincia/></Raccomandata><Raccomandata><nome_file>038393800_57_208.pdf</nome_file><codice_raccomandata>685631977923</codice_raccomandata><data_esito/><tipo_esito/><motivo_inesito>07</motivo_inesito><campo_aggiuntivo/><nome/><cognome/><indirizzo/><cap/><citta/><provincia/></Raccomandata><Raccomandata><nome_file>038393800_57_211.pdf</nome_file><codice_raccomandata>685631977513</codice_raccomandata><data_esito/><tipo_esito/><motivo_inesito>07</motivo_inesito><campo_aggiuntivo/><nome/><cognome/><indirizzo/><cap/><citta/><provincia/></Raccomandata><Raccomandata><nome_file>038393800_57_214.pdf</nome_file><codice_raccomandata>685631988744</codice_raccomandata><data_esito/><tipo_esito/><motivo_inesito>07</motivo_inesito><campo_aggiuntivo/><nome/><cognome/><indirizzo/><cap/><citta/><provincia/></Raccomandata><Raccomandata><nome_file>038393800_57_217.pdf</nome_file><codice_raccomandata>685631988312</codice_raccomandata><data_esito/><tipo_esito/><motivo_inesito>07</motivo_inesito><campo_aggiuntivo/><nome/><cognome/><indirizzo/><cap/><citta/><provincia/></Raccomandata><Raccomandata><nome_file>038393800_57_220.pdf</nome_file><codice_raccomandata>685631988653</codice_raccomandata><data_esito/><tipo_esito/><motivo_inesito>07</motivo_inesito><campo_aggiuntivo/><nome/><cognome/><indirizzo/><cap/><citta/><provincia/></Raccomandata><Raccomandata><nome_file>038393800_57_223.pdf</nome_file><codice_raccomandata>685631979550</codice_raccomandata><data_esito/><tipo_esito/><motivo_inesito>07</motivo_inesito><campo_aggiuntivo/><nome/><cognome/><indirizzo/><cap/><citta/><provincia/></Raccomandata><Raccomandata><nome_file>038393800_57_226.pdf</nome_file><codice_raccomandata>685631978526</codice_raccomandata><data_esito/><tipo_esito/><motivo_inesito>07</motivo_inesito><campo_aggiuntivo/><nome/><cognome/><indirizzo/><cap/><citta/><provincia/></Raccomandata><Raccomandata><nome_file>038393800_57_229.pdf</nome_file><codice_raccomandata>685631996653</codice_raccomandata><data_esito/><tipo_esito/><motivo_inesito>07</motivo_inesito><campo_aggiuntivo/><nome/><cognome/><indirizzo/><cap/><citta/><provincia/></Raccomandata><Raccomandata><nome_file>038393800_57_232.pdf</nome_file><codice_raccomandata>685631996368</codice_raccomandata><data_esito/><tipo_esito/><motivo_inesito>07</motivo_inesito><campo_aggiuntivo/><nome/><cognome/><indirizzo/><cap/><citta/><provincia/></Raccomandata><Raccomandata><nome_file>038393800_57_235.pdf</nome_file><codice_raccomandata>685631996312</codice_raccomandata><data_esito/><tipo_esito/><motivo_inesito>07</motivo_inesito><campo_aggiuntivo/><nome/><cognome/><indirizzo/><cap/><citta/><provincia/></Raccomandata><Raccomandata><nome_file>038393800_57_238.pdf</nome_file><codice_raccomandata>685631996037</codice_raccomandata><data_esito/><tipo_esito/><motivo_inesito>07</motivo_inesito><campo_aggiuntivo/><nome/><cognome/><indirizzo/><cap/><citta/><provincia/></Raccomandata><Raccomandata><nome_file>038393800_57_241.pdf</nome_file><codice_raccomandata>685631996595</codice_raccomandata><data_esito/><tipo_esito/><motivo_inesito>07</motivo_inesito><campo_aggiuntivo/><nome/><cognome/><indirizzo/><cap/><citta/><provincia/></Raccomandata><Raccomandata><nome_file>038393800_57_244.pdf</nome_file><codice_raccomandata>685631987071</codice_raccomandata><data_esito/><tipo_esito/><motivo_inesito>07</motivo_inesito><campo_aggiuntivo/><nome/><cognome/><indirizzo/><cap/><citta/><provincia/></Raccomandata><Raccomandata><nome_file>038393800_57_247.pdf</nome_file><codice_raccomandata>685631995389</codice_raccomandata><data_esito/><tipo_esito/><motivo_inesito>07</motivo_inesito><campo_aggiuntivo/><nome/><cognome/><indirizzo/><cap/><citta/><provincia/></Raccomandata><Raccomandata><nome_file>038393800_57_250.pdf</nome_file><codice_raccomandata>685631996686</codice_raccomandata><data_esito/><tipo_esito/><motivo_inesito>07</motivo_inesito><campo_aggiuntivo/><nome/><cognome/><indirizzo/><cap/><citta/><provincia/></Raccomandata><Raccomandata><nome_file>038393800_57_253.pdf</nome_file><codice_raccomandata>685631997530</codice_raccomandata><data_esito/><tipo_esito/><motivo_inesito>07</motivo_inesito><campo_aggiuntivo/><nome/><cognome/><indirizzo/><cap/><citta/><provincia/></Raccomandata><Raccomandata><nome_file>038393800_57_256.pdf</nome_file><codice_raccomandata>685631984124</codice_raccomandata><data_esito/><tipo_esito/><motivo_inesito>07</motivo_inesito><campo_aggiuntivo/><nome/><cognome/><indirizzo/><cap/><citta/><provincia/></Raccomandata><Raccomandata><nome_file>038393800_57_259.pdf</nome_file><codice_raccomandata>685631979561</codice_raccomandata><data_esito/><tipo_esito/><motivo_inesito>07</motivo_inesito><campo_aggiuntivo/><nome/><cognome/><indirizzo/><cap/><citta/><provincia/></Raccomandata><Raccomandata><nome_file>038393800_57_262.pdf</nome_file><codice_raccomandata>685631988540</codice_raccomandata><data_esito/><tipo_esito/><motivo_inesito>07</motivo_inesito><campo_aggiuntivo/><nome/><cognome/><indirizzo/><cap/><citta/><provincia/></Raccomandata><Raccomandata><nome_file>038393800_57_265.pdf</nome_file><codice_raccomandata>685631987093</codice_raccomandata><data_esito/><tipo_esito/><motivo_inesito>07</motivo_inesito><campo_aggiuntivo/><nome/><cognome/><indirizzo/><cap/><citta/><provincia/></Raccomandata><Raccomandata><nome_file>038393800_57_268.pdf</nome_file><codice_raccomandata>685631989701</codice_raccomandata><data_esito/><tipo_esito/><motivo_inesito>07</motivo_inesito><campo_aggiuntivo/><nome/><cognome/><indirizzo/><cap/><citta/><provincia/></Raccomandata><Raccomandata><nome_file>038393800_57_271.pdf</nome_file><codice_raccomandata>685631997027</codice_raccomandata><data_esito/><tipo_esito/><motivo_inesito>07</motivo_inesito><campo_aggiuntivo/><nome/><cognome/><indirizzo/><cap/><citta/><provincia/></Raccomandata><Raccomandata><nome_file>038393800_57_274.pdf</nome_file><codice_raccomandata>685631985989</codice_raccomandata><data_esito/><tipo_esito/><motivo_inesito>07</motivo_inesito><campo_aggiuntivo/><nome/><cognome/><indirizzo/><cap/><citta/><provincia/></Raccomandata><Raccomandata><nome_file>038393800_57_277.pdf</nome_file><codice_raccomandata>685631984352</codice_raccomandata><data_esito/><tipo_esito/><motivo_inesito>07</motivo_inesito><campo_aggiuntivo/><nome/><cognome/><indirizzo/><cap/><citta/><provincia/></Raccomandata><Raccomandata><nome_file>038393800_57_280.pdf</nome_file><codice_raccomandata>685631984523</codice_raccomandata><data_esito/><tipo_esito/><motivo_inesito>07</motivo_inesito><campo_aggiuntivo/><nome/><cognome/><indirizzo/><cap/><citta/><provincia/></Raccomandata></Spedizione>
