<Spedizione Cliente="Z0088629" Archivio="IDF1509001D_I.zip" Filename="IDF1509001D_I.xml" NumeroRaccomandate="89"><Raccomandata><nome_file>039613400_57_7.pdf</nome_file><codice_raccomandata>685632377587</codice_raccomandata><data_esito/><tipo_esito/><motivo_inesito>09</motivo_inesito><campo_aggiuntivo/><nome/><cognome/><indirizzo/><cap/><citta/><provincia/></Raccomandata><Raccomandata><nome_file>039613400_57_10.pdf</nome_file><codice_raccomandata>685632379998</codice_raccomandata><data_esito/><tipo_esito/><motivo_inesito>09</motivo_inesito><campo_aggiuntivo/><nome/><cognome/><indirizzo/><cap/><citta/><provincia/></Raccomandata><Raccomandata><nome_file>039613400_57_13.pdf</nome_file><codice_raccomandata>685632395670</codice_raccomandata><data_esito/><tipo_esito/><motivo_inesito>09</motivo_inesito><campo_aggiuntivo/><nome/><cognome/><indirizzo/><cap/><citta/><provincia/></Raccomandata><Raccomandata><nome_file>039613400_57_16.pdf</nome_file><codice_raccomandata>685632388864</codice_raccomandata><data_esito/><tipo_esito/><motivo_inesito>09</motivo_inesito><campo_aggiuntivo/><nome/><cognome/><indirizzo/><cap/><citta/><provincia/></Raccomandata><Raccomandata><nome_file>039613400_57_19.pdf</nome_file><codice_raccomandata>685632368118</codice_raccomandata><data_esito/><tipo_esito/><motivo_inesito>09</motivo_inesito><campo_aggiuntivo/><nome/><cognome/><indirizzo/><cap/><citta/><provincia/></Raccomandata><Raccomandata><nome_file>039613400_57_22.pdf</nome_file><codice_raccomandata>685632388853</codice_raccomandata><data_esito/><tipo_esito/><motivo_inesito>09</motivo_inesito><campo_aggiuntivo/><nome/><cognome/><indirizzo/><cap/><citta/><provincia/></Raccomandata><Raccomandata><nome_file>039613400_57_25.pdf</nome_file><codice_raccomandata>685632398207</codice_raccomandata><data_esito/><tipo_esito/><motivo_inesito>09</motivo_inesito><campo_aggiuntivo/><nome/><cognome/><indirizzo/><cap/><citta/><provincia/></Raccomandata><Raccomandata><nome_file>039613400_57_28.pdf</nome_file><codice_raccomandata>685632396499</codice_raccomandata><data_esito/><tipo_esito/><motivo_inesito>09</motivo_inesito><campo_aggiuntivo/><nome/><cognome/><indirizzo/><cap/><citta/><provincia/></Raccomandata><Raccomandata><nome_file>039613400_57_31.pdf</nome_file><codice_raccomandata>685632397957</codice_raccomandata><data_esito/><tipo_esito/><motivo_inesito>09</motivo_inesito><campo_aggiuntivo/><nome/><cognome/><indirizzo/><cap/><citta/><provincia/></Raccomandata><Raccomandata><nome_file>039613400_57_34.pdf</nome_file><codice_raccomandata>685632377496</codice_raccomandata><data_esito/><tipo_esito/><motivo_inesito>09</motivo_inesito><campo_aggiuntivo/><nome/><cognome/><indirizzo/><cap/><citta/><provincia/></Raccomandata><Raccomandata><nome_file>039613400_57_37.pdf</nome_file><codice_raccomandata>685632398742</codice_raccomandata><data_esito/><tipo_esito/><motivo_inesito>09</motivo_inesito><campo_aggiuntivo/><nome/><cognome/><indirizzo/><cap/><citta/><provincia/></Raccomandata><Raccomandata><nome_file>039613400_57_40.pdf</nome_file><codice_raccomandata>685632384143</codice_raccomandata><data_esito/><tipo_esito/><motivo_inesito>09</motivo_inesito><campo_aggiuntivo/><nome/><cognome/><indirizzo/><cap/><citta/><provincia/></Raccomandata><Raccomandata><nome_file>039613400_57_43.pdf</nome_file><codice_raccomandata>685632386316</codice_raccomandata><data_esito/><tipo_esito/><motivo_inesito>09</motivo_inesito><campo_aggiuntivo/><nome/><cognome/><indirizzo/><cap/><citta/><provincia/></Raccomandata><Raccomandata><nome_file>039613400_57_46.pdf</nome_file><codice_raccomandata>685632380490</codice_raccomandata><data_esito/><tipo_esito/><motivo_inesito>09</motivo_inesito><campo_aggiuntivo/><nome/><cognome/><indirizzo/><cap/><citta/><provincia/></Raccomandata><Raccomandata><nome_file>039613400_57_49.pdf</nome_file><codice_raccomandata>685632384858</codice_raccomandata><data_esito/><tipo_esito/><motivo_inesito>09</motivo_inesito><campo_aggiuntivo/><nome/><cognome/><indirizzo/><cap/><citta/><provincia/></Raccomandata><Raccomandata><nome_file>039613400_57_55.pdf</nome_file><codice_raccomandata>685632362783</codice_raccomandata><data_esito/><tipo_esito/><motivo_inesito>09</motivo_inesito><campo_aggiuntivo/><nome/><cognome/><indirizzo/><cap/><citta/><provincia/></Raccomandata><Raccomandata><nome_file>039613400_57_58.pdf</nome_file><codice_raccomandata>685632362806</codice_raccomandata><data_esito/><tipo_esito/><motivo_inesito>09</motivo_inesito><campo_aggiuntivo/><nome/><cognome/><indirizzo/><cap/><citta/><provincia/></Raccomandata><Raccomandata><nome_file>039613400_57_61.pdf</nome_file><codice_raccomandata>685632380206</codice_raccomandata><data_esito/><tipo_esito/><motivo_inesito>09</motivo_inesito><campo_aggiuntivo/><nome/><cognome/><indirizzo/><cap/><citta/><provincia/></Raccomandata><Raccomandata><nome_file>039613400_57_64.pdf</nome_file><codice_raccomandata>685632384381</codice_raccomandata><data_esito/><tipo_esito/><motivo_inesito>09</motivo_inesito><campo_aggiuntivo/><nome/><cognome/><indirizzo/><cap/><citta/><provincia/></Raccomandata><Raccomandata><nome_file>039613400_57_67.pdf</nome_file><codice_raccomandata>685632390402</codice_raccomandata><data_esito/><tipo_esito/><motivo_inesito>09</motivo_inesito><campo_aggiuntivo/><nome/><cognome/><indirizzo/><cap/><citta/><provincia/></Raccomandata><Raccomandata><nome_file>039613400_57_70.pdf</nome_file><codice_raccomandata>685632384585</codice_raccomandata><data_esito/><tipo_esito/><motivo_inesito>09</motivo_inesito><campo_aggiuntivo/><nome/><cognome/><indirizzo/><cap/><citta/><provincia/></Raccomandata><Raccomandata><nome_file>039613400_57_73.pdf</nome_file><codice_raccomandata>685632278108</codice_raccomandata><data_esito/><tipo_esito/><motivo_inesito>09</motivo_inesito><campo_aggiuntivo/><nome/><cognome/><indirizzo/><cap/><citta/><provincia/></Raccomandata><Raccomandata><nome_file>039613400_57_76.pdf</nome_file><codice_raccomandata>685632397854</codice_raccomandata><data_esito/><tipo_esito/><motivo_inesito>09</motivo_inesito><campo_aggiuntivo/><nome/><cognome/><indirizzo/><cap/><citta/><provincia/></Raccomandata><Raccomandata><nome_file>039613400_57_79.pdf</nome_file><codice_raccomandata>685632384051</codice_raccomandata><data_esito/><tipo_esito/><motivo_inesito>09</motivo_inesito><campo_aggiuntivo/><nome/><cognome/><indirizzo/><cap/><citta/><provincia/></Raccomandata><Raccomandata><nome_file>039613400_57_82.pdf</nome_file><codice_raccomandata>685632393359</codice_raccomandata><data_esito/><tipo_esito/><motivo_inesito>09</motivo_inesito><campo_aggiuntivo/><nome/><cognome/><indirizzo/><cap/><citta/><provincia/></Raccomandata><Raccomandata><nome_file>039613400_57_85.pdf</nome_file><codice_raccomandata>685632390185</codice_raccomandata><data_esito/><tipo_esito/><motivo_inesito>09</motivo_inesito><campo_aggiuntivo/><nome/><cognome/><indirizzo/><cap/><citta/><provincia/></Raccomandata><Raccomandata><nome_file>039613400_57_88.pdf</nome_file><codice_raccomandata>685632387124</codice_raccomandata><data_esito/><tipo_esito/><motivo_inesito>09</motivo_inesito><campo_aggiuntivo/><nome/><cognome/><indirizzo/><cap/><citta/><provincia/></Raccomandata><Raccomandata><nome_file>039613400_57_91.pdf</nome_file><codice_raccomandata>685632394793</codice_raccomandata><data_esito/><tipo_esito/><motivo_inesito>09</motivo_inesito><campo_aggiuntivo/><nome/><cognome/><indirizzo/><cap/><citta/><provincia/></Raccomandata><Raccomandata><nome_file>039613400_57_94.pdf</nome_file><codice_raccomandata>685632384483</codice_raccomandata><data_esito/><tipo_esito/><motivo_inesito>09</motivo_inesito><campo_aggiuntivo/><nome/><cognome/><indirizzo/><cap/><citta/><provincia/></Raccomandata><Raccomandata><nome_file>039613400_57_97.pdf</nome_file><codice_raccomandata>685632390162</codice_raccomandata><data_esito/><tipo_esito/><motivo_inesito>09</motivo_inesito><campo_aggiuntivo/><nome/><cognome/><indirizzo/><cap/><citta/><provincia/></Raccomandata><Raccomandata><nome_file>039613400_57_100.pdf</nome_file><codice_raccomandata>685632397796</codice_raccomandata><data_esito/><tipo_esito/><motivo_inesito>09</motivo_inesito><campo_aggiuntivo/><nome/><cognome/><indirizzo/><cap/><citta/><provincia/></Raccomandata><Raccomandata><nome_file>039613400_57_103.pdf</nome_file><codice_raccomandata>685632380103</codice_raccomandata><data_esito/><tipo_esito/><motivo_inesito>09</motivo_inesito><campo_aggiuntivo/><nome/><cognome/><indirizzo/><cap/><citta/><provincia/></Raccomandata><Raccomandata><nome_file>039613400_57_106.pdf</nome_file><codice_raccomandata>685632372285</codice_raccomandata><data_esito/><tipo_esito/><motivo_inesito>09</motivo_inesito><campo_aggiuntivo/><nome/><cognome/><indirizzo/><cap/><citta/><provincia/></Raccomandata><Raccomandata><nome_file>039613400_57_109.pdf</nome_file><codice_raccomandata>685632067434</codice_raccomandata><data_esito/><tipo_esito/><motivo_inesito>09</motivo_inesito><campo_aggiuntivo/><nome/><cognome/><indirizzo/><cap/><citta/><provincia/></Raccomandata><Raccomandata><nome_file>039613400_57_112.pdf</nome_file><codice_raccomandata>685631976307</codice_raccomandata><data_esito/><tipo_esito/><motivo_inesito>09</motivo_inesito><campo_aggiuntivo/><nome/><cognome/><indirizzo/><cap/><citta/><provincia/></Raccomandata><Raccomandata><nome_file>039613400_57_115.pdf</nome_file><codice_raccomandata>685632058933</codice_raccomandata><data_esito/><tipo_esito/><motivo_inesito>09</motivo_inesito><campo_aggiuntivo/><nome/><cognome/><indirizzo/><cap/><citta/><provincia/></Raccomandata><Raccomandata><nome_file>039613400_57_118.pdf</nome_file><codice_raccomandata>685632058955</codice_raccomandata><data_esito/><tipo_esito/><motivo_inesito>09</motivo_inesito><campo_aggiuntivo/><nome/><cognome/><indirizzo/><cap/><citta/><provincia/></Raccomandata><Raccomandata><nome_file>039613400_57_121.pdf</nome_file><codice_raccomandata>685632058626</codice_raccomandata><data_esito/><tipo_esito/><motivo_inesito>10</motivo_inesito><campo_aggiuntivo/><nome/><cognome/><indirizzo/><cap/><citta/><provincia/></Raccomandata><Raccomandata><nome_file>039613400_57_124.pdf</nome_file><codice_raccomandata>685632058922</codice_raccomandata><data_esito/><tipo_esito/><motivo_inesito>10</motivo_inesito><campo_aggiuntivo/><nome/><cognome/><indirizzo/><cap/><citta/><provincia/></Raccomandata><Raccomandata><nome_file>039613400_57_127.pdf</nome_file><codice_raccomandata>685632063417</codice_raccomandata><data_esito/><tipo_esito/><motivo_inesito>10</motivo_inesito><campo_aggiuntivo/><nome/><cognome/><indirizzo/><cap/><citta/><provincia/></Raccomandata><Raccomandata><nome_file>039613400_57_130.pdf</nome_file><codice_raccomandata>685632067400</codice_raccomandata><data_esito/><tipo_esito/><motivo_inesito>10</motivo_inesito><campo_aggiuntivo/><nome/><cognome/><indirizzo/><cap/><citta/><provincia/></Raccomandata><Raccomandata><nome_file>039613400_57_136.pdf</nome_file><codice_raccomandata>685632055702</codice_raccomandata><data_esito/><tipo_esito/><motivo_inesito>10</motivo_inesito><campo_aggiuntivo/><nome/><cognome/><indirizzo/><cap/><citta/><provincia/></Raccomandata><Raccomandata><nome_file>039613400_57_139.pdf</nome_file><codice_raccomandata>685632070039</codice_raccomandata><data_esito/><tipo_esito/><motivo_inesito>10</motivo_inesito><campo_aggiuntivo/><nome/><cognome/><indirizzo/><cap/><citta/><provincia/></Raccomandata><Raccomandata><nome_file>039613400_57_142.pdf</nome_file><codice_raccomandata>685631975794</codice_raccomandata><data_esito/><tipo_esito/><motivo_inesito>10</motivo_inesito><campo_aggiuntivo/><nome/><cognome/><indirizzo/><cap/><citta/><provincia/></Raccomandata><Raccomandata><nome_file>039613400_57_145.pdf</nome_file><codice_raccomandata>685632059068</codice_raccomandata><data_esito/><tipo_esito/><motivo_inesito>10</motivo_inesito><campo_aggiuntivo/><nome/><cognome/><indirizzo/><cap/><citta/><provincia/></Raccomandata><Raccomandata><nome_file>039613400_57_148.pdf</nome_file><codice_raccomandata>685632380547</codice_raccomandata><data_esito/><tipo_esito/><motivo_inesito>03</motivo_inesito><campo_aggiuntivo/><nome/><cognome/><indirizzo/><cap/><citta/><provincia/></Raccomandata><Raccomandata><nome_file>039613400_57_151.pdf</nome_file><codice_raccomandata>685632387657</codice_raccomandata><data_esito/><tipo_esito/><motivo_inesito>03</motivo_inesito><campo_aggiuntivo/><nome/><cognome/><indirizzo/><cap/><citta/><provincia/></Raccomandata><Raccomandata><nome_file>039613400_57_154.pdf</nome_file><codice_raccomandata>685632394782</codice_raccomandata><data_esito/><tipo_esito/><motivo_inesito>03</motivo_inesito><campo_aggiuntivo/><nome/><cognome/><indirizzo/><cap/><citta/><provincia/></Raccomandata><Raccomandata><nome_file>039613400_57_157.pdf</nome_file><codice_raccomandata>685632388614</codice_raccomandata><data_esito/><tipo_esito/><motivo_inesito>03</motivo_inesito><campo_aggiuntivo/><nome/><cognome/><indirizzo/><cap/><citta/><provincia/></Raccomandata><Raccomandata><nome_file>039613400_57_160.pdf</nome_file><codice_raccomandata>685632381035</codice_raccomandata><data_esito/><tipo_esito/><motivo_inesito>03</motivo_inesito><campo_aggiuntivo/><nome/><cognome/><indirizzo/><cap/><citta/><provincia/></Raccomandata><Raccomandata><nome_file>039613400_57_163.pdf</nome_file><codice_raccomandata>685632381057</codice_raccomandata><data_esito/><tipo_esito/><motivo_inesito>03</motivo_inesito><campo_aggiuntivo/><nome/><cognome/><indirizzo/><cap/><citta/><provincia/></Raccomandata><Raccomandata><nome_file>039613400_57_166.pdf</nome_file><codice_raccomandata>685632367083</codice_raccomandata><data_esito/><tipo_esito/><motivo_inesito>07</motivo_inesito><campo_aggiuntivo/><nome/><cognome/><indirizzo/><cap/><citta/><provincia/></Raccomandata><Raccomandata><nome_file>039613400_57_169.pdf</nome_file><codice_raccomandata>685632385041</codice_raccomandata><data_esito/><tipo_esito/><motivo_inesito>07</motivo_inesito><campo_aggiuntivo/><nome/><cognome/><indirizzo/><cap/><citta/><provincia/></Raccomandata><Raccomandata><nome_file>039613400_57_172.pdf</nome_file><codice_raccomandata>685632367106</codice_raccomandata><data_esito/><tipo_esito/><motivo_inesito>07</motivo_inesito><campo_aggiuntivo/><nome/><cognome/><indirizzo/><cap/><citta/><provincia/></Raccomandata><Raccomandata><nome_file>039613400_57_175.pdf</nome_file><codice_raccomandata>685632392198</codice_raccomandata><data_esito/><tipo_esito/><motivo_inesito>07</motivo_inesito><campo_aggiuntivo/><nome/><cognome/><indirizzo/><cap/><citta/><provincia/></Raccomandata><Raccomandata><nome_file>039613400_57_178.pdf</nome_file><codice_raccomandata>685632391937</codice_raccomandata><data_esito/><tipo_esito/><motivo_inesito>07</motivo_inesito><campo_aggiuntivo/><nome/><cognome/><indirizzo/><cap/><citta/><provincia/></Raccomandata><Raccomandata><nome_file>039613400_57_181.pdf</nome_file><codice_raccomandata>685632384632</codice_raccomandata><data_esito/><tipo_esito/><motivo_inesito>07</motivo_inesito><campo_aggiuntivo/><nome/><cognome/><indirizzo/><cap/><citta/><provincia/></Raccomandata><Raccomandata><nome_file>039613400_57_184.pdf</nome_file><codice_raccomandata>685632380570</codice_raccomandata><data_esito/><tipo_esito/><motivo_inesito>07</motivo_inesito><campo_aggiuntivo/><nome/><cognome/><indirizzo/><cap/><citta/><provincia/></Raccomandata><Raccomandata><nome_file>039613400_57_187.pdf</nome_file><codice_raccomandata>685632396545</codice_raccomandata><data_esito/><tipo_esito/><motivo_inesito>07</motivo_inesito><campo_aggiuntivo/><nome/><cognome/><indirizzo/><cap/><citta/><provincia/></Raccomandata><Raccomandata><nome_file>039613400_57_190.pdf</nome_file><codice_raccomandata>685632396614</codice_raccomandata><data_esito/><tipo_esito/><motivo_inesito>07</motivo_inesito><campo_aggiuntivo/><nome/><cognome/><indirizzo/><cap/><citta/><provincia/></Raccomandata><Raccomandata><nome_file>039613400_57_193.pdf</nome_file><codice_raccomandata>685632396591</codice_raccomandata><data_esito/><tipo_esito/><motivo_inesito>07</motivo_inesito><campo_aggiuntivo/><nome/><cognome/><indirizzo/><cap/><citta/><provincia/></Raccomandata><Raccomandata><nome_file>039613400_57_196.pdf</nome_file><codice_raccomandata>685632387669</codice_raccomandata><data_esito/><tipo_esito/><motivo_inesito>07</motivo_inesito><campo_aggiuntivo/><nome/><cognome/><indirizzo/><cap/><citta/><provincia/></Raccomandata><Raccomandata><nome_file>039613400_57_199.pdf</nome_file><codice_raccomandata>685632399960</codice_raccomandata><data_esito/><tipo_esito/><motivo_inesito>07</motivo_inesito><campo_aggiuntivo/><nome/><cognome/><indirizzo/><cap/><citta/><provincia/></Raccomandata><Raccomandata><nome_file>039613400_57_202.pdf</nome_file><codice_raccomandata>685632396658</codice_raccomandata><data_esito/><tipo_esito/><motivo_inesito>07</motivo_inesito><campo_aggiuntivo/><nome/><cognome/><indirizzo/><cap/><citta/><provincia/></Raccomandata><Raccomandata><nome_file>039613400_57_205.pdf</nome_file><codice_raccomandata>685632366903</codice_raccomandata><data_esito/><tipo_esito/><motivo_inesito>07</motivo_inesito><campo_aggiuntivo/><nome/><cognome/><indirizzo/><cap/><citta/><provincia/></Raccomandata><Raccomandata><nome_file>039613400_57_208.pdf</nome_file><codice_raccomandata>685632387852</codice_raccomandata><data_esito/><tipo_esito/><motivo_inesito>07</motivo_inesito><campo_aggiuntivo/><nome/><cognome/><indirizzo/><cap/><citta/><provincia/></Raccomandata><Raccomandata><nome_file>039613400_57_211.pdf</nome_file><codice_raccomandata>685632367163</codice_raccomandata><data_esito/><tipo_esito/><motivo_inesito>07</motivo_inesito><campo_aggiuntivo/><nome/><cognome/><indirizzo/><cap/><citta/><provincia/></Raccomandata><Raccomandata><nome_file>039613400_57_214.pdf</nome_file><codice_raccomandata>685632395431</codice_raccomandata><data_esito/><tipo_esito/><motivo_inesito>07</motivo_inesito><campo_aggiuntivo/><nome/><cognome/><indirizzo/><cap/><citta/><provincia/></Raccomandata><Raccomandata><nome_file>039613400_57_217.pdf</nome_file><codice_raccomandata>685632267309</codice_raccomandata><data_esito/><tipo_esito/><motivo_inesito>07</motivo_inesito><campo_aggiuntivo/><nome/><cognome/><indirizzo/><cap/><citta/><provincia/></Raccomandata><Raccomandata><nome_file>039613400_57_220.pdf</nome_file><codice_raccomandata>685632386258</codice_raccomandata><data_esito/><tipo_esito/><motivo_inesito>07</motivo_inesito><campo_aggiuntivo/><nome/><cognome/><indirizzo/><cap/><citta/><provincia/></Raccomandata><Raccomandata><nome_file>039613400_57_223.pdf</nome_file><codice_raccomandata>685632367130</codice_raccomandata><data_esito/><tipo_esito/><motivo_inesito>07</motivo_inesito><campo_aggiuntivo/><nome/><cognome/><indirizzo/><cap/><citta/><provincia/></Raccomandata><Raccomandata><nome_file>039613400_57_226.pdf</nome_file><codice_raccomandata>685632392211</codice_raccomandata><data_esito/><tipo_esito/><motivo_inesito>07</motivo_inesito><campo_aggiuntivo/><nome/><cognome/><indirizzo/><cap/><citta/><provincia/></Raccomandata><Raccomandata><nome_file>039613400_57_229.pdf</nome_file><codice_raccomandata>685632380125</codice_raccomandata><data_esito/><tipo_esito/><motivo_inesito>07</motivo_inesito><campo_aggiuntivo/><nome/><cognome/><indirizzo/><cap/><citta/><provincia/></Raccomandata><Raccomandata><nome_file>039613400_57_232.pdf</nome_file><codice_raccomandata>685632395511</codice_raccomandata><data_esito/><tipo_esito/><motivo_inesito>07</motivo_inesito><campo_aggiuntivo/><nome/><cognome/><indirizzo/><cap/><citta/><provincia/></Raccomandata><Raccomandata><nome_file>039613400_57_235.pdf</nome_file><codice_raccomandata>685632395180</codice_raccomandata><data_esito/><tipo_esito/><motivo_inesito>07</motivo_inesito><campo_aggiuntivo/><nome/><cognome/><indirizzo/><cap/><citta/><provincia/></Raccomandata><Raccomandata><nome_file>039613400_57_238.pdf</nome_file><codice_raccomandata>685632386747</codice_raccomandata><data_esito/><tipo_esito/><motivo_inesito>07</motivo_inesito><campo_aggiuntivo/><nome/><cognome/><indirizzo/><cap/><citta/><provincia/></Raccomandata><Raccomandata><nome_file>039613400_57_241.pdf</nome_file><codice_raccomandata>685632384938</codice_raccomandata><data_esito/><tipo_esito/><motivo_inesito>07</motivo_inesito><campo_aggiuntivo/><nome/><cognome/><indirizzo/><cap/><citta/><provincia/></Raccomandata><Raccomandata><nome_file>039613400_57_244.pdf</nome_file><codice_raccomandata>685632380569</codice_raccomandata><data_esito/><tipo_esito/><motivo_inesito>07</motivo_inesito><campo_aggiuntivo/><nome/><cognome/><indirizzo/><cap/><citta/><provincia/></Raccomandata><Raccomandata><nome_file>039613400_57_247.pdf</nome_file><codice_raccomandata>685632390151</codice_raccomandata><data_esito/><tipo_esito/><motivo_inesito>07</motivo_inesito><campo_aggiuntivo/><nome/><cognome/><indirizzo/><cap/><citta/><provincia/></Raccomandata><Raccomandata><nome_file>039613400_57_250.pdf</nome_file><codice_raccomandata>685632384621</codice_raccomandata><data_esito/><tipo_esito/><motivo_inesito>07</motivo_inesito><campo_aggiuntivo/><nome/><cognome/><indirizzo/><cap/><citta/><provincia/></Raccomandata><Raccomandata><nome_file>039613400_57_253.pdf</nome_file><codice_raccomandata>685632391766</codice_raccomandata><data_esito/><tipo_esito/><motivo_inesito>07</motivo_inesito><campo_aggiuntivo/><nome/><cognome/><indirizzo/><cap/><citta/><provincia/></Raccomandata><Raccomandata><nome_file>039613400_57_256.pdf</nome_file><codice_raccomandata>685632267470</codice_raccomandata><data_esito/><tipo_esito/><motivo_inesito>07</motivo_inesito><campo_aggiuntivo/><nome/><cognome/><indirizzo/><cap/><citta/><provincia/></Raccomandata><Raccomandata><nome_file>039613400_57_259.pdf</nome_file><codice_raccomandata>685632267812</codice_raccomandata><data_esito/><tipo_esito/><motivo_inesito>07</motivo_inesito><campo_aggiuntivo/><nome/><cognome/><indirizzo/><cap/><citta/><provincia/></Raccomandata><Raccomandata><nome_file>039613400_57_262.pdf</nome_file><codice_raccomandata>685632267801</codice_raccomandata><data_esito/><tipo_esito/><motivo_inesito>07</motivo_inesito><campo_aggiuntivo/><nome/><cognome/><indirizzo/><cap/><citta/><provincia/></Raccomandata><Raccomandata><nome_file>039613400_57_265.pdf</nome_file><codice_raccomandata>685632398274</codice_raccomandata><data_esito/><tipo_esito/><motivo_inesito>07</motivo_inesito><campo_aggiuntivo/><nome/><cognome/><indirizzo/><cap/><citta/><provincia/></Raccomandata><Raccomandata><nome_file>039613400_57_268.pdf</nome_file><codice_raccomandata>685632399173</codice_raccomandata><data_esito/><tipo_esito/><motivo_inesito>07</motivo_inesito><campo_aggiuntivo/><nome/><cognome/><indirizzo/><cap/><citta/><provincia/></Raccomandata><Raccomandata><nome_file>039613400_57_271.pdf</nome_file><codice_raccomandata>685632382163</codice_raccomandata><data_esito/><tipo_esito/><motivo_inesito>07</motivo_inesito><campo_aggiuntivo/><nome/><cognome/><indirizzo/><cap/><citta/><provincia/></Raccomandata><Raccomandata><nome_file>039613400_57_274.pdf</nome_file><codice_raccomandata>685632386884</codice_raccomandata><data_esito/><tipo_esito/><motivo_inesito>07</motivo_inesito><campo_aggiuntivo/><nome/><cognome/><indirizzo/><cap/><citta/><provincia/></Raccomandata><Raccomandata><nome_file>039613400_57_277.pdf</nome_file><codice_raccomandata>685632381844</codice_raccomandata><data_esito/><tipo_esito/><motivo_inesito>07</motivo_inesito><campo_aggiuntivo/><nome/><cognome/><indirizzo/><cap/><citta/><provincia/></Raccomandata></Spedizione>
