<Spedizione Cliente="Z0088629" Archivio="IDF15090022_I.zip" Filename="IDF15090022_I.xml" NumeroRaccomandate="232"><Raccomandata><nome_file>039750300_57_7.pdf</nome_file><codice_raccomandata>685632282695</codice_raccomandata><data_esito/><tipo_esito/><motivo_inesito>10</motivo_inesito><campo_aggiuntivo/><nome/><cognome/><indirizzo/><cap/><citta/><provincia/></Raccomandata><Raccomandata><nome_file>039750300_57_10.pdf</nome_file><codice_raccomandata>685632282684</codice_raccomandata><data_esito/><tipo_esito/><motivo_inesito>10</motivo_inesito><campo_aggiuntivo/><nome/><cognome/><indirizzo/><cap/><citta/><provincia/></Raccomandata><Raccomandata><nome_file>039750300_57_13.pdf</nome_file><codice_raccomandata>685632283889</codice_raccomandata><data_esito/><tipo_esito/><motivo_inesito>10</motivo_inesito><campo_aggiuntivo/><nome/><cognome/><indirizzo/><cap/><citta/><provincia/></Raccomandata><Raccomandata><nome_file>039750300_57_16.pdf</nome_file><codice_raccomandata>685632272000</codice_raccomandata><data_esito/><tipo_esito/><motivo_inesito>10</motivo_inesito><campo_aggiuntivo/><nome/><cognome/><indirizzo/><cap/><citta/><provincia/></Raccomandata><Raccomandata><nome_file>039750300_57_19.pdf</nome_file><codice_raccomandata>685632273023</codice_raccomandata><data_esito/><tipo_esito/><motivo_inesito>10</motivo_inesito><campo_aggiuntivo/><nome/><cognome/><indirizzo/><cap/><citta/><provincia/></Raccomandata><Raccomandata><nome_file>039750300_57_22.pdf</nome_file><codice_raccomandata>685632281821</codice_raccomandata><data_esito/><tipo_esito/><motivo_inesito>10</motivo_inesito><campo_aggiuntivo/><nome/><cognome/><indirizzo/><cap/><citta/><provincia/></Raccomandata><Raccomandata><nome_file>039750300_57_25.pdf</nome_file><codice_raccomandata>685632281774</codice_raccomandata><data_esito/><tipo_esito/><motivo_inesito>10</motivo_inesito><campo_aggiuntivo/><nome/><cognome/><indirizzo/><cap/><citta/><provincia/></Raccomandata><Raccomandata><nome_file>039750300_57_28.pdf</nome_file><codice_raccomandata>685632282229</codice_raccomandata><data_esito/><tipo_esito/><motivo_inesito>10</motivo_inesito><campo_aggiuntivo/><nome/><cognome/><indirizzo/><cap/><citta/><provincia/></Raccomandata><Raccomandata><nome_file>039750300_57_31.pdf</nome_file><codice_raccomandata>685632282822</codice_raccomandata><data_esito/><tipo_esito/><motivo_inesito>10</motivo_inesito><campo_aggiuntivo/><nome/><cognome/><indirizzo/><cap/><citta/><provincia/></Raccomandata><Raccomandata><nome_file>039750300_57_34.pdf</nome_file><codice_raccomandata>685632280966</codice_raccomandata><data_esito/><tipo_esito/><motivo_inesito>10</motivo_inesito><campo_aggiuntivo/><nome/><cognome/><indirizzo/><cap/><citta/><provincia/></Raccomandata><Raccomandata><nome_file>039750300_57_37.pdf</nome_file><codice_raccomandata>685632280955</codice_raccomandata><data_esito/><tipo_esito/><motivo_inesito>10</motivo_inesito><campo_aggiuntivo/><nome/><cognome/><indirizzo/><cap/><citta/><provincia/></Raccomandata><Raccomandata><nome_file>039750300_57_40.pdf</nome_file><codice_raccomandata>685632280864</codice_raccomandata><data_esito/><tipo_esito/><motivo_inesito>10</motivo_inesito><campo_aggiuntivo/><nome/><cognome/><indirizzo/><cap/><citta/><provincia/></Raccomandata><Raccomandata><nome_file>039750300_57_43.pdf</nome_file><codice_raccomandata>685632280795</codice_raccomandata><data_esito/><tipo_esito/><motivo_inesito>10</motivo_inesito><campo_aggiuntivo/><nome/><cognome/><indirizzo/><cap/><citta/><provincia/></Raccomandata><Raccomandata><nome_file>039750300_57_46.pdf</nome_file><codice_raccomandata>685632280784</codice_raccomandata><data_esito/><tipo_esito/><motivo_inesito>10</motivo_inesito><campo_aggiuntivo/><nome/><cognome/><indirizzo/><cap/><citta/><provincia/></Raccomandata><Raccomandata><nome_file>039750300_57_49.pdf</nome_file><codice_raccomandata>685632265182</codice_raccomandata><data_esito/><tipo_esito/><motivo_inesito>10</motivo_inesito><campo_aggiuntivo/><nome/><cognome/><indirizzo/><cap/><citta/><provincia/></Raccomandata><Raccomandata><nome_file>039750300_57_52.pdf</nome_file><codice_raccomandata>685632282434</codice_raccomandata><data_esito/><tipo_esito/><motivo_inesito>10</motivo_inesito><campo_aggiuntivo/><nome/><cognome/><indirizzo/><cap/><citta/><provincia/></Raccomandata><Raccomandata><nome_file>039750300_57_55.pdf</nome_file><codice_raccomandata>685632282514</codice_raccomandata><data_esito/><tipo_esito/><motivo_inesito>10</motivo_inesito><campo_aggiuntivo/><nome/><cognome/><indirizzo/><cap/><citta/><provincia/></Raccomandata><Raccomandata><nome_file>039750300_57_58.pdf</nome_file><codice_raccomandata>685632284301</codice_raccomandata><data_esito/><tipo_esito/><motivo_inesito>10</motivo_inesito><campo_aggiuntivo/><nome/><cognome/><indirizzo/><cap/><citta/><provincia/></Raccomandata><Raccomandata><nome_file>039750300_57_61.pdf</nome_file><codice_raccomandata>685632280842</codice_raccomandata><data_esito/><tipo_esito/><motivo_inesito>10</motivo_inesito><campo_aggiuntivo/><nome/><cognome/><indirizzo/><cap/><citta/><provincia/></Raccomandata><Raccomandata><nome_file>039750300_57_64.pdf</nome_file><codice_raccomandata>685632281001</codice_raccomandata><data_esito/><tipo_esito/><motivo_inesito>10</motivo_inesito><campo_aggiuntivo/><nome/><cognome/><indirizzo/><cap/><citta/><provincia/></Raccomandata><Raccomandata><nome_file>039750300_57_67.pdf</nome_file><codice_raccomandata>685632264740</codice_raccomandata><data_esito/><tipo_esito/><motivo_inesito>10</motivo_inesito><campo_aggiuntivo/><nome/><cognome/><indirizzo/><cap/><citta/><provincia/></Raccomandata><Raccomandata><nome_file>039750300_57_70.pdf</nome_file><codice_raccomandata>685632277574</codice_raccomandata><data_esito/><tipo_esito/><motivo_inesito>10</motivo_inesito><campo_aggiuntivo/><nome/><cognome/><indirizzo/><cap/><citta/><provincia/></Raccomandata><Raccomandata><nome_file>039750300_57_73.pdf</nome_file><codice_raccomandata>685632277016</codice_raccomandata><data_esito/><tipo_esito/><motivo_inesito>10</motivo_inesito><campo_aggiuntivo/><nome/><cognome/><indirizzo/><cap/><citta/><provincia/></Raccomandata><Raccomandata><nome_file>039750300_57_76.pdf</nome_file><codice_raccomandata>685632281752</codice_raccomandata><data_esito/><tipo_esito/><motivo_inesito>10</motivo_inesito><campo_aggiuntivo/><nome/><cognome/><indirizzo/><cap/><citta/><provincia/></Raccomandata><Raccomandata><nome_file>039750300_57_79.pdf</nome_file><codice_raccomandata>685632271328</codice_raccomandata><data_esito/><tipo_esito/><motivo_inesito>10</motivo_inesito><campo_aggiuntivo/><nome/><cognome/><indirizzo/><cap/><citta/><provincia/></Raccomandata><Raccomandata><nome_file>039750300_57_82.pdf</nome_file><codice_raccomandata>685632271921</codice_raccomandata><data_esito/><tipo_esito/><motivo_inesito>10</motivo_inesito><campo_aggiuntivo/><nome/><cognome/><indirizzo/><cap/><citta/><provincia/></Raccomandata><Raccomandata><nome_file>039750300_57_85.pdf</nome_file><codice_raccomandata>685632270554</codice_raccomandata><data_esito/><tipo_esito/><motivo_inesito>10</motivo_inesito><campo_aggiuntivo/><nome/><cognome/><indirizzo/><cap/><citta/><provincia/></Raccomandata><Raccomandata><nome_file>039750300_57_88.pdf</nome_file><codice_raccomandata>685632273706</codice_raccomandata><data_esito/><tipo_esito/><motivo_inesito>10</motivo_inesito><campo_aggiuntivo/><nome/><cognome/><indirizzo/><cap/><citta/><provincia/></Raccomandata><Raccomandata><nome_file>039750300_57_91.pdf</nome_file><codice_raccomandata>685632283970</codice_raccomandata><data_esito/><tipo_esito/><motivo_inesito>10</motivo_inesito><campo_aggiuntivo/><nome/><cognome/><indirizzo/><cap/><citta/><provincia/></Raccomandata><Raccomandata><nome_file>039750300_57_94.pdf</nome_file><codice_raccomandata>685632282980</codice_raccomandata><data_esito/><tipo_esito/><motivo_inesito>10</motivo_inesito><campo_aggiuntivo/><nome/><cognome/><indirizzo/><cap/><citta/><provincia/></Raccomandata><Raccomandata><nome_file>039750300_57_97.pdf</nome_file><codice_raccomandata>685632282979</codice_raccomandata><data_esito/><tipo_esito/><motivo_inesito>10</motivo_inesito><campo_aggiuntivo/><nome/><cognome/><indirizzo/><cap/><citta/><provincia/></Raccomandata><Raccomandata><nome_file>039750300_57_100.pdf</nome_file><codice_raccomandata>685632268926</codice_raccomandata><data_esito/><tipo_esito/><motivo_inesito>10</motivo_inesito><campo_aggiuntivo/><nome/><cognome/><indirizzo/><cap/><citta/><provincia/></Raccomandata><Raccomandata><nome_file>039750300_57_103.pdf</nome_file><codice_raccomandata>685632269142</codice_raccomandata><data_esito/><tipo_esito/><motivo_inesito>10</motivo_inesito><campo_aggiuntivo/><nome/><cognome/><indirizzo/><cap/><citta/><provincia/></Raccomandata><Raccomandata><nome_file>039750300_57_106.pdf</nome_file><codice_raccomandata>685632284221</codice_raccomandata><data_esito/><tipo_esito/><motivo_inesito>10</motivo_inesito><campo_aggiuntivo/><nome/><cognome/><indirizzo/><cap/><citta/><provincia/></Raccomandata><Raccomandata><nome_file>039750300_57_109.pdf</nome_file><codice_raccomandata>685632271852</codice_raccomandata><data_esito/><tipo_esito/><motivo_inesito>10</motivo_inesito><campo_aggiuntivo/><nome/><cognome/><indirizzo/><cap/><citta/><provincia/></Raccomandata><Raccomandata><nome_file>039750300_57_112.pdf</nome_file><codice_raccomandata>685632271806</codice_raccomandata><data_esito/><tipo_esito/><motivo_inesito>10</motivo_inesito><campo_aggiuntivo/><nome/><cognome/><indirizzo/><cap/><citta/><provincia/></Raccomandata><Raccomandata><nome_file>039750300_57_115.pdf</nome_file><codice_raccomandata>685632273034</codice_raccomandata><data_esito/><tipo_esito/><motivo_inesito>10</motivo_inesito><campo_aggiuntivo/><nome/><cognome/><indirizzo/><cap/><citta/><provincia/></Raccomandata><Raccomandata><nome_file>039750300_57_118.pdf</nome_file><codice_raccomandata>685632272102</codice_raccomandata><data_esito/><tipo_esito/><motivo_inesito>10</motivo_inesito><campo_aggiuntivo/><nome/><cognome/><indirizzo/><cap/><citta/><provincia/></Raccomandata><Raccomandata><nome_file>039750300_57_121.pdf</nome_file><codice_raccomandata>685632268642</codice_raccomandata><data_esito/><tipo_esito/><motivo_inesito>10</motivo_inesito><campo_aggiuntivo/><nome/><cognome/><indirizzo/><cap/><citta/><provincia/></Raccomandata><Raccomandata><nome_file>039750300_57_124.pdf</nome_file><codice_raccomandata>685632268631</codice_raccomandata><data_esito/><tipo_esito/><motivo_inesito>10</motivo_inesito><campo_aggiuntivo/><nome/><cognome/><indirizzo/><cap/><citta/><provincia/></Raccomandata><Raccomandata><nome_file>039750300_57_127.pdf</nome_file><codice_raccomandata>685632268653</codice_raccomandata><data_esito/><tipo_esito/><motivo_inesito>10</motivo_inesito><campo_aggiuntivo/><nome/><cognome/><indirizzo/><cap/><citta/><provincia/></Raccomandata><Raccomandata><nome_file>039750300_57_130.pdf</nome_file><codice_raccomandata>685632269734</codice_raccomandata><data_esito/><tipo_esito/><motivo_inesito>10</motivo_inesito><campo_aggiuntivo/><nome/><cognome/><indirizzo/><cap/><citta/><provincia/></Raccomandata><Raccomandata><nome_file>039750300_57_133.pdf</nome_file><codice_raccomandata>685632282479</codice_raccomandata><data_esito/><tipo_esito/><motivo_inesito>10</motivo_inesito><campo_aggiuntivo/><nome/><cognome/><indirizzo/><cap/><citta/><provincia/></Raccomandata><Raccomandata><nome_file>039750300_57_136.pdf</nome_file><codice_raccomandata>685632273581</codice_raccomandata><data_esito/><tipo_esito/><motivo_inesito>10</motivo_inesito><campo_aggiuntivo/><nome/><cognome/><indirizzo/><cap/><citta/><provincia/></Raccomandata><Raccomandata><nome_file>039750300_57_139.pdf</nome_file><codice_raccomandata>685632274332</codice_raccomandata><data_esito/><tipo_esito/><motivo_inesito>10</motivo_inesito><campo_aggiuntivo/><nome/><cognome/><indirizzo/><cap/><citta/><provincia/></Raccomandata><Raccomandata><nome_file>039750300_57_142.pdf</nome_file><codice_raccomandata>685632274866</codice_raccomandata><data_esito/><tipo_esito/><motivo_inesito>10</motivo_inesito><campo_aggiuntivo/><nome/><cognome/><indirizzo/><cap/><citta/><provincia/></Raccomandata><Raccomandata><nome_file>039750300_57_145.pdf</nome_file><codice_raccomandata>685632272897</codice_raccomandata><data_esito/><tipo_esito/><motivo_inesito>10</motivo_inesito><campo_aggiuntivo/><nome/><cognome/><indirizzo/><cap/><citta/><provincia/></Raccomandata><Raccomandata><nome_file>039750300_57_148.pdf</nome_file><codice_raccomandata>685632281308</codice_raccomandata><data_esito/><tipo_esito/><motivo_inesito>10</motivo_inesito><campo_aggiuntivo/><nome/><cognome/><indirizzo/><cap/><citta/><provincia/></Raccomandata><Raccomandata><nome_file>039750300_57_151.pdf</nome_file><codice_raccomandata>685632272831</codice_raccomandata><data_esito/><tipo_esito/><motivo_inesito>10</motivo_inesito><campo_aggiuntivo/><nome/><cognome/><indirizzo/><cap/><citta/><provincia/></Raccomandata><Raccomandata><nome_file>039750300_57_154.pdf</nome_file><codice_raccomandata>685632272900</codice_raccomandata><data_esito/><tipo_esito/><motivo_inesito>10</motivo_inesito><campo_aggiuntivo/><nome/><cognome/><indirizzo/><cap/><citta/><provincia/></Raccomandata><Raccomandata><nome_file>039750300_57_157.pdf</nome_file><codice_raccomandata>685632283138</codice_raccomandata><data_esito/><tipo_esito/><motivo_inesito>10</motivo_inesito><campo_aggiuntivo/><nome/><cognome/><indirizzo/><cap/><citta/><provincia/></Raccomandata><Raccomandata><nome_file>039750300_57_160.pdf</nome_file><codice_raccomandata>685632270075</codice_raccomandata><data_esito/><tipo_esito/><motivo_inesito>10</motivo_inesito><campo_aggiuntivo/><nome/><cognome/><indirizzo/><cap/><citta/><provincia/></Raccomandata><Raccomandata><nome_file>039750300_57_163.pdf</nome_file><codice_raccomandata>685632270122</codice_raccomandata><data_esito/><tipo_esito/><motivo_inesito>10</motivo_inesito><campo_aggiuntivo/><nome/><cognome/><indirizzo/><cap/><citta/><provincia/></Raccomandata><Raccomandata><nome_file>039750300_57_166.pdf</nome_file><codice_raccomandata>685632270213</codice_raccomandata><data_esito/><tipo_esito/><motivo_inesito>10</motivo_inesito><campo_aggiuntivo/><nome/><cognome/><indirizzo/><cap/><citta/><provincia/></Raccomandata><Raccomandata><nome_file>039750300_57_169.pdf</nome_file><codice_raccomandata>685632278473</codice_raccomandata><data_esito/><tipo_esito/><motivo_inesito>10</motivo_inesito><campo_aggiuntivo/><nome/><cognome/><indirizzo/><cap/><citta/><provincia/></Raccomandata><Raccomandata><nome_file>039750300_57_172.pdf</nome_file><codice_raccomandata>685632278735</codice_raccomandata><data_esito/><tipo_esito/><motivo_inesito>10</motivo_inesito><campo_aggiuntivo/><nome/><cognome/><indirizzo/><cap/><citta/><provincia/></Raccomandata><Raccomandata><nome_file>039750300_57_175.pdf</nome_file><codice_raccomandata>685632274217</codice_raccomandata><data_esito/><tipo_esito/><motivo_inesito>10</motivo_inesito><campo_aggiuntivo/><nome/><cognome/><indirizzo/><cap/><citta/><provincia/></Raccomandata><Raccomandata><nome_file>039750300_57_178.pdf</nome_file><codice_raccomandata>685632275618</codice_raccomandata><data_esito/><tipo_esito/><motivo_inesito>10</motivo_inesito><campo_aggiuntivo/><nome/><cognome/><indirizzo/><cap/><citta/><provincia/></Raccomandata><Raccomandata><nome_file>039750300_57_181.pdf</nome_file><codice_raccomandata>685632275516</codice_raccomandata><data_esito/><tipo_esito/><motivo_inesito>10</motivo_inesito><campo_aggiuntivo/><nome/><cognome/><indirizzo/><cap/><citta/><provincia/></Raccomandata><Raccomandata><nome_file>039750300_57_184.pdf</nome_file><codice_raccomandata>685632274309</codice_raccomandata><data_esito/><tipo_esito/><motivo_inesito>10</motivo_inesito><campo_aggiuntivo/><nome/><cognome/><indirizzo/><cap/><citta/><provincia/></Raccomandata><Raccomandata><nome_file>039750300_57_187.pdf</nome_file><codice_raccomandata>685632274731</codice_raccomandata><data_esito/><tipo_esito/><motivo_inesito>10</motivo_inesito><campo_aggiuntivo/><nome/><cognome/><indirizzo/><cap/><citta/><provincia/></Raccomandata><Raccomandata><nome_file>039750300_57_190.pdf</nome_file><codice_raccomandata>685632283093</codice_raccomandata><data_esito/><tipo_esito/><motivo_inesito>10</motivo_inesito><campo_aggiuntivo/><nome/><cognome/><indirizzo/><cap/><citta/><provincia/></Raccomandata><Raccomandata><nome_file>039750300_57_193.pdf</nome_file><codice_raccomandata>685632282866</codice_raccomandata><data_esito/><tipo_esito/><motivo_inesito>10</motivo_inesito><campo_aggiuntivo/><nome/><cognome/><indirizzo/><cap/><citta/><provincia/></Raccomandata><Raccomandata><nome_file>039750300_57_196.pdf</nome_file><codice_raccomandata>685632283047</codice_raccomandata><data_esito/><tipo_esito/><motivo_inesito>10</motivo_inesito><campo_aggiuntivo/><nome/><cognome/><indirizzo/><cap/><citta/><provincia/></Raccomandata><Raccomandata><nome_file>039750300_57_199.pdf</nome_file><codice_raccomandata>685632282992</codice_raccomandata><data_esito/><tipo_esito/><motivo_inesito>10</motivo_inesito><campo_aggiuntivo/><nome/><cognome/><indirizzo/><cap/><citta/><provincia/></Raccomandata><Raccomandata><nome_file>039750300_57_202.pdf</nome_file><codice_raccomandata>685632282877</codice_raccomandata><data_esito/><tipo_esito/><motivo_inesito>10</motivo_inesito><campo_aggiuntivo/><nome/><cognome/><indirizzo/><cap/><citta/><provincia/></Raccomandata><Raccomandata><nome_file>039750300_57_205.pdf</nome_file><codice_raccomandata>685632282310</codice_raccomandata><data_esito/><tipo_esito/><motivo_inesito>10</motivo_inesito><campo_aggiuntivo/><nome/><cognome/><indirizzo/><cap/><citta/><provincia/></Raccomandata><Raccomandata><nome_file>039750300_57_208.pdf</nome_file><codice_raccomandata>685632264739</codice_raccomandata><data_esito/><tipo_esito/><motivo_inesito>10</motivo_inesito><campo_aggiuntivo/><nome/><cognome/><indirizzo/><cap/><citta/><provincia/></Raccomandata><Raccomandata><nome_file>039750300_57_211.pdf</nome_file><codice_raccomandata>685632280466</codice_raccomandata><data_esito/><tipo_esito/><motivo_inesito>10</motivo_inesito><campo_aggiuntivo/><nome/><cognome/><indirizzo/><cap/><citta/><provincia/></Raccomandata><Raccomandata><nome_file>039750300_57_214.pdf</nome_file><codice_raccomandata>685632280088</codice_raccomandata><data_esito/><tipo_esito/><motivo_inesito>10</motivo_inesito><campo_aggiuntivo/><nome/><cognome/><indirizzo/><cap/><citta/><provincia/></Raccomandata><Raccomandata><nome_file>039750300_57_217.pdf</nome_file><codice_raccomandata>685632264728</codice_raccomandata><data_esito/><tipo_esito/><motivo_inesito>10</motivo_inesito><campo_aggiuntivo/><nome/><cognome/><indirizzo/><cap/><citta/><provincia/></Raccomandata><Raccomandata><nome_file>039750300_57_220.pdf</nome_file><codice_raccomandata>685632283163</codice_raccomandata><data_esito/><tipo_esito/><motivo_inesito>10</motivo_inesito><campo_aggiuntivo/><nome/><cognome/><indirizzo/><cap/><citta/><provincia/></Raccomandata><Raccomandata><nome_file>039750300_57_223.pdf</nome_file><codice_raccomandata>685632282764</codice_raccomandata><data_esito/><tipo_esito/><motivo_inesito>10</motivo_inesito><campo_aggiuntivo/><nome/><cognome/><indirizzo/><cap/><citta/><provincia/></Raccomandata><Raccomandata><nome_file>039750300_57_226.pdf</nome_file><codice_raccomandata>685632282742</codice_raccomandata><data_esito/><tipo_esito/><motivo_inesito>10</motivo_inesito><campo_aggiuntivo/><nome/><cognome/><indirizzo/><cap/><citta/><provincia/></Raccomandata><Raccomandata><nome_file>039750300_57_229.pdf</nome_file><codice_raccomandata>685632283069</codice_raccomandata><data_esito/><tipo_esito/><motivo_inesito>10</motivo_inesito><campo_aggiuntivo/><nome/><cognome/><indirizzo/><cap/><citta/><provincia/></Raccomandata><Raccomandata><nome_file>039750300_57_232.pdf</nome_file><codice_raccomandata>685632274946</codice_raccomandata><data_esito/><tipo_esito/><motivo_inesito>10</motivo_inesito><campo_aggiuntivo/><nome/><cognome/><indirizzo/><cap/><citta/><provincia/></Raccomandata><Raccomandata><nome_file>039750300_57_235.pdf</nome_file><codice_raccomandata>685632276301</codice_raccomandata><data_esito/><tipo_esito/><motivo_inesito>10</motivo_inesito><campo_aggiuntivo/><nome/><cognome/><indirizzo/><cap/><citta/><provincia/></Raccomandata><Raccomandata><nome_file>039750300_57_238.pdf</nome_file><codice_raccomandata>685632264033</codice_raccomandata><data_esito/><tipo_esito/><motivo_inesito>10</motivo_inesito><campo_aggiuntivo/><nome/><cognome/><indirizzo/><cap/><citta/><provincia/></Raccomandata><Raccomandata><nome_file>039750300_57_241.pdf</nome_file><codice_raccomandata>685632274877</codice_raccomandata><data_esito/><tipo_esito/><motivo_inesito>10</motivo_inesito><campo_aggiuntivo/><nome/><cognome/><indirizzo/><cap/><citta/><provincia/></Raccomandata><Raccomandata><nome_file>039750300_57_244.pdf</nome_file><codice_raccomandata>685632274068</codice_raccomandata><data_esito/><tipo_esito/><motivo_inesito>10</motivo_inesito><campo_aggiuntivo/><nome/><cognome/><indirizzo/><cap/><citta/><provincia/></Raccomandata><Raccomandata><nome_file>039750300_57_247.pdf</nome_file><codice_raccomandata>685632275812</codice_raccomandata><data_esito/><tipo_esito/><motivo_inesito>10</motivo_inesito><campo_aggiuntivo/><nome/><cognome/><indirizzo/><cap/><citta/><provincia/></Raccomandata><Raccomandata><nome_file>039750300_57_250.pdf</nome_file><codice_raccomandata>685632276163</codice_raccomandata><data_esito/><tipo_esito/><motivo_inesito>10</motivo_inesito><campo_aggiuntivo/><nome/><cognome/><indirizzo/><cap/><citta/><provincia/></Raccomandata><Raccomandata><nome_file>039750300_57_253.pdf</nome_file><codice_raccomandata>685632275652</codice_raccomandata><data_esito/><tipo_esito/><motivo_inesito>10</motivo_inesito><campo_aggiuntivo/><nome/><cognome/><indirizzo/><cap/><citta/><provincia/></Raccomandata><Raccomandata><nome_file>039750300_57_256.pdf</nome_file><codice_raccomandata>685632278360</codice_raccomandata><data_esito/><tipo_esito/><motivo_inesito>10</motivo_inesito><campo_aggiuntivo/><nome/><cognome/><indirizzo/><cap/><citta/><provincia/></Raccomandata><Raccomandata><nome_file>039750300_57_259.pdf</nome_file><codice_raccomandata>685632268937</codice_raccomandata><data_esito/><tipo_esito/><motivo_inesito>10</motivo_inesito><campo_aggiuntivo/><nome/><cognome/><indirizzo/><cap/><citta/><provincia/></Raccomandata><Raccomandata><nome_file>039750300_57_262.pdf</nome_file><codice_raccomandata>685632273524</codice_raccomandata><data_esito/><tipo_esito/><motivo_inesito>10</motivo_inesito><campo_aggiuntivo/><nome/><cognome/><indirizzo/><cap/><citta/><provincia/></Raccomandata><Raccomandata><nome_file>039750300_57_265.pdf</nome_file><codice_raccomandata>685632283219</codice_raccomandata><data_esito/><tipo_esito/><motivo_inesito>10</motivo_inesito><campo_aggiuntivo/><nome/><cognome/><indirizzo/><cap/><citta/><provincia/></Raccomandata><Raccomandata><nome_file>039750300_57_268.pdf</nome_file><codice_raccomandata>685632265238</codice_raccomandata><data_esito/><tipo_esito/><motivo_inesito>10</motivo_inesito><campo_aggiuntivo/><nome/><cognome/><indirizzo/><cap/><citta/><provincia/></Raccomandata><Raccomandata><nome_file>039750300_57_271.pdf</nome_file><codice_raccomandata>685632277962</codice_raccomandata><data_esito/><tipo_esito/><motivo_inesito>10</motivo_inesito><campo_aggiuntivo/><nome/><cognome/><indirizzo/><cap/><citta/><provincia/></Raccomandata><Raccomandata><nome_file>039750300_57_274.pdf</nome_file><codice_raccomandata>685632277949</codice_raccomandata><data_esito/><tipo_esito/><motivo_inesito>10</motivo_inesito><campo_aggiuntivo/><nome/><cognome/><indirizzo/><cap/><citta/><provincia/></Raccomandata><Raccomandata><nome_file>039750300_57_277.pdf</nome_file><codice_raccomandata>685632264488</codice_raccomandata><data_esito/><tipo_esito/><motivo_inesito>10</motivo_inesito><campo_aggiuntivo/><nome/><cognome/><indirizzo/><cap/><citta/><provincia/></Raccomandata><Raccomandata><nome_file>039750300_57_280.pdf</nome_file><codice_raccomandata>685632263749</codice_raccomandata><data_esito/><tipo_esito/><motivo_inesito>10</motivo_inesito><campo_aggiuntivo/><nome/><cognome/><indirizzo/><cap/><citta/><provincia/></Raccomandata><Raccomandata><nome_file>039750300_57_283.pdf</nome_file><codice_raccomandata>685632268506</codice_raccomandata><data_esito/><tipo_esito/><motivo_inesito>10</motivo_inesito><campo_aggiuntivo/><nome/><cognome/><indirizzo/><cap/><citta/><provincia/></Raccomandata><Raccomandata><nome_file>039750300_57_286.pdf</nome_file><codice_raccomandata>685632268540</codice_raccomandata><data_esito/><tipo_esito/><motivo_inesito>10</motivo_inesito><campo_aggiuntivo/><nome/><cognome/><indirizzo/><cap/><citta/><provincia/></Raccomandata><Raccomandata><nome_file>039750300_57_289.pdf</nome_file><codice_raccomandata>685632263750</codice_raccomandata><data_esito/><tipo_esito/><motivo_inesito>10</motivo_inesito><campo_aggiuntivo/><nome/><cognome/><indirizzo/><cap/><citta/><provincia/></Raccomandata><Raccomandata><nome_file>039750300_57_292.pdf</nome_file><codice_raccomandata>685632274388</codice_raccomandata><data_esito/><tipo_esito/><motivo_inesito>10</motivo_inesito><campo_aggiuntivo/><nome/><cognome/><indirizzo/><cap/><citta/><provincia/></Raccomandata><Raccomandata><nome_file>039750300_57_295.pdf</nome_file><codice_raccomandata>685632274628</codice_raccomandata><data_esito/><tipo_esito/><motivo_inesito>10</motivo_inesito><campo_aggiuntivo/><nome/><cognome/><indirizzo/><cap/><citta/><provincia/></Raccomandata><Raccomandata><nome_file>039750300_57_298.pdf</nome_file><codice_raccomandata>685632283812</codice_raccomandata><data_esito/><tipo_esito/><motivo_inesito>10</motivo_inesito><campo_aggiuntivo/><nome/><cognome/><indirizzo/><cap/><citta/><provincia/></Raccomandata><Raccomandata><nome_file>039750300_57_301.pdf</nome_file><codice_raccomandata>685632265445</codice_raccomandata><data_esito/><tipo_esito/><motivo_inesito>10</motivo_inesito><campo_aggiuntivo/><nome/><cognome/><indirizzo/><cap/><citta/><provincia/></Raccomandata><Raccomandata><nome_file>039750300_57_304.pdf</nome_file><codice_raccomandata>685632281089</codice_raccomandata><data_esito/><tipo_esito/><motivo_inesito>10</motivo_inesito><campo_aggiuntivo/><nome/><cognome/><indirizzo/><cap/><citta/><provincia/></Raccomandata><Raccomandata><nome_file>039750300_57_307.pdf</nome_file><codice_raccomandata>685632272409</codice_raccomandata><data_esito/><tipo_esito/><motivo_inesito>10</motivo_inesito><campo_aggiuntivo/><nome/><cognome/><indirizzo/><cap/><citta/><provincia/></Raccomandata><Raccomandata><nome_file>039750300_57_310.pdf</nome_file><codice_raccomandata>685632272410</codice_raccomandata><data_esito/><tipo_esito/><motivo_inesito>10</motivo_inesito><campo_aggiuntivo/><nome/><cognome/><indirizzo/><cap/><citta/><provincia/></Raccomandata><Raccomandata><nome_file>039750300_57_313.pdf</nome_file><codice_raccomandata>685632283208</codice_raccomandata><data_esito/><tipo_esito/><motivo_inesito>10</motivo_inesito><campo_aggiuntivo/><nome/><cognome/><indirizzo/><cap/><citta/><provincia/></Raccomandata><Raccomandata><nome_file>039750300_57_316.pdf</nome_file><codice_raccomandata>685632283276</codice_raccomandata><data_esito/><tipo_esito/><motivo_inesito>10</motivo_inesito><campo_aggiuntivo/><nome/><cognome/><indirizzo/><cap/><citta/><provincia/></Raccomandata><Raccomandata><nome_file>039750300_57_319.pdf</nome_file><codice_raccomandata>685632274775</codice_raccomandata><data_esito/><tipo_esito/><motivo_inesito>10</motivo_inesito><campo_aggiuntivo/><nome/><cognome/><indirizzo/><cap/><citta/><provincia/></Raccomandata><Raccomandata><nome_file>039750300_57_322.pdf</nome_file><codice_raccomandata>685632275402</codice_raccomandata><data_esito/><tipo_esito/><motivo_inesito>10</motivo_inesito><campo_aggiuntivo/><nome/><cognome/><indirizzo/><cap/><citta/><provincia/></Raccomandata><Raccomandata><nome_file>039750300_57_325.pdf</nome_file><codice_raccomandata>685632275356</codice_raccomandata><data_esito/><tipo_esito/><motivo_inesito>10</motivo_inesito><campo_aggiuntivo/><nome/><cognome/><indirizzo/><cap/><citta/><provincia/></Raccomandata><Raccomandata><nome_file>039750300_57_328.pdf</nome_file><codice_raccomandata>685632276219</codice_raccomandata><data_esito/><tipo_esito/><motivo_inesito>10</motivo_inesito><campo_aggiuntivo/><nome/><cognome/><indirizzo/><cap/><citta/><provincia/></Raccomandata><Raccomandata><nome_file>039750300_57_331.pdf</nome_file><codice_raccomandata>685632275093</codice_raccomandata><data_esito/><tipo_esito/><motivo_inesito>10</motivo_inesito><campo_aggiuntivo/><nome/><cognome/><indirizzo/><cap/><citta/><provincia/></Raccomandata><Raccomandata><nome_file>039750300_57_334.pdf</nome_file><codice_raccomandata>685632276335</codice_raccomandata><data_esito/><tipo_esito/><motivo_inesito>10</motivo_inesito><campo_aggiuntivo/><nome/><cognome/><indirizzo/><cap/><citta/><provincia/></Raccomandata><Raccomandata><nome_file>039750300_57_337.pdf</nome_file><codice_raccomandata>685632275561</codice_raccomandata><data_esito/><tipo_esito/><motivo_inesito>10</motivo_inesito><campo_aggiuntivo/><nome/><cognome/><indirizzo/><cap/><citta/><provincia/></Raccomandata><Raccomandata><nome_file>039750300_57_340.pdf</nome_file><codice_raccomandata>685632276106</codice_raccomandata><data_esito/><tipo_esito/><motivo_inesito>10</motivo_inesito><campo_aggiuntivo/><nome/><cognome/><indirizzo/><cap/><citta/><provincia/></Raccomandata><Raccomandata><nome_file>039750300_57_343.pdf</nome_file><codice_raccomandata>685632276015</codice_raccomandata><data_esito/><tipo_esito/><motivo_inesito>10</motivo_inesito><campo_aggiuntivo/><nome/><cognome/><indirizzo/><cap/><citta/><provincia/></Raccomandata><Raccomandata><nome_file>039750300_57_346.pdf</nome_file><codice_raccomandata>685632275298</codice_raccomandata><data_esito/><tipo_esito/><motivo_inesito>10</motivo_inesito><campo_aggiuntivo/><nome/><cognome/><indirizzo/><cap/><citta/><provincia/></Raccomandata><Raccomandata><nome_file>039750300_57_349.pdf</nome_file><codice_raccomandata>685632273365</codice_raccomandata><data_esito/><tipo_esito/><motivo_inesito>10</motivo_inesito><campo_aggiuntivo/><nome/><cognome/><indirizzo/><cap/><citta/><provincia/></Raccomandata><Raccomandata><nome_file>039750300_57_352.pdf</nome_file><codice_raccomandata>685632268083</codice_raccomandata><data_esito/><tipo_esito/><motivo_inesito>10</motivo_inesito><campo_aggiuntivo/><nome/><cognome/><indirizzo/><cap/><citta/><provincia/></Raccomandata><Raccomandata><nome_file>039750300_57_355.pdf</nome_file><codice_raccomandata>685632268346</codice_raccomandata><data_esito/><tipo_esito/><motivo_inesito>10</motivo_inesito><campo_aggiuntivo/><nome/><cognome/><indirizzo/><cap/><citta/><provincia/></Raccomandata><Raccomandata><nome_file>039750300_57_358.pdf</nome_file><codice_raccomandata>685632268391</codice_raccomandata><data_esito/><tipo_esito/><motivo_inesito>10</motivo_inesito><campo_aggiuntivo/><nome/><cognome/><indirizzo/><cap/><citta/><provincia/></Raccomandata><Raccomandata><nome_file>039750300_57_361.pdf</nome_file><codice_raccomandata>685632268460</codice_raccomandata><data_esito/><tipo_esito/><motivo_inesito>10</motivo_inesito><campo_aggiuntivo/><nome/><cognome/><indirizzo/><cap/><citta/><provincia/></Raccomandata><Raccomandata><nome_file>039750300_57_364.pdf</nome_file><codice_raccomandata>685632268208</codice_raccomandata><data_esito/><tipo_esito/><motivo_inesito>10</motivo_inesito><campo_aggiuntivo/><nome/><cognome/><indirizzo/><cap/><citta/><provincia/></Raccomandata><Raccomandata><nome_file>039750300_57_367.pdf</nome_file><codice_raccomandata>685632268300</codice_raccomandata><data_esito/><tipo_esito/><motivo_inesito>10</motivo_inesito><campo_aggiuntivo/><nome/><cognome/><indirizzo/><cap/><citta/><provincia/></Raccomandata><Raccomandata><nome_file>039750300_57_370.pdf</nome_file><codice_raccomandata>685632268562</codice_raccomandata><data_esito/><tipo_esito/><motivo_inesito>10</motivo_inesito><campo_aggiuntivo/><nome/><cognome/><indirizzo/><cap/><citta/><provincia/></Raccomandata><Raccomandata><nome_file>039750300_57_373.pdf</nome_file><codice_raccomandata>685632269277</codice_raccomandata><data_esito/><tipo_esito/><motivo_inesito>10</motivo_inesito><campo_aggiuntivo/><nome/><cognome/><indirizzo/><cap/><citta/><provincia/></Raccomandata><Raccomandata><nome_file>039750300_57_376.pdf</nome_file><codice_raccomandata>685632273263</codice_raccomandata><data_esito/><tipo_esito/><motivo_inesito>10</motivo_inesito><campo_aggiuntivo/><nome/><cognome/><indirizzo/><cap/><citta/><provincia/></Raccomandata><Raccomandata><nome_file>039750300_57_379.pdf</nome_file><codice_raccomandata>685632277688</codice_raccomandata><data_esito/><tipo_esito/><motivo_inesito>10</motivo_inesito><campo_aggiuntivo/><nome/><cognome/><indirizzo/><cap/><citta/><provincia/></Raccomandata><Raccomandata><nome_file>039750300_57_382.pdf</nome_file><codice_raccomandata>685632264353</codice_raccomandata><data_esito/><tipo_esito/><motivo_inesito>10</motivo_inesito><campo_aggiuntivo/><nome/><cognome/><indirizzo/><cap/><citta/><provincia/></Raccomandata><Raccomandata><nome_file>039750300_57_385.pdf</nome_file><codice_raccomandata>685632280897</codice_raccomandata><data_esito/><tipo_esito/><motivo_inesito>10</motivo_inesito><campo_aggiuntivo/><nome/><cognome/><indirizzo/><cap/><citta/><provincia/></Raccomandata><Raccomandata><nome_file>039750300_57_388.pdf</nome_file><codice_raccomandata>685632281785</codice_raccomandata><data_esito/><tipo_esito/><motivo_inesito>10</motivo_inesito><campo_aggiuntivo/><nome/><cognome/><indirizzo/><cap/><citta/><provincia/></Raccomandata><Raccomandata><nome_file>039750300_57_391.pdf</nome_file><codice_raccomandata>685632283787</codice_raccomandata><data_esito/><tipo_esito/><motivo_inesito>10</motivo_inesito><campo_aggiuntivo/><nome/><cognome/><indirizzo/><cap/><citta/><provincia/></Raccomandata><Raccomandata><nome_file>039750300_57_394.pdf</nome_file><codice_raccomandata>685632264466</codice_raccomandata><data_esito/><tipo_esito/><motivo_inesito>10</motivo_inesito><campo_aggiuntivo/><nome/><cognome/><indirizzo/><cap/><citta/><provincia/></Raccomandata><Raccomandata><nome_file>039750300_57_397.pdf</nome_file><codice_raccomandata>685632273832</codice_raccomandata><data_esito/><tipo_esito/><motivo_inesito>10</motivo_inesito><campo_aggiuntivo/><nome/><cognome/><indirizzo/><cap/><citta/><provincia/></Raccomandata><Raccomandata><nome_file>039750300_57_400.pdf</nome_file><codice_raccomandata>685632268994</codice_raccomandata><data_esito/><tipo_esito/><motivo_inesito>10</motivo_inesito><campo_aggiuntivo/><nome/><cognome/><indirizzo/><cap/><citta/><provincia/></Raccomandata><Raccomandata><nome_file>039750300_57_403.pdf</nome_file><codice_raccomandata>685632273080</codice_raccomandata><data_esito/><tipo_esito/><motivo_inesito>10</motivo_inesito><campo_aggiuntivo/><nome/><cognome/><indirizzo/><cap/><citta/><provincia/></Raccomandata><Raccomandata><nome_file>039750300_57_406.pdf</nome_file><codice_raccomandata>685632272966</codice_raccomandata><data_esito/><tipo_esito/><motivo_inesito>10</motivo_inesito><campo_aggiuntivo/><nome/><cognome/><indirizzo/><cap/><citta/><provincia/></Raccomandata><Raccomandata><nome_file>039750300_57_409.pdf</nome_file><codice_raccomandata>685632273354</codice_raccomandata><data_esito/><tipo_esito/><motivo_inesito>10</motivo_inesito><campo_aggiuntivo/><nome/><cognome/><indirizzo/><cap/><citta/><provincia/></Raccomandata><Raccomandata><nome_file>039750300_57_412.pdf</nome_file><codice_raccomandata>685632282195</codice_raccomandata><data_esito/><tipo_esito/><motivo_inesito>10</motivo_inesito><campo_aggiuntivo/><nome/><cognome/><indirizzo/><cap/><citta/><provincia/></Raccomandata><Raccomandata><nome_file>039750300_57_415.pdf</nome_file><codice_raccomandata>685632280727</codice_raccomandata><data_esito/><tipo_esito/><motivo_inesito>10</motivo_inesito><campo_aggiuntivo/><nome/><cognome/><indirizzo/><cap/><citta/><provincia/></Raccomandata><Raccomandata><nome_file>039750300_57_418.pdf</nome_file><codice_raccomandata>685632281158</codice_raccomandata><data_esito/><tipo_esito/><motivo_inesito>10</motivo_inesito><campo_aggiuntivo/><nome/><cognome/><indirizzo/><cap/><citta/><provincia/></Raccomandata><Raccomandata><nome_file>039750300_57_421.pdf</nome_file><codice_raccomandata>685632271998</codice_raccomandata><data_esito/><tipo_esito/><motivo_inesito>10</motivo_inesito><campo_aggiuntivo/><nome/><cognome/><indirizzo/><cap/><citta/><provincia/></Raccomandata><Raccomandata><nome_file>039750300_57_424.pdf</nome_file><codice_raccomandata>685632284312</codice_raccomandata><data_esito/><tipo_esito/><motivo_inesito>10</motivo_inesito><campo_aggiuntivo/><nome/><cognome/><indirizzo/><cap/><citta/><provincia/></Raccomandata><Raccomandata><nome_file>039750300_57_427.pdf</nome_file><codice_raccomandata>685632268972</codice_raccomandata><data_esito/><tipo_esito/><motivo_inesito>10</motivo_inesito><campo_aggiuntivo/><nome/><cognome/><indirizzo/><cap/><citta/><provincia/></Raccomandata><Raccomandata><nome_file>039750300_57_430.pdf</nome_file><codice_raccomandata>685632283515</codice_raccomandata><data_esito/><tipo_esito/><motivo_inesito>10</motivo_inesito><campo_aggiuntivo/><nome/><cognome/><indirizzo/><cap/><citta/><provincia/></Raccomandata><Raccomandata><nome_file>039750300_57_433.pdf</nome_file><codice_raccomandata>685632263761</codice_raccomandata><data_esito/><tipo_esito/><motivo_inesito>10</motivo_inesito><campo_aggiuntivo/><nome/><cognome/><indirizzo/><cap/><citta/><provincia/></Raccomandata><Raccomandata><nome_file>039750300_57_436.pdf</nome_file><codice_raccomandata>685632268482</codice_raccomandata><data_esito/><tipo_esito/><motivo_inesito>10</motivo_inesito><campo_aggiuntivo/><nome/><cognome/><indirizzo/><cap/><citta/><provincia/></Raccomandata><Raccomandata><nome_file>039750300_57_439.pdf</nome_file><codice_raccomandata>685632282797</codice_raccomandata><data_esito/><tipo_esito/><motivo_inesito>10</motivo_inesito><campo_aggiuntivo/><nome/><cognome/><indirizzo/><cap/><citta/><provincia/></Raccomandata><Raccomandata><nome_file>039750300_57_442.pdf</nome_file><codice_raccomandata>685632270042</codice_raccomandata><data_esito/><tipo_esito/><motivo_inesito>10</motivo_inesito><campo_aggiuntivo/><nome/><cognome/><indirizzo/><cap/><citta/><provincia/></Raccomandata><Raccomandata><nome_file>039750300_57_445.pdf</nome_file><codice_raccomandata>685632270064</codice_raccomandata><data_esito/><tipo_esito/><motivo_inesito>10</motivo_inesito><campo_aggiuntivo/><nome/><cognome/><indirizzo/><cap/><citta/><provincia/></Raccomandata><Raccomandata><nome_file>039750300_57_448.pdf</nome_file><codice_raccomandata>685632280216</codice_raccomandata><data_esito/><tipo_esito/><motivo_inesito>10</motivo_inesito><campo_aggiuntivo/><nome/><cognome/><indirizzo/><cap/><citta/><provincia/></Raccomandata><Raccomandata><nome_file>039750300_57_451.pdf</nome_file><codice_raccomandata>685632265227</codice_raccomandata><data_esito/><tipo_esito/><motivo_inesito>10</motivo_inesito><campo_aggiuntivo/><nome/><cognome/><indirizzo/><cap/><citta/><provincia/></Raccomandata><Raccomandata><nome_file>039750300_57_454.pdf</nome_file><codice_raccomandata>685632267960</codice_raccomandata><data_esito/><tipo_esito/><motivo_inesito>10</motivo_inesito><campo_aggiuntivo/><nome/><cognome/><indirizzo/><cap/><citta/><provincia/></Raccomandata><Raccomandata><nome_file>039750300_57_457.pdf</nome_file><codice_raccomandata>685632268596</codice_raccomandata><data_esito/><tipo_esito/><motivo_inesito>10</motivo_inesito><campo_aggiuntivo/><nome/><cognome/><indirizzo/><cap/><citta/><provincia/></Raccomandata><Raccomandata><nome_file>039750300_57_460.pdf</nome_file><codice_raccomandata>685632264795</codice_raccomandata><data_esito/><tipo_esito/><motivo_inesito>10</motivo_inesito><campo_aggiuntivo/><nome/><cognome/><indirizzo/><cap/><citta/><provincia/></Raccomandata><Raccomandata><nome_file>039750300_57_463.pdf</nome_file><codice_raccomandata>685632281638</codice_raccomandata><data_esito/><tipo_esito/><motivo_inesito>10</motivo_inesito><campo_aggiuntivo/><nome/><cognome/><indirizzo/><cap/><citta/><provincia/></Raccomandata><Raccomandata><nome_file>039750300_57_466.pdf</nome_file><codice_raccomandata>685632282935</codice_raccomandata><data_esito/><tipo_esito/><motivo_inesito>10</motivo_inesito><campo_aggiuntivo/><nome/><cognome/><indirizzo/><cap/><citta/><provincia/></Raccomandata><Raccomandata><nome_file>039750300_57_469.pdf</nome_file><codice_raccomandata>685632283196</codice_raccomandata><data_esito/><tipo_esito/><motivo_inesito>10</motivo_inesito><campo_aggiuntivo/><nome/><cognome/><indirizzo/><cap/><citta/><provincia/></Raccomandata><Raccomandata><nome_file>039750300_57_472.pdf</nome_file><codice_raccomandata>685632282412</codice_raccomandata><data_esito/><tipo_esito/><motivo_inesito>10</motivo_inesito><campo_aggiuntivo/><nome/><cognome/><indirizzo/><cap/><citta/><provincia/></Raccomandata><Raccomandata><nome_file>039750300_57_475.pdf</nome_file><codice_raccomandata>685632279109</codice_raccomandata><data_esito/><tipo_esito/><motivo_inesito>10</motivo_inesito><campo_aggiuntivo/><nome/><cognome/><indirizzo/><cap/><citta/><provincia/></Raccomandata><Raccomandata><nome_file>039750300_57_478.pdf</nome_file><codice_raccomandata>685632264603</codice_raccomandata><data_esito/><tipo_esito/><motivo_inesito>10</motivo_inesito><campo_aggiuntivo/><nome/><cognome/><indirizzo/><cap/><citta/><provincia/></Raccomandata><Raccomandata><nome_file>039750300_57_481.pdf</nome_file><codice_raccomandata>685632281136</codice_raccomandata><data_esito/><tipo_esito/><motivo_inesito>10</motivo_inesito><campo_aggiuntivo/><nome/><cognome/><indirizzo/><cap/><citta/><provincia/></Raccomandata><Raccomandata><nome_file>039750300_57_484.pdf</nome_file><codice_raccomandata>685632282057</codice_raccomandata><data_esito/><tipo_esito/><motivo_inesito>10</motivo_inesito><campo_aggiuntivo/><nome/><cognome/><indirizzo/><cap/><citta/><provincia/></Raccomandata><Raccomandata><nome_file>039750300_57_487.pdf</nome_file><codice_raccomandata>685632264773</codice_raccomandata><data_esito/><tipo_esito/><motivo_inesito>10</motivo_inesito><campo_aggiuntivo/><nome/><cognome/><indirizzo/><cap/><citta/><provincia/></Raccomandata><Raccomandata><nome_file>039750300_57_490.pdf</nome_file><codice_raccomandata>685632269062</codice_raccomandata><data_esito/><tipo_esito/><motivo_inesito>10</motivo_inesito><campo_aggiuntivo/><nome/><cognome/><indirizzo/><cap/><citta/><provincia/></Raccomandata><Raccomandata><nome_file>039750300_57_493.pdf</nome_file><codice_raccomandata>685632268744</codice_raccomandata><data_esito/><tipo_esito/><motivo_inesito>10</motivo_inesito><campo_aggiuntivo/><nome/><cognome/><indirizzo/><cap/><citta/><provincia/></Raccomandata><Raccomandata><nome_file>039750300_57_496.pdf</nome_file><codice_raccomandata>685632280352</codice_raccomandata><data_esito/><tipo_esito/><motivo_inesito>10</motivo_inesito><campo_aggiuntivo/><nome/><cognome/><indirizzo/><cap/><citta/><provincia/></Raccomandata><Raccomandata><nome_file>039750300_57_499.pdf</nome_file><codice_raccomandata>685632280102</codice_raccomandata><data_esito/><tipo_esito/><motivo_inesito>10</motivo_inesito><campo_aggiuntivo/><nome/><cognome/><indirizzo/><cap/><citta/><provincia/></Raccomandata><Raccomandata><nome_file>039750300_57_502.pdf</nome_file><codice_raccomandata>685632279907</codice_raccomandata><data_esito/><tipo_esito/><motivo_inesito>10</motivo_inesito><campo_aggiuntivo/><nome/><cognome/><indirizzo/><cap/><citta/><provincia/></Raccomandata><Raccomandata><nome_file>039750300_57_505.pdf</nome_file><codice_raccomandata>685632396727</codice_raccomandata><data_esito/><tipo_esito/><motivo_inesito>10</motivo_inesito><campo_aggiuntivo/><nome/><cognome/><indirizzo/><cap/><citta/><provincia/></Raccomandata><Raccomandata><nome_file>039750300_57_508.pdf</nome_file><codice_raccomandata>685632278030</codice_raccomandata><data_esito/><tipo_esito/><motivo_inesito>10</motivo_inesito><campo_aggiuntivo/><nome/><cognome/><indirizzo/><cap/><citta/><provincia/></Raccomandata><Raccomandata><nome_file>039750300_57_511.pdf</nome_file><codice_raccomandata>685632282137</codice_raccomandata><data_esito/><tipo_esito/><motivo_inesito>10</motivo_inesito><campo_aggiuntivo/><nome/><cognome/><indirizzo/><cap/><citta/><provincia/></Raccomandata><Raccomandata><nome_file>039750300_57_514.pdf</nome_file><codice_raccomandata>685632280545</codice_raccomandata><data_esito/><tipo_esito/><motivo_inesito>10</motivo_inesito><campo_aggiuntivo/><nome/><cognome/><indirizzo/><cap/><citta/><provincia/></Raccomandata><Raccomandata><nome_file>039750300_57_517.pdf</nome_file><codice_raccomandata>685632282079</codice_raccomandata><data_esito/><tipo_esito/><motivo_inesito>10</motivo_inesito><campo_aggiuntivo/><nome/><cognome/><indirizzo/><cap/><citta/><provincia/></Raccomandata><Raccomandata><nome_file>039750300_57_520.pdf</nome_file><codice_raccomandata>685632281240</codice_raccomandata><data_esito/><tipo_esito/><motivo_inesito>10</motivo_inesito><campo_aggiuntivo/><nome/><cognome/><indirizzo/><cap/><citta/><provincia/></Raccomandata><Raccomandata><nome_file>039750300_57_523.pdf</nome_file><codice_raccomandata>685632270851</codice_raccomandata><data_esito/><tipo_esito/><motivo_inesito>10</motivo_inesito><campo_aggiuntivo/><nome/><cognome/><indirizzo/><cap/><citta/><provincia/></Raccomandata><Raccomandata><nome_file>039750300_57_526.pdf</nome_file><codice_raccomandata>685632270623</codice_raccomandata><data_esito/><tipo_esito/><motivo_inesito>10</motivo_inesito><campo_aggiuntivo/><nome/><cognome/><indirizzo/><cap/><citta/><provincia/></Raccomandata><Raccomandata><nome_file>039750300_57_529.pdf</nome_file><codice_raccomandata>685632283549</codice_raccomandata><data_esito/><tipo_esito/><motivo_inesito>10</motivo_inesito><campo_aggiuntivo/><nome/><cognome/><indirizzo/><cap/><citta/><provincia/></Raccomandata><Raccomandata><nome_file>039750300_57_532.pdf</nome_file><codice_raccomandata>685632283903</codice_raccomandata><data_esito/><tipo_esito/><motivo_inesito>10</motivo_inesito><campo_aggiuntivo/><nome/><cognome/><indirizzo/><cap/><citta/><provincia/></Raccomandata><Raccomandata><nome_file>039750300_57_535.pdf</nome_file><codice_raccomandata>685632283287</codice_raccomandata><data_esito/><tipo_esito/><motivo_inesito>10</motivo_inesito><campo_aggiuntivo/><nome/><cognome/><indirizzo/><cap/><citta/><provincia/></Raccomandata><Raccomandata><nome_file>039750300_57_538.pdf</nome_file><codice_raccomandata>685632283390</codice_raccomandata><data_esito/><tipo_esito/><motivo_inesito>10</motivo_inesito><campo_aggiuntivo/><nome/><cognome/><indirizzo/><cap/><citta/><provincia/></Raccomandata><Raccomandata><nome_file>039750300_57_541.pdf</nome_file><codice_raccomandata>685632277779</codice_raccomandata><data_esito/><tipo_esito/><motivo_inesito>10</motivo_inesito><campo_aggiuntivo/><nome/><cognome/><indirizzo/><cap/><citta/><provincia/></Raccomandata><Raccomandata><nome_file>039750300_57_544.pdf</nome_file><codice_raccomandata>685632277756</codice_raccomandata><data_esito/><tipo_esito/><motivo_inesito>10</motivo_inesito><campo_aggiuntivo/><nome/><cognome/><indirizzo/><cap/><citta/><provincia/></Raccomandata><Raccomandata><nome_file>039750300_57_547.pdf</nome_file><codice_raccomandata>685632264397</codice_raccomandata><data_esito/><tipo_esito/><motivo_inesito>10</motivo_inesito><campo_aggiuntivo/><nome/><cognome/><indirizzo/><cap/><citta/><provincia/></Raccomandata><Raccomandata><nome_file>039750300_57_550.pdf</nome_file><codice_raccomandata>685632282218</codice_raccomandata><data_esito/><tipo_esito/><motivo_inesito>10</motivo_inesito><campo_aggiuntivo/><nome/><cognome/><indirizzo/><cap/><citta/><provincia/></Raccomandata><Raccomandata><nome_file>039750300_57_553.pdf</nome_file><codice_raccomandata>685632282035</codice_raccomandata><data_esito/><tipo_esito/><motivo_inesito>10</motivo_inesito><campo_aggiuntivo/><nome/><cognome/><indirizzo/><cap/><citta/><provincia/></Raccomandata><Raccomandata><nome_file>039750300_57_556.pdf</nome_file><codice_raccomandata>685632277529</codice_raccomandata><data_esito/><tipo_esito/><motivo_inesito>10</motivo_inesito><campo_aggiuntivo/><nome/><cognome/><indirizzo/><cap/><citta/><provincia/></Raccomandata><Raccomandata><nome_file>039750300_57_559.pdf</nome_file><codice_raccomandata>685632276482</codice_raccomandata><data_esito/><tipo_esito/><motivo_inesito>10</motivo_inesito><campo_aggiuntivo/><nome/><cognome/><indirizzo/><cap/><citta/><provincia/></Raccomandata><Raccomandata><nome_file>039750300_57_562.pdf</nome_file><codice_raccomandata>685632277518</codice_raccomandata><data_esito/><tipo_esito/><motivo_inesito>10</motivo_inesito><campo_aggiuntivo/><nome/><cognome/><indirizzo/><cap/><citta/><provincia/></Raccomandata><Raccomandata><nome_file>039750300_57_565.pdf</nome_file><codice_raccomandata>685632277405</codice_raccomandata><data_esito/><tipo_esito/><motivo_inesito>10</motivo_inesito><campo_aggiuntivo/><nome/><cognome/><indirizzo/><cap/><citta/><provincia/></Raccomandata><Raccomandata><nome_file>039750300_57_568.pdf</nome_file><codice_raccomandata>685632276744</codice_raccomandata><data_esito/><tipo_esito/><motivo_inesito>10</motivo_inesito><campo_aggiuntivo/><nome/><cognome/><indirizzo/><cap/><citta/><provincia/></Raccomandata><Raccomandata><nome_file>039750300_57_571.pdf</nome_file><codice_raccomandata>685632276755</codice_raccomandata><data_esito/><tipo_esito/><motivo_inesito>10</motivo_inesito><campo_aggiuntivo/><nome/><cognome/><indirizzo/><cap/><citta/><provincia/></Raccomandata><Raccomandata><nome_file>039750300_57_574.pdf</nome_file><codice_raccomandata>685632270532</codice_raccomandata><data_esito/><tipo_esito/><motivo_inesito>10</motivo_inesito><campo_aggiuntivo/><nome/><cognome/><indirizzo/><cap/><citta/><provincia/></Raccomandata><Raccomandata><nome_file>039750300_57_577.pdf</nome_file><codice_raccomandata>685632270953</codice_raccomandata><data_esito/><tipo_esito/><motivo_inesito>10</motivo_inesito><campo_aggiuntivo/><nome/><cognome/><indirizzo/><cap/><citta/><provincia/></Raccomandata><Raccomandata><nome_file>039750300_57_580.pdf</nome_file><codice_raccomandata>685632271043</codice_raccomandata><data_esito/><tipo_esito/><motivo_inesito>10</motivo_inesito><campo_aggiuntivo/><nome/><cognome/><indirizzo/><cap/><citta/><provincia/></Raccomandata><Raccomandata><nome_file>039750300_57_583.pdf</nome_file><codice_raccomandata>685632270873</codice_raccomandata><data_esito/><tipo_esito/><motivo_inesito>10</motivo_inesito><campo_aggiuntivo/><nome/><cognome/><indirizzo/><cap/><citta/><provincia/></Raccomandata><Raccomandata><nome_file>039750300_57_586.pdf</nome_file><codice_raccomandata>685632277005</codice_raccomandata><data_esito/><tipo_esito/><motivo_inesito>10</motivo_inesito><campo_aggiuntivo/><nome/><cognome/><indirizzo/><cap/><citta/><provincia/></Raccomandata><Raccomandata><nome_file>039750300_57_589.pdf</nome_file><codice_raccomandata>685632280933</codice_raccomandata><data_esito/><tipo_esito/><motivo_inesito>10</motivo_inesito><campo_aggiuntivo/><nome/><cognome/><indirizzo/><cap/><citta/><provincia/></Raccomandata><Raccomandata><nome_file>039750300_57_592.pdf</nome_file><codice_raccomandata>685632269288</codice_raccomandata><data_esito/><tipo_esito/><motivo_inesito>10</motivo_inesito><campo_aggiuntivo/><nome/><cognome/><indirizzo/><cap/><citta/><provincia/></Raccomandata><Raccomandata><nome_file>039750300_57_595.pdf</nome_file><codice_raccomandata>685632270144</codice_raccomandata><data_esito/><tipo_esito/><motivo_inesito>10</motivo_inesito><campo_aggiuntivo/><nome/><cognome/><indirizzo/><cap/><citta/><provincia/></Raccomandata><Raccomandata><nome_file>039750300_57_598.pdf</nome_file><codice_raccomandata>685632268004</codice_raccomandata><data_esito/><tipo_esito/><motivo_inesito>10</motivo_inesito><campo_aggiuntivo/><nome/><cognome/><indirizzo/><cap/><citta/><provincia/></Raccomandata><Raccomandata><nome_file>039750300_57_601.pdf</nome_file><codice_raccomandata>685632268459</codice_raccomandata><data_esito/><tipo_esito/><motivo_inesito>10</motivo_inesito><campo_aggiuntivo/><nome/><cognome/><indirizzo/><cap/><citta/><provincia/></Raccomandata><Raccomandata><nome_file>039750300_57_604.pdf</nome_file><codice_raccomandata>685632273843</codice_raccomandata><data_esito/><tipo_esito/><motivo_inesito>10</motivo_inesito><campo_aggiuntivo/><nome/><cognome/><indirizzo/><cap/><citta/><provincia/></Raccomandata><Raccomandata><nome_file>039750300_57_607.pdf</nome_file><codice_raccomandata>685632273398</codice_raccomandata><data_esito/><tipo_esito/><motivo_inesito>10</motivo_inesito><campo_aggiuntivo/><nome/><cognome/><indirizzo/><cap/><citta/><provincia/></Raccomandata><Raccomandata><nome_file>039750300_57_610.pdf</nome_file><codice_raccomandata>685632273467</codice_raccomandata><data_esito/><tipo_esito/><motivo_inesito>10</motivo_inesito><campo_aggiuntivo/><nome/><cognome/><indirizzo/><cap/><citta/><provincia/></Raccomandata><Raccomandata><nome_file>039750300_57_613.pdf</nome_file><codice_raccomandata>685632273422</codice_raccomandata><data_esito/><tipo_esito/><motivo_inesito>10</motivo_inesito><campo_aggiuntivo/><nome/><cognome/><indirizzo/><cap/><citta/><provincia/></Raccomandata><Raccomandata><nome_file>039750300_57_616.pdf</nome_file><codice_raccomandata>685632273661</codice_raccomandata><data_esito/><tipo_esito/><motivo_inesito>10</motivo_inesito><campo_aggiuntivo/><nome/><cognome/><indirizzo/><cap/><citta/><provincia/></Raccomandata><Raccomandata><nome_file>039750300_57_619.pdf</nome_file><codice_raccomandata>685632273456</codice_raccomandata><data_esito/><tipo_esito/><motivo_inesito>10</motivo_inesito><campo_aggiuntivo/><nome/><cognome/><indirizzo/><cap/><citta/><provincia/></Raccomandata><Raccomandata><nome_file>039750300_57_622.pdf</nome_file><codice_raccomandata>685632273490</codice_raccomandata><data_esito/><tipo_esito/><motivo_inesito>10</motivo_inesito><campo_aggiuntivo/><nome/><cognome/><indirizzo/><cap/><citta/><provincia/></Raccomandata><Raccomandata><nome_file>039750300_57_625.pdf</nome_file><codice_raccomandata>685632273604</codice_raccomandata><data_esito/><tipo_esito/><motivo_inesito>10</motivo_inesito><campo_aggiuntivo/><nome/><cognome/><indirizzo/><cap/><citta/><provincia/></Raccomandata><Raccomandata><nome_file>039750300_57_628.pdf</nome_file><codice_raccomandata>685632273216</codice_raccomandata><data_esito/><tipo_esito/><motivo_inesito>10</motivo_inesito><campo_aggiuntivo/><nome/><cognome/><indirizzo/><cap/><citta/><provincia/></Raccomandata><Raccomandata><nome_file>039750300_57_631.pdf</nome_file><codice_raccomandata>685632273250</codice_raccomandata><data_esito/><tipo_esito/><motivo_inesito>10</motivo_inesito><campo_aggiuntivo/><nome/><cognome/><indirizzo/><cap/><citta/><provincia/></Raccomandata><Raccomandata><nome_file>039750300_57_634.pdf</nome_file><codice_raccomandata>685632263965</codice_raccomandata><data_esito/><tipo_esito/><motivo_inesito>10</motivo_inesito><campo_aggiuntivo/><nome/><cognome/><indirizzo/><cap/><citta/><provincia/></Raccomandata><Raccomandata><nome_file>039750300_57_637.pdf</nome_file><codice_raccomandata>685632272499</codice_raccomandata><data_esito/><tipo_esito/><motivo_inesito>10</motivo_inesito><campo_aggiuntivo/><nome/><cognome/><indirizzo/><cap/><citta/><provincia/></Raccomandata><Raccomandata><nome_file>039750300_57_640.pdf</nome_file><codice_raccomandata>685632272488</codice_raccomandata><data_esito/><tipo_esito/><motivo_inesito>10</motivo_inesito><campo_aggiuntivo/><nome/><cognome/><indirizzo/><cap/><citta/><provincia/></Raccomandata><Raccomandata><nome_file>039750300_57_643.pdf</nome_file><codice_raccomandata>685632272705</codice_raccomandata><data_esito/><tipo_esito/><motivo_inesito>10</motivo_inesito><campo_aggiuntivo/><nome/><cognome/><indirizzo/><cap/><citta/><provincia/></Raccomandata><Raccomandata><nome_file>039750300_57_646.pdf</nome_file><codice_raccomandata>685632272795</codice_raccomandata><data_esito/><tipo_esito/><motivo_inesito>10</motivo_inesito><campo_aggiuntivo/><nome/><cognome/><indirizzo/><cap/><citta/><provincia/></Raccomandata><Raccomandata><nome_file>039750300_57_649.pdf</nome_file><codice_raccomandata>685632272740</codice_raccomandata><data_esito/><tipo_esito/><motivo_inesito>10</motivo_inesito><campo_aggiuntivo/><nome/><cognome/><indirizzo/><cap/><citta/><provincia/></Raccomandata><Raccomandata><nome_file>039750300_57_652.pdf</nome_file><codice_raccomandata>685632272455</codice_raccomandata><data_esito/><tipo_esito/><motivo_inesito>10</motivo_inesito><campo_aggiuntivo/><nome/><cognome/><indirizzo/><cap/><citta/><provincia/></Raccomandata><Raccomandata><nome_file>039750300_57_655.pdf</nome_file><codice_raccomandata>685632272728</codice_raccomandata><data_esito/><tipo_esito/><motivo_inesito>10</motivo_inesito><campo_aggiuntivo/><nome/><cognome/><indirizzo/><cap/><citta/><provincia/></Raccomandata><Raccomandata><nome_file>039750300_57_658.pdf</nome_file><codice_raccomandata>685632283710</codice_raccomandata><data_esito/><tipo_esito/><motivo_inesito>10</motivo_inesito><campo_aggiuntivo/><nome/><cognome/><indirizzo/><cap/><citta/><provincia/></Raccomandata><Raccomandata><nome_file>039750300_57_661.pdf</nome_file><codice_raccomandata>685632268983</codice_raccomandata><data_esito/><tipo_esito/><motivo_inesito>10</motivo_inesito><campo_aggiuntivo/><nome/><cognome/><indirizzo/><cap/><citta/><provincia/></Raccomandata><Raccomandata><nome_file>039750300_57_664.pdf</nome_file><codice_raccomandata>685632266946</codice_raccomandata><data_esito/><tipo_esito/><motivo_inesito>10</motivo_inesito><campo_aggiuntivo/><nome/><cognome/><indirizzo/><cap/><citta/><provincia/></Raccomandata><Raccomandata><nome_file>039750300_57_667.pdf</nome_file><codice_raccomandata>685632273569</codice_raccomandata><data_esito/><tipo_esito/><motivo_inesito>10</motivo_inesito><campo_aggiuntivo/><nome/><cognome/><indirizzo/><cap/><citta/><provincia/></Raccomandata><Raccomandata><nome_file>039750300_57_670.pdf</nome_file><codice_raccomandata>685632273445</codice_raccomandata><data_esito/><tipo_esito/><motivo_inesito>10</motivo_inesito><campo_aggiuntivo/><nome/><cognome/><indirizzo/><cap/><citta/><provincia/></Raccomandata><Raccomandata><nome_file>039750300_57_673.pdf</nome_file><codice_raccomandata>685632273513</codice_raccomandata><data_esito/><tipo_esito/><motivo_inesito>10</motivo_inesito><campo_aggiuntivo/><nome/><cognome/><indirizzo/><cap/><citta/><provincia/></Raccomandata><Raccomandata><nome_file>039750300_57_676.pdf</nome_file><codice_raccomandata>685632273502</codice_raccomandata><data_esito/><tipo_esito/><motivo_inesito>10</motivo_inesito><campo_aggiuntivo/><nome/><cognome/><indirizzo/><cap/><citta/><provincia/></Raccomandata><Raccomandata><nome_file>039750300_57_679.pdf</nome_file><codice_raccomandata>685632273331</codice_raccomandata><data_esito/><tipo_esito/><motivo_inesito>10</motivo_inesito><campo_aggiuntivo/><nome/><cognome/><indirizzo/><cap/><citta/><provincia/></Raccomandata><Raccomandata><nome_file>039750300_57_682.pdf</nome_file><codice_raccomandata>685632273558</codice_raccomandata><data_esito/><tipo_esito/><motivo_inesito>10</motivo_inesito><campo_aggiuntivo/><nome/><cognome/><indirizzo/><cap/><citta/><provincia/></Raccomandata><Raccomandata><nome_file>039750300_57_685.pdf</nome_file><codice_raccomandata>685632273809</codice_raccomandata><data_esito/><tipo_esito/><motivo_inesito>10</motivo_inesito><campo_aggiuntivo/><nome/><cognome/><indirizzo/><cap/><citta/><provincia/></Raccomandata><Raccomandata><nome_file>039750300_57_688.pdf</nome_file><codice_raccomandata>685632273683</codice_raccomandata><data_esito/><tipo_esito/><motivo_inesito>10</motivo_inesito><campo_aggiuntivo/><nome/><cognome/><indirizzo/><cap/><citta/><provincia/></Raccomandata><Raccomandata><nome_file>039750300_57_691.pdf</nome_file><codice_raccomandata>685632273320</codice_raccomandata><data_esito/><tipo_esito/><motivo_inesito>10</motivo_inesito><campo_aggiuntivo/><nome/><cognome/><indirizzo/><cap/><citta/><provincia/></Raccomandata><Raccomandata><nome_file>039750300_57_694.pdf</nome_file><codice_raccomandata>685632264705</codice_raccomandata><data_esito/><tipo_esito/><motivo_inesito>10</motivo_inesito><campo_aggiuntivo/><nome/><cognome/><indirizzo/><cap/><citta/><provincia/></Raccomandata><Raccomandata><nome_file>039750300_57_697.pdf</nome_file><codice_raccomandata>685632280432</codice_raccomandata><data_esito/><tipo_esito/><motivo_inesito>10</motivo_inesito><campo_aggiuntivo/><nome/><cognome/><indirizzo/><cap/><citta/><provincia/></Raccomandata><Raccomandata><nome_file>039750300_57_700.pdf</nome_file><codice_raccomandata>685632280409</codice_raccomandata><data_esito/><tipo_esito/><motivo_inesito>10</motivo_inesito><campo_aggiuntivo/><nome/><cognome/><indirizzo/><cap/><citta/><provincia/></Raccomandata></Spedizione>
